,GEOID,Agency No.,geodesic_distance_miles,estimated_road_distance_miles,distance_meters,distance_text,drive_time_seconds,total_traveltime,drive_time_text,road_factor,average_speed_mph,status,Latitude,Longitude,TRACT_LAT_COL,TRACT_LNG_COL,County
0,37183052002.0,Fuquay-Varina Growers Market,16.899,21.124,33995.414,21.1 mi,2535,42.25,42 mins,1.25,30,ESTIMATED,,,35.767308,-78.599006,183
1,37183052002.0,Pine Acres Community Center,16.936,21.17,34070.453,21.2 mi,2540,42.333,42 mins,1.25,30,ESTIMATED,,,35.767308,-78.599006,183
2,37183052002.0,Sherrill’s University of Cosmetology,2.207,2.759,4440.499,2.8 mi,331,5.517,6 mins,1.25,30,ESTIMATED,,,35.767308,-78.599006,183
3,37183052002.0,Raleigh Church of Christ,6.967,8.708,14014.9,8.7 mi,1045,17.417,17 mins,1.25,30,ESTIMATED,,,35.767308,-78.599006,183
4,37183052002.0,The Rock Church,3.629,4.536,7299.784,4.5 mi,544,9.067,9 mins,1.25,30,ESTIMATED,,,35.767308,-78.599006,183
5,37183052002.0,Regeneration Temple,4.882,6.103,9821.81,6.1 mi,732,12.2,12 mins,1.25,30,ESTIMATED,,,35.767308,-78.599006,183
6,37183052002.0,Redeeming Love Missionary Baptist Church,1.394,1.742,2803.498,1.7 mi,209,3.483,3 mins,1.25,30,ESTIMATED,,,35.767308,-78.599006,183
7,37183052002.0,Historic Oak View Park,1.532,1.915,3081.68,1.9 mi,230,3.833,4 mins,1.25,30,ESTIMATED,,,35.767308,-78.599006,183
8,37183052002.0,Poe Center for Health Ed.,1.183,1.479,2380.783,1.5 mi,178,2.967,3 mins,1.25,30,ESTIMATED,,,35.767308,-78.599006,183
9,37183052002.0,New Hope Baptist Church,5.434,6.792,10930.513,6.8 mi,815,13.583,14 mins,1.25,30,ESTIMATED,,,35.767308,-78.599006,183
10,37183052002.0,Wake County Public Health,1.117,1.397,2247.756,1.4 mi,168,2.8,3 mins,1.25,30,ESTIMATED,,,35.767308,-78.599006,183
11,37183052002.0,Peach Road Community Center,3.563,4.453,7167.058,4.5 mi,534,8.9,9 mins,1.25,30,ESTIMATED,,,35.767308,-78.599006,183
12,37183052002.0,Wake County Northern Regional Center,14.855,18.569,29884.143,18.6 mi,2228,37.133,37 mins,1.25,30,ESTIMATED,,,35.767308,-78.599006,183
13,37183052002.0,Wendell Parks and Recreation,12.241,15.302,24625.821,15.3 mi,1836,30.6,31 mins,1.25,30,ESTIMATED,,,35.767308,-78.599006,183
14,37183052002.0,Beech Bluff County Park,13.346,16.682,26847.043,16.7 mi,2002,33.367,33 mins,1.25,30,ESTIMATED,,,35.767308,-78.599006,183
15,37183052002.0,Wakefield Missionary Baptist,16.551,20.688,33294.422,20.7 mi,2483,41.383,41 mins,1.25,30,ESTIMATED,,,35.767308,-78.599006,183
16,37183053507.0,Fuquay-Varina Growers Market,13.409,16.761,26974.065,16.8 mi,2011,33.517,34 mins,1.25,30,ESTIMATED,,,35.779256,-78.791398,183
17,37183053507.0,Pine Acres Community Center,13.475,16.844,27108.095,16.8 mi,2021,33.683,34 mins,1.25,30,ESTIMATED,,,35.779256,-78.791398,183
18,37183053507.0,Sherrill’s University of Cosmetology,11.589,14.486,23312.527,14.5 mi,1738,28.967,29 mins,1.25,30,ESTIMATED,,,35.779256,-78.791398,183
19,37183053507.0,Raleigh Church of Christ,3.85,4.813,7745.173,4.8 mi,578,9.633,10 mins,1.25,30,ESTIMATED,,,35.779256,-78.791398,183
20,37183053507.0,The Rock Church,11.693,14.616,23521.713,14.6 mi,1754,29.233,29 mins,1.25,30,ESTIMATED,,,35.779256,-78.791398,183
21,37183053507.0,Regeneration Temple,11.425,14.281,22983.66,14.3 mi,1714,28.567,29 mins,1.25,30,ESTIMATED,,,35.779256,-78.791398,183
22,37183053507.0,Redeeming Love Missionary Baptist Church,11.466,14.332,23065.091,14.3 mi,1720,28.667,29 mins,1.25,30,ESTIMATED,,,35.779256,-78.791398,183
23,37183053507.0,Historic Oak View Park,12.319,15.399,24782.446,15.4 mi,1848,30.8,31 mins,1.25,30,ESTIMATED,,,35.779256,-78.791398,183
24,37183053507.0,Poe Center for Health Ed.,11.636,14.544,23406.979,14.5 mi,1745,29.083,29 mins,1.25,30,ESTIMATED,,,35.779256,-78.791398,183
25,37183053507.0,New Hope Baptist Church,12.906,16.133,25962.8,16.1 mi,1936,32.267,32 mins,1.25,30,ESTIMATED,,,35.779256,-78.791398,183
26,37183053507.0,Wake County Public Health,11.484,14.355,23101.473,14.4 mi,1723,28.717,29 mins,1.25,30,ESTIMATED,,,35.779256,-78.791398,183
27,37183053507.0,Peach Road Community Center,8.068,10.085,16229.473,10.1 mi,1210,20.167,20 mins,1.25,30,ESTIMATED,,,35.779256,-78.791398,183
28,37183053507.0,Wake County Northern Regional Center,20.509,25.636,41256.695,25.6 mi,3076,51.267,51 mins,1.25,30,ESTIMATED,,,35.779256,-78.791398,183
29,37183053507.0,Wendell Parks and Recreation,22.98,28.726,46229.39,28.7 mi,3447,57.45,57 mins,1.25,30,ESTIMATED,,,35.779256,-78.791398,183
30,37183053507.0,Beech Bluff County Park,14.792,18.49,29756.573,18.5 mi,2219,36.983,37 mins,1.25,30,ESTIMATED,,,35.779256,-78.791398,183
31,37183053507.0,Wakefield Missionary Baptist,26.881,33.602,54076.77,33.6 mi,4032,67.2,1 hr 7 mins,1.25,30,ESTIMATED,,,35.779256,-78.791398,183
32,37183054006.0,Fuquay-Varina Growers Market,22.017,27.522,44291.959,27.5 mi,3303,55.05,55 mins,1.25,30,ESTIMATED,,,35.873995,-78.633921,183
33,37183054006.0,Pine Acres Community Center,22.07,27.588,44398.338,27.6 mi,3311,55.183,55 mins,1.25,30,ESTIMATED,,,35.873995,-78.633921,183
34,37183054006.0,Sherrill’s University of Cosmetology,5.937,7.421,11942.539,7.4 mi,890,14.833,15 mins,1.25,30,ESTIMATED,,,35.873995,-78.633921,183
35,37183054006.0,Raleigh Church of Christ,8.435,10.543,16967.885,10.5 mi,1265,21.083,21 mins,1.25,30,ESTIMATED,,,35.873995,-78.633921,183
36,37183054006.0,The Rock Church,4.56,5.7,9173.583,5.7 mi,684,11.4,11 mins,1.25,30,ESTIMATED,,,35.873995,-78.633921,183
37,37183054006.0,Regeneration Temple,3.106,3.882,6247.411,3.9 mi,466,7.767,8 mins,1.25,30,ESTIMATED,,,35.873995,-78.633921,183
38,37183054006.0,Redeeming Love Missionary Baptist Church,9.015,11.269,18135.629,11.3 mi,1352,22.533,23 mins,1.25,30,ESTIMATED,,,35.873995,-78.633921,183
39,37183054006.0,Historic Oak View Park,7.967,9.959,16027.901,10.0 mi,1195,19.917,20 mins,1.25,30,ESTIMATED,,,35.873995,-78.633921,183
40,37183054006.0,Poe Center for Health Ed.,7.125,8.907,14333.811,8.9 mi,1069,17.817,18 mins,1.25,30,ESTIMATED,,,35.873995,-78.633921,183
41,37183054006.0,New Hope Baptist Church,3.908,4.885,7861.542,4.9 mi,586,9.767,10 mins,1.25,30,ESTIMATED,,,35.873995,-78.633921,183
42,37183054006.0,Wake County Public Health,7.021,8.777,14124.48,8.8 mi,1053,17.55,18 mins,1.25,30,ESTIMATED,,,35.873995,-78.633921,183
43,37183054006.0,Peach Road Community Center,9.153,11.442,18413.386,11.4 mi,1373,22.883,23 mins,1.25,30,ESTIMATED,,,35.873995,-78.633921,183
44,37183054006.0,Wake County Northern Regional Center,9.567,11.958,19245.088,12.0 mi,1435,23.917,24 mins,1.25,30,ESTIMATED,,,35.873995,-78.633921,183
45,37183054006.0,Wendell Parks and Recreation,15.492,19.365,31164.842,19.4 mi,2324,38.733,39 mins,1.25,30,ESTIMATED,,,35.873995,-78.633921,183
46,37183054006.0,Beech Bluff County Park,20.095,25.119,40424.549,25.1 mi,3014,50.233,50 mins,1.25,30,ESTIMATED,,,35.873995,-78.633921,183
47,37183054006.0,Wakefield Missionary Baptist,17.877,22.346,35963.176,22.3 mi,2682,44.7,45 mins,1.25,30,ESTIMATED,,,35.873995,-78.633921,183
48,37183053713.0,Fuquay-Varina Growers Market,21.021,26.276,42287.648,26.3 mi,3153,52.55,53 mins,1.25,30,ESTIMATED,,,35.876755,-78.692569,183
49,37183053713.0,Pine Acres Community Center,21.08,26.35,42406.345,26.4 mi,3162,52.7,53 mins,1.25,30,ESTIMATED,,,35.876755,-78.692569,183
50,37183053713.0,Sherrill’s University of Cosmetology,8.11,10.138,16315.634,10.1 mi,1217,20.283,20 mins,1.25,30,ESTIMATED,,,35.876755,-78.692569,183
51,37183053713.0,Raleigh Church of Christ,7.199,8.999,14482.171,9.0 mi,1080,18.0,18 mins,1.25,30,ESTIMATED,,,35.876755,-78.692569,183
52,37183053713.0,The Rock Church,7.052,8.815,14186.002,8.8 mi,1058,17.633,18 mins,1.25,30,ESTIMATED,,,35.876755,-78.692569,183
53,37183053713.0,Regeneration Temple,5.797,7.246,11662.003,7.2 mi,870,14.5,14 mins,1.25,30,ESTIMATED,,,35.876755,-78.692569,183
54,37183053713.0,Redeeming Love Missionary Baptist Church,10.556,13.194,21234.418,13.2 mi,1583,26.383,26 mins,1.25,30,ESTIMATED,,,35.876755,-78.692569,183
55,37183053713.0,Historic Oak View Park,9.994,12.492,20103.888,12.5 mi,1499,24.983,25 mins,1.25,30,ESTIMATED,,,35.876755,-78.692569,183
56,37183053713.0,Poe Center for Health Ed.,9.085,11.356,18276.389,11.4 mi,1363,22.717,23 mins,1.25,30,ESTIMATED,,,35.876755,-78.692569,183
57,37183053713.0,New Hope Baptist Church,6.966,8.707,14012.798,8.7 mi,1045,17.417,17 mins,1.25,30,ESTIMATED,,,35.876755,-78.692569,183
58,37183053713.0,Wake County Public Health,8.947,11.184,17998.759,11.2 mi,1342,22.367,22 mins,1.25,30,ESTIMATED,,,35.876755,-78.692569,183
59,37183053713.0,Peach Road Community Center,9.508,11.885,19126.689,11.9 mi,1426,23.767,24 mins,1.25,30,ESTIMATED,,,35.876755,-78.692569,183
60,37183053713.0,Wake County Northern Regional Center,12.041,15.052,24223.313,15.1 mi,1806,30.1,30 mins,1.25,30,ESTIMATED,,,35.876755,-78.692569,183
61,37183053713.0,Wendell Parks and Recreation,18.606,23.257,37428.506,23.3 mi,2791,46.517,47 mins,1.25,30,ESTIMATED,,,35.876755,-78.692569,183
62,37183053713.0,Beech Bluff County Park,20.138,25.172,40510.345,25.2 mi,3021,50.35,50 mins,1.25,30,ESTIMATED,,,35.876755,-78.692569,183
63,37183053713.0,Wakefield Missionary Baptist,21.159,26.449,42564.79,26.4 mi,3174,52.9,53 mins,1.25,30,ESTIMATED,,,35.876755,-78.692569,183
64,37183053004.0,Fuquay-Varina Growers Market,10.554,13.193,21232.13,13.2 mi,1583,26.383,26 mins,1.25,30,ESTIMATED,,,35.735658,-78.766843,183
65,37183053004.0,Pine Acres Community Center,10.617,13.272,21358.675,13.3 mi,1593,26.55,27 mins,1.25,30,ESTIMATED,,,35.735658,-78.766843,183
66,37183053004.0,Sherrill’s University of Cosmetology,11.008,13.76,22144.126,13.8 mi,1651,27.517,28 mins,1.25,30,ESTIMATED,,,35.735658,-78.766843,183
67,37183053004.0,Raleigh Church of Christ,3.696,4.619,7434.278,4.6 mi,554,9.233,9 mins,1.25,30,ESTIMATED,,,35.735658,-78.766843,183
68,37183053004.0,The Rock Church,11.536,14.42,23206.093,14.4 mi,1730,28.833,29 mins,1.25,30,ESTIMATED,,,35.735658,-78.766843,183
69,37183053004.0,Regeneration Temple,11.687,14.609,23510.959,14.6 mi,1753,29.217,29 mins,1.25,30,ESTIMATED,,,35.735658,-78.766843,183
70,37183053004.0,Redeeming Love Missionary Baptist Church,9.93,12.413,19976.233,12.4 mi,1490,24.833,25 mins,1.25,30,ESTIMATED,,,35.735658,-78.766843,183
71,37183053004.0,Historic Oak View Park,11.188,13.985,22506.184,14.0 mi,1678,27.967,28 mins,1.25,30,ESTIMATED,,,35.735658,-78.766843,183
72,37183053004.0,Poe Center for Health Ed.,10.694,13.367,21512.88,13.4 mi,1604,26.733,27 mins,1.25,30,ESTIMATED,,,35.735658,-78.766843,183
73,37183053004.0,New Hope Baptist Church,13.077,16.346,26306.463,16.3 mi,1962,32.7,33 mins,1.25,30,ESTIMATED,,,35.735658,-78.766843,183
74,37183053004.0,Wake County Public Health,10.562,13.203,21248.128,13.2 mi,1584,26.4,26 mins,1.25,30,ESTIMATED,,,35.735658,-78.766843,183
75,37183053004.0,Peach Road Community Center,6.303,7.879,12679.88,7.9 mi,945,15.75,16 mins,1.25,30,ESTIMATED,,,35.735658,-78.766843,183
76,37183053004.0,Wake County Northern Regional Center,21.632,27.039,43515.854,27.0 mi,3245,54.083,54 mins,1.25,30,ESTIMATED,,,35.735658,-78.766843,183
77,37183053004.0,Wendell Parks and Recreation,21.85,27.313,43955.482,27.3 mi,3278,54.633,55 mins,1.25,30,ESTIMATED,,,35.735658,-78.766843,183
78,37183053004.0,Beech Bluff County Park,11.48,14.35,23094.313,14.4 mi,1722,28.7,29 mins,1.25,30,ESTIMATED,,,35.735658,-78.766843,183
79,37183053004.0,Wakefield Missionary Baptist,26.192,32.74,52690.595,32.7 mi,3929,65.483,1 hr 5 mins,1.25,30,ESTIMATED,,,35.735658,-78.766843,183
80,37183053519.0,Fuquay-Varina Growers Market,12.415,15.519,24975.342,15.5 mi,1862,31.033,31 mins,1.25,30,ESTIMATED,,,35.764805,-78.789685,183
81,37183053519.0,Pine Acres Community Center,12.482,15.602,25108.9,15.6 mi,1872,31.2,31 mins,1.25,30,ESTIMATED,,,35.764805,-78.789685,183
82,37183053519.0,Sherrill’s University of Cosmetology,11.646,14.557,23427.156,14.6 mi,1747,29.117,29 mins,1.25,30,ESTIMATED,,,35.764805,-78.789685,183
83,37183053519.0,Raleigh Church of Christ,3.818,4.772,7680.311,4.8 mi,573,9.55,10 mins,1.25,30,ESTIMATED,,,35.764805,-78.789685,183
84,37183053519.0,The Rock Church,11.877,14.847,23893.133,14.8 mi,1782,29.7,30 mins,1.25,30,ESTIMATED,,,35.764805,-78.789685,183
85,37183053519.0,Regeneration Temple,11.731,14.663,23598.342,14.7 mi,1760,29.333,29 mins,1.25,30,ESTIMATED,,,35.764805,-78.789685,183
86,37183053519.0,Redeeming Love Missionary Baptist Church,11.228,14.035,22586.666,14.0 mi,1684,28.067,28 mins,1.25,30,ESTIMATED,,,35.764805,-78.789685,183
87,37183053519.0,Historic Oak View Park,12.214,15.268,24571.167,15.3 mi,1832,30.533,31 mins,1.25,30,ESTIMATED,,,35.764805,-78.789685,183
88,37183053519.0,Poe Center for Health Ed.,11.583,14.479,23302.068,14.5 mi,1738,28.967,29 mins,1.25,30,ESTIMATED,,,35.764805,-78.789685,183
89,37183053519.0,New Hope Baptist Church,13.196,16.495,26546.516,16.5 mi,1979,32.983,33 mins,1.25,30,ESTIMATED,,,35.764805,-78.789685,183
90,37183053519.0,Wake County Public Health,11.436,14.295,23006.335,14.3 mi,1715,28.583,29 mins,1.25,30,ESTIMATED,,,35.764805,-78.789685,183
91,37183053519.0,Peach Road Community Center,7.718,9.648,15527.06,9.6 mi,1158,19.3,19 mins,1.25,30,ESTIMATED,,,35.764805,-78.789685,183
92,37183053519.0,Wake County Northern Regional Center,21.094,26.368,42434.982,26.4 mi,3164,52.733,53 mins,1.25,30,ESTIMATED,,,35.764805,-78.789685,183
93,37183053519.0,Wendell Parks and Recreation,22.918,28.648,46103.97,28.6 mi,3438,57.3,57 mins,1.25,30,ESTIMATED,,,35.764805,-78.789685,183
94,37183053519.0,Beech Bluff County Park,13.852,17.315,27865.239,17.3 mi,2078,34.633,35 mins,1.25,30,ESTIMATED,,,35.764805,-78.789685,183
95,37183053519.0,Wakefield Missionary Baptist,26.963,33.704,54240.548,33.7 mi,4044,67.4,1 hr 7 mins,1.25,30,ESTIMATED,,,35.764805,-78.789685,183
96,37183053604.0,Fuquay-Varina Growers Market,15.457,19.321,31094.882,19.3 mi,2319,38.65,39 mins,1.25,30,ESTIMATED,,,35.804642,-78.854478,183
97,37183053604.0,Pine Acres Community Center,15.527,19.409,31235.452,19.4 mi,2329,38.817,39 mins,1.25,30,ESTIMATED,,,35.804642,-78.854478,183
98,37183053604.0,Sherrill’s University of Cosmetology,15.062,18.827,30299.439,18.8 mi,2259,37.65,38 mins,1.25,30,ESTIMATED,,,35.804642,-78.854478,183
99,37183053604.0,Raleigh Church of Christ,7.646,9.558,15381.326,9.6 mi,1147,19.117,19 mins,1.25,30,ESTIMATED,,,35.804642,-78.854478,183
100,37183053604.0,The Rock Church,14.929,18.662,30033.07,18.7 mi,2239,37.317,37 mins,1.25,30,ESTIMATED,,,35.804642,-78.854478,183
101,37183053604.0,Regeneration Temple,14.398,17.998,28965.076,18.0 mi,2160,36.0,36 mins,1.25,30,ESTIMATED,,,35.804642,-78.854478,183
102,37183053604.0,Redeeming Love Missionary Baptist Church,15.302,19.127,30782.031,19.1 mi,2295,38.25,38 mins,1.25,30,ESTIMATED,,,35.804642,-78.854478,183
103,37183053604.0,Historic Oak View Park,16.015,20.018,32216.236,20.0 mi,2402,40.033,40 mins,1.25,30,ESTIMATED,,,35.804642,-78.854478,183
104,37183053604.0,Poe Center for Health Ed.,15.27,19.088,30719.255,19.1 mi,2291,38.183,38 mins,1.25,30,ESTIMATED,,,35.804642,-78.854478,183
105,37183053604.0,New Hope Baptist Church,15.879,19.849,31943.245,19.8 mi,2382,39.7,40 mins,1.25,30,ESTIMATED,,,35.804642,-78.854478,183
106,37183053604.0,Wake County Public Health,15.114,18.892,30404.274,18.9 mi,2267,37.783,38 mins,1.25,30,ESTIMATED,,,35.804642,-78.854478,183
107,37183053604.0,Peach Road Community Center,11.987,14.984,24114.668,15.0 mi,1798,29.967,30 mins,1.25,30,ESTIMATED,,,35.804642,-78.854478,183
108,37183053604.0,Wake County Northern Regional Center,22.377,27.971,45015.318,28.0 mi,3357,55.95,56 mins,1.25,30,ESTIMATED,,,35.804642,-78.854478,183
109,37183053604.0,Wendell Parks and Recreation,26.555,33.194,53420.122,33.2 mi,3983,66.383,1 hr 6 mins,1.25,30,ESTIMATED,,,35.804642,-78.854478,183
110,37183053604.0,Beech Bluff County Park,18.052,22.565,36315.517,22.6 mi,2708,45.133,45 mins,1.25,30,ESTIMATED,,,35.804642,-78.854478,183
111,37183053604.0,Wakefield Missionary Baptist,30.182,37.727,60716.047,37.7 mi,4527,75.45,1 hr 15 mins,1.25,30,ESTIMATED,,,35.804642,-78.854478,183
112,37183052812.0,Fuquay-Varina Growers Market,12.571,15.713,25288.134,15.7 mi,1886,31.433,31 mins,1.25,30,ESTIMATED,,,35.68639,-78.614024,183
113,37183052812.0,Pine Acres Community Center,12.592,15.74,25331.38,15.7 mi,1889,31.483,31 mins,1.25,30,ESTIMATED,,,35.68639,-78.614024,183
114,37183052812.0,Sherrill’s University of Cosmetology,7.832,9.791,15756.403,9.8 mi,1175,19.583,20 mins,1.25,30,ESTIMATED,,,35.68639,-78.614024,183
115,37183052812.0,Raleigh Church of Christ,8.671,10.838,17442.302,10.8 mi,1301,21.683,22 mins,1.25,30,ESTIMATED,,,35.68639,-78.614024,183
116,37183052812.0,The Rock Church,9.283,11.603,18673.549,11.6 mi,1392,23.2,23 mins,1.25,30,ESTIMATED,,,35.68639,-78.614024,183
117,37183052812.0,Regeneration Temple,10.499,13.123,21119.779,13.1 mi,1575,26.25,26 mins,1.25,30,ESTIMATED,,,35.68639,-78.614024,183
118,37183052812.0,Redeeming Love Missionary Baptist Church,4.481,5.602,9015.187,5.6 mi,672,11.2,11 mins,1.25,30,ESTIMATED,,,35.68639,-78.614024,183
119,37183052812.0,Historic Oak View Park,6.255,7.819,12583.02,7.8 mi,938,15.633,16 mins,1.25,30,ESTIMATED,,,35.68639,-78.614024,183
120,37183052812.0,Poe Center for Health Ed.,6.633,8.291,13343.505,8.3 mi,995,16.583,17 mins,1.25,30,ESTIMATED,,,35.68639,-78.614024,183
121,37183052812.0,New Hope Baptist Church,11.074,13.842,22277.195,13.8 mi,1661,27.683,28 mins,1.25,30,ESTIMATED,,,35.68639,-78.614024,183
122,37183052812.0,Wake County Public Health,6.644,8.305,13365.081,8.3 mi,997,16.617,17 mins,1.25,30,ESTIMATED,,,35.68639,-78.614024,183
123,37183052812.0,Peach Road Community Center,4.507,5.634,9066.433,5.6 mi,676,11.267,11 mins,1.25,30,ESTIMATED,,,35.68639,-78.614024,183
124,37183052812.0,Wake County Northern Regional Center,20.436,25.546,41111.636,25.5 mi,3065,51.083,51 mins,1.25,30,ESTIMATED,,,35.68639,-78.614024,183
125,37183052812.0,Wendell Parks and Recreation,14.638,18.298,29447.416,18.3 mi,2196,36.6,37 mins,1.25,30,ESTIMATED,,,35.68639,-78.614024,183
126,37183052812.0,Beech Bluff County Park,7.876,9.845,15843.453,9.8 mi,1181,19.683,20 mins,1.25,30,ESTIMATED,,,35.68639,-78.614024,183
127,37183052812.0,Wakefield Missionary Baptist,19.715,24.644,39660.925,24.6 mi,2957,49.283,49 mins,1.25,30,ESTIMATED,,,35.68639,-78.614024,183
128,37183052905.0,Fuquay-Varina Growers Market,7.016,8.77,14113.48,8.8 mi,1052,17.533,18 mins,1.25,30,ESTIMATED,,,35.598676,-78.676379,183
129,37183052905.0,Pine Acres Community Center,7.006,8.757,14093.312,8.8 mi,1051,17.517,18 mins,1.25,30,ESTIMATED,,,35.598676,-78.676379,183
130,37183052905.0,Sherrill’s University of Cosmetology,14.641,18.302,29453.644,18.3 mi,2196,36.6,37 mins,1.25,30,ESTIMATED,,,35.598676,-78.676379,183
131,37183052905.0,Raleigh Church of Christ,12.493,15.616,25131.608,15.6 mi,1874,31.233,31 mins,1.25,30,ESTIMATED,,,35.598676,-78.676379,183
132,37183052905.0,The Rock Church,16.009,20.011,32204.809,20.0 mi,2401,40.017,40 mins,1.25,30,ESTIMATED,,,35.598676,-78.676379,183
133,37183052905.0,Regeneration Temple,17.068,21.335,34335.367,21.3 mi,2560,42.667,43 mins,1.25,30,ESTIMATED,,,35.598676,-78.676379,183
134,37183052905.0,Redeeming Love Missionary Baptist Church,11.411,14.264,22956.285,14.3 mi,1712,28.533,29 mins,1.25,30,ESTIMATED,,,35.598676,-78.676379,183
135,37183052905.0,Historic Oak View Park,13.223,16.529,26600.495,16.5 mi,1983,33.05,33 mins,1.25,30,ESTIMATED,,,35.598676,-78.676379,183
136,37183052905.0,Poe Center for Health Ed.,13.512,16.89,27181.337,16.9 mi,2027,33.783,34 mins,1.25,30,ESTIMATED,,,35.598676,-78.676379,183
137,37183052905.0,New Hope Baptist Church,17.846,22.307,35899.49,22.3 mi,2677,44.617,45 mins,1.25,30,ESTIMATED,,,35.598676,-78.676379,183
138,37183052905.0,Wake County Public Health,13.5,16.875,27157.093,16.9 mi,2025,33.75,34 mins,1.25,30,ESTIMATED,,,35.598676,-78.676379,183
139,37183052905.0,Peach Road Community Center,10.018,12.523,20153.113,12.5 mi,1503,25.05,25 mins,1.25,30,ESTIMATED,,,35.598676,-78.676379,183
140,37183052905.0,Wake County Northern Regional Center,27.288,34.11,54895.405,34.1 mi,4093,68.217,1 hr 8 mins,1.25,30,ESTIMATED,,,35.598676,-78.676379,183
141,37183052905.0,Wendell Parks and Recreation,20.863,26.079,41970.51,26.1 mi,3130,52.167,52 mins,1.25,30,ESTIMATED,,,35.598676,-78.676379,183
142,37183052905.0,Beech Bluff County Park,0.925,1.156,1860.824,1.2 mi,139,2.317,2 mins,1.25,30,ESTIMATED,,,35.598676,-78.676379,183
143,37183052905.0,Wakefield Missionary Baptist,26.13,32.662,52565.12,32.7 mi,3919,65.317,1 hr 5 mins,1.25,30,ESTIMATED,,,35.598676,-78.676379,183
144,37183052306.0,Fuquay-Varina Growers Market,12.505,15.632,25156.583,15.6 mi,1876,31.267,31 mins,1.25,30,ESTIMATED,,,35.751647,-78.712318,183
145,37183052306.0,Pine Acres Community Center,12.56,15.7,25265.898,15.7 mi,1884,31.4,31 mins,1.25,30,ESTIMATED,,,35.751647,-78.712318,183
146,37183052306.0,Sherrill’s University of Cosmetology,7.763,9.704,15616.413,9.7 mi,1164,19.4,19 mins,1.25,30,ESTIMATED,,,35.751647,-78.712318,183
147,37183052306.0,Raleigh Church of Christ,1.751,2.189,3522.55,2.2 mi,263,4.383,4 mins,1.25,30,ESTIMATED,,,35.751647,-78.712318,183
148,37183052306.0,The Rock Church,8.355,10.444,16808.462,10.4 mi,1253,20.883,21 mins,1.25,30,ESTIMATED,,,35.751647,-78.712318,183
149,37183052306.0,Regeneration Temple,8.639,10.799,17379.481,10.8 mi,1296,21.6,22 mins,1.25,30,ESTIMATED,,,35.751647,-78.712318,183
150,37183052306.0,Redeeming Love Missionary Baptist Church,6.837,8.546,13752.929,8.5 mi,1025,17.083,17 mins,1.25,30,ESTIMATED,,,35.751647,-78.712318,183
151,37183052306.0,Historic Oak View Park,7.976,9.97,16044.585,10.0 mi,1196,19.933,20 mins,1.25,30,ESTIMATED,,,35.751647,-78.712318,183
152,37183052306.0,Poe Center for Health Ed.,7.451,9.314,14989.975,9.3 mi,1118,18.633,19 mins,1.25,30,ESTIMATED,,,35.751647,-78.712318,183
153,37183052306.0,New Hope Baptist Church,9.971,12.463,20057.546,12.5 mi,1496,24.933,25 mins,1.25,30,ESTIMATED,,,35.751647,-78.712318,183
154,37183052306.0,Wake County Public Health,7.318,9.147,14720.776,9.1 mi,1098,18.3,18 mins,1.25,30,ESTIMATED,,,35.751647,-78.712318,183
155,37183052306.0,Peach Road Community Center,3.287,4.108,6611.567,4.1 mi,493,8.217,8 mins,1.25,30,ESTIMATED,,,35.751647,-78.712318,183
156,37183052306.0,Wake County Northern Regional Center,18.844,23.555,37908.18,23.6 mi,2827,47.117,47 mins,1.25,30,ESTIMATED,,,35.751647,-78.712318,183
157,37183052306.0,Wendell Parks and Recreation,18.672,23.34,37562.469,23.3 mi,2801,46.683,47 mins,1.25,30,ESTIMATED,,,35.751647,-78.712318,183
158,37183052306.0,Beech Bluff County Park,11.628,14.535,23392.513,14.5 mi,1744,29.067,29 mins,1.25,30,ESTIMATED,,,35.751647,-78.712318,183
159,37183052306.0,Wakefield Missionary Baptist,22.949,28.687,46166.826,28.7 mi,3442,57.367,57 mins,1.25,30,ESTIMATED,,,35.751647,-78.712318,183
160,37183051800.0,Fuquay-Varina Growers Market,17.968,22.46,36145.383,22.5 mi,2695,44.917,45 mins,1.25,30,ESTIMATED,,,35.808103,-78.634987,183
161,37183051800.0,Pine Acres Community Center,18.016,22.519,36241.541,22.5 mi,2702,45.033,45 mins,1.25,30,ESTIMATED,,,35.808103,-78.634987,183
162,37183051800.0,Sherrill’s University of Cosmetology,2.851,3.563,5734.734,3.6 mi,428,7.133,7 mins,1.25,30,ESTIMATED,,,35.808103,-78.634987,183
163,37183051800.0,Raleigh Church of Christ,5.416,6.77,10895.433,6.8 mi,812,13.533,14 mins,1.25,30,ESTIMATED,,,35.808103,-78.634987,183
164,37183051800.0,The Rock Church,2.707,3.384,5445.922,3.4 mi,406,6.767,7 mins,1.25,30,ESTIMATED,,,35.808103,-78.634987,183
165,37183051800.0,Regeneration Temple,2.816,3.519,5664.051,3.5 mi,422,7.033,7 mins,1.25,30,ESTIMATED,,,35.808103,-78.634987,183
166,37183051800.0,Redeeming Love Missionary Baptist Church,4.823,6.029,9702.836,6.0 mi,723,12.05,12 mins,1.25,30,ESTIMATED,,,35.808103,-78.634987,183
167,37183051800.0,Historic Oak View Park,4.399,5.498,8848.46,5.5 mi,660,11.0,11 mins,1.25,30,ESTIMATED,,,35.808103,-78.634987,183
168,37183051800.0,Poe Center for Health Ed.,3.494,4.368,7029.131,4.4 mi,524,8.733,9 mins,1.25,30,ESTIMATED,,,35.808103,-78.634987,183
169,37183051800.0,New Hope Baptist Church,4.152,5.19,8351.835,5.2 mi,623,10.383,10 mins,1.25,30,ESTIMATED,,,35.808103,-78.634987,183
170,37183051800.0,Wake County Public Health,3.342,4.177,6722.389,4.2 mi,501,8.35,8 mins,1.25,30,ESTIMATED,,,35.808103,-78.634987,183
171,37183051800.0,Peach Road Community Center,4.66,5.825,9373.658,5.8 mi,699,11.65,12 mins,1.25,30,ESTIMATED,,,35.808103,-78.634987,183
172,37183051800.0,Wake County Northern Regional Center,13.175,16.468,26502.975,16.5 mi,1976,32.933,33 mins,1.25,30,ESTIMATED,,,35.808103,-78.634987,183
173,37183051800.0,Wendell Parks and Recreation,14.319,17.899,28805.473,17.9 mi,2148,35.8,36 mins,1.25,30,ESTIMATED,,,35.808103,-78.634987,183
174,37183051800.0,Beech Bluff County Park,15.58,19.475,31342.094,19.5 mi,2337,38.95,39 mins,1.25,30,ESTIMATED,,,35.808103,-78.634987,183
175,37183051800.0,Wakefield Missionary Baptist,17.921,22.401,36051.383,22.4 mi,2688,44.8,45 mins,1.25,30,ESTIMATED,,,35.808103,-78.634987,183
176,37183051200.0,Fuquay-Varina Growers Market,16.225,20.281,32638.665,20.3 mi,2434,40.567,41 mins,1.25,30,ESTIMATED,,,35.791704,-78.662251,183
177,37183051200.0,Pine Acres Community Center,16.275,20.343,32739.335,20.3 mi,2441,40.683,41 mins,1.25,30,ESTIMATED,,,35.791704,-78.662251,183
178,37183051200.0,Sherrill’s University of Cosmetology,4.3,5.375,8650.058,5.4 mi,645,10.75,11 mins,1.25,30,ESTIMATED,,,35.791704,-78.662251,183
179,37183051200.0,Raleigh Church of Christ,3.577,4.472,7196.675,4.5 mi,537,8.95,9 mins,1.25,30,ESTIMATED,,,35.791704,-78.662251,183
180,37183051200.0,The Rock Church,4.54,5.675,9133.629,5.7 mi,681,11.35,11 mins,1.25,30,ESTIMATED,,,35.791704,-78.662251,183
181,37183051200.0,Regeneration Temple,4.698,5.873,9451.789,5.9 mi,705,11.75,12 mins,1.25,30,ESTIMATED,,,35.791704,-78.662251,183
182,37183051200.0,Redeeming Love Missionary Baptist Church,5.016,6.27,10090.767,6.3 mi,752,12.533,13 mins,1.25,30,ESTIMATED,,,35.791704,-78.662251,183
183,37183051200.0,Historic Oak View Park,5.277,6.596,10614.818,6.6 mi,791,13.183,13 mins,1.25,30,ESTIMATED,,,35.791704,-78.662251,183
184,37183051200.0,Poe Center for Health Ed.,4.48,5.6,9012.347,5.6 mi,672,11.2,11 mins,1.25,30,ESTIMATED,,,35.791704,-78.662251,183
185,37183051200.0,New Hope Baptist Church,6.054,7.567,12178.281,7.6 mi,908,15.133,15 mins,1.25,30,ESTIMATED,,,35.791704,-78.662251,183
186,37183051200.0,Wake County Public Health,4.321,5.402,8693.46,5.4 mi,648,10.8,11 mins,1.25,30,ESTIMATED,,,35.791704,-78.662251,183
187,37183051200.0,Peach Road Community Center,3.418,4.273,6876.58,4.3 mi,513,8.55,9 mins,1.25,30,ESTIMATED,,,35.791704,-78.662251,183
188,37183051200.0,Wake County Northern Regional Center,14.959,18.699,30092.809,18.7 mi,2244,37.4,37 mins,1.25,30,ESTIMATED,,,35.791704,-78.662251,183
189,37183051200.0,Wendell Parks and Recreation,15.752,19.69,31687.835,19.7 mi,2363,39.383,39 mins,1.25,30,ESTIMATED,,,35.791704,-78.662251,183
190,37183051200.0,Beech Bluff County Park,14.279,17.849,28725.608,17.8 mi,2142,35.7,36 mins,1.25,30,ESTIMATED,,,35.791704,-78.662251,183
191,37183051200.0,Wakefield Missionary Baptist,19.6,24.5,39428.37,24.5 mi,2940,49.0,49 mins,1.25,30,ESTIMATED,,,35.791704,-78.662251,183
192,37183053714.0,Fuquay-Varina Growers Market,20.915,26.144,42074.549,26.1 mi,3137,52.283,52 mins,1.25,30,ESTIMATED,,,35.873435,-78.685779,183
193,37183053714.0,Pine Acres Community Center,20.973,26.217,42191.657,26.2 mi,3146,52.433,52 mins,1.25,30,ESTIMATED,,,35.873435,-78.685779,183
194,37183053714.0,Sherrill’s University of Cosmetology,7.676,9.595,15441.037,9.6 mi,1151,19.183,19 mins,1.25,30,ESTIMATED,,,35.873435,-78.685779,183
195,37183053714.0,Raleigh Church of Christ,7.079,8.848,14239.717,8.8 mi,1062,17.7,18 mins,1.25,30,ESTIMATED,,,35.873435,-78.685779,183
196,37183053714.0,The Rock Church,6.609,8.261,13294.338,8.3 mi,991,16.517,17 mins,1.25,30,ESTIMATED,,,35.873435,-78.685779,183
197,37183053714.0,Regeneration Temple,5.354,6.693,10770.726,6.7 mi,803,13.383,13 mins,1.25,30,ESTIMATED,,,35.873435,-78.685779,183
198,37183053714.0,Redeeming Love Missionary Baptist Church,10.159,12.698,20435.717,12.7 mi,1524,25.4,25 mins,1.25,30,ESTIMATED,,,35.873435,-78.685779,183
199,37183053714.0,Historic Oak View Park,9.568,11.96,19248.243,12.0 mi,1435,23.917,24 mins,1.25,30,ESTIMATED,,,35.873435,-78.685779,183
200,37183053714.0,Poe Center for Health Ed.,8.661,10.826,17423.024,10.8 mi,1299,21.65,22 mins,1.25,30,ESTIMATED,,,35.873435,-78.685779,183
201,37183053714.0,New Hope Baptist Church,6.532,8.165,13140.095,8.2 mi,980,16.333,16 mins,1.25,30,ESTIMATED,,,35.873435,-78.685779,183
202,37183053714.0,Wake County Public Health,8.524,10.655,17147.87,10.7 mi,1279,21.317,21 mins,1.25,30,ESTIMATED,,,35.873435,-78.685779,183
203,37183053714.0,Peach Road Community Center,9.205,11.506,18517.556,11.5 mi,1381,23.017,23 mins,1.25,30,ESTIMATED,,,35.873435,-78.685779,183
204,37183053714.0,Wake County Northern Regional Center,11.85,14.813,23838.761,14.8 mi,1778,29.633,30 mins,1.25,30,ESTIMATED,,,35.873435,-78.685779,183
205,37183053714.0,Wendell Parks and Recreation,18.17,22.712,36551.274,22.7 mi,2725,45.417,45 mins,1.25,30,ESTIMATED,,,35.873435,-78.685779,183
206,37183053714.0,Beech Bluff County Park,19.898,24.872,40027.878,24.9 mi,2985,49.75,50 mins,1.25,30,ESTIMATED,,,35.873435,-78.685779,183
207,37183053714.0,Wakefield Missionary Baptist,20.755,25.944,41752.214,25.9 mi,3113,51.883,52 mins,1.25,30,ESTIMATED,,,35.873435,-78.685779,183
208,37183050400.0,Fuquay-Varina Growers Market,17.222,21.527,34644.935,21.5 mi,2583,43.05,43 mins,1.25,30,ESTIMATED,,,35.795558,-78.635302,183
209,37183050400.0,Pine Acres Community Center,17.268,21.585,34738.48,21.6 mi,2590,43.167,43 mins,1.25,30,ESTIMATED,,,35.795558,-78.635302,183
210,37183050400.0,Sherrill’s University of Cosmetology,2.774,3.468,5581.117,3.5 mi,416,6.933,7 mins,1.25,30,ESTIMATED,,,35.795558,-78.635302,183
211,37183050400.0,Raleigh Church of Christ,5.1,6.375,10259.649,6.4 mi,765,12.75,13 mins,1.25,30,ESTIMATED,,,35.795558,-78.635302,183
212,37183050400.0,The Rock Church,3.082,3.852,6199.104,3.9 mi,462,7.7,8 mins,1.25,30,ESTIMATED,,,35.795558,-78.635302,183
213,37183050400.0,Regeneration Temple,3.51,4.388,7061.878,4.4 mi,527,8.783,9 mins,1.25,30,ESTIMATED,,,35.795558,-78.635302,183
214,37183050400.0,Redeeming Love Missionary Baptist Church,4.117,5.146,8282.005,5.1 mi,618,10.3,10 mins,1.25,30,ESTIMATED,,,35.795558,-78.635302,183
215,37183050400.0,Historic Oak View Park,3.961,4.951,7967.837,5.0 mi,594,9.9,10 mins,1.25,30,ESTIMATED,,,35.795558,-78.635302,183
216,37183050400.0,Poe Center for Health Ed.,3.099,3.873,6233.691,3.9 mi,465,7.75,8 mins,1.25,30,ESTIMATED,,,35.795558,-78.635302,183
217,37183050400.0,New Hope Baptist Church,4.728,5.91,9510.59,5.9 mi,709,11.817,12 mins,1.25,30,ESTIMATED,,,35.795558,-78.635302,183
218,37183050400.0,Wake County Public Health,2.939,3.674,5913.045,3.7 mi,441,7.35,7 mins,1.25,30,ESTIMATED,,,35.795558,-78.635302,183
219,37183050400.0,Peach Road Community Center,3.818,4.773,7681.153,4.8 mi,573,9.55,10 mins,1.25,30,ESTIMATED,,,35.795558,-78.635302,183
220,37183050400.0,Wake County Northern Regional Center,13.928,17.409,28017.679,17.4 mi,2089,34.817,35 mins,1.25,30,ESTIMATED,,,35.795558,-78.635302,183
221,37183050400.0,Wendell Parks and Recreation,14.257,17.821,28680.211,17.8 mi,2139,35.65,36 mins,1.25,30,ESTIMATED,,,35.795558,-78.635302,183
222,37183050400.0,Beech Bluff County Park,14.722,18.403,29616.151,18.4 mi,2208,36.8,37 mins,1.25,30,ESTIMATED,,,35.795558,-78.635302,183
223,37183050400.0,Wakefield Missionary Baptist,18.066,22.583,36343.238,22.6 mi,2710,45.167,45 mins,1.25,30,ESTIMATED,,,35.795558,-78.635302,183
224,37183050800.0,Fuquay-Varina Growers Market,15.909,19.886,32004.102,19.9 mi,2386,39.767,40 mins,1.25,30,ESTIMATED,,,35.765539,-78.62374,183
225,37183050800.0,Pine Acres Community Center,15.95,19.937,32086.137,19.9 mi,2392,39.867,40 mins,1.25,30,ESTIMATED,,,35.765539,-78.62374,183
226,37183050800.0,Sherrill’s University of Cosmetology,3.06,3.825,6155.475,3.8 mi,459,7.65,8 mins,1.25,30,ESTIMATED,,,35.765539,-78.62374,183
227,37183050800.0,Raleigh Church of Christ,5.6,7.0,11264.763,7.0 mi,840,14.0,14 mins,1.25,30,ESTIMATED,,,35.765539,-78.62374,183
228,37183050800.0,The Rock Church,4.194,5.243,8437.498,5.2 mi,629,10.483,10 mins,1.25,30,ESTIMATED,,,35.765539,-78.62374,183
229,37183050800.0,Regeneration Temple,5.166,6.458,10393.136,6.5 mi,775,12.917,13 mins,1.25,30,ESTIMATED,,,35.765539,-78.62374,183
230,37183050800.0,Redeeming Love Missionary Baptist Church,2.211,2.764,4447.841,2.8 mi,332,5.533,6 mins,1.25,30,ESTIMATED,,,35.765539,-78.62374,183
231,37183050800.0,Historic Oak View Park,2.923,3.654,5880.59,3.7 mi,438,7.3,7 mins,1.25,30,ESTIMATED,,,35.765539,-78.62374,183
232,37183050800.0,Poe Center for Health Ed.,2.429,3.036,4886.294,3.0 mi,364,6.067,6 mins,1.25,30,ESTIMATED,,,35.765539,-78.62374,183
233,37183050800.0,New Hope Baptist Church,6.038,7.547,12146.272,7.5 mi,906,15.1,15 mins,1.25,30,ESTIMATED,,,35.765539,-78.62374,183
234,37183050800.0,Wake County Public Health,2.311,2.888,4647.992,2.9 mi,347,5.783,6 mins,1.25,30,ESTIMATED,,,35.765539,-78.62374,183
235,37183050800.0,Peach Road Community Center,2.354,2.942,4735.006,2.9 mi,353,5.883,6 mins,1.25,30,ESTIMATED,,,35.765539,-78.62374,183
236,37183050800.0,Wake County Northern Regional Center,15.483,19.353,31146.249,19.4 mi,2322,38.7,39 mins,1.25,30,ESTIMATED,,,35.765539,-78.62374,183
237,37183050800.0,Wendell Parks and Recreation,13.633,17.042,27426.148,17.0 mi,2045,34.083,34 mins,1.25,30,ESTIMATED,,,35.765539,-78.62374,183
238,37183050800.0,Beech Bluff County Park,12.824,16.03,25798.528,16.0 mi,1924,32.067,32 mins,1.25,30,ESTIMATED,,,35.765539,-78.62374,183
239,37183050800.0,Wakefield Missionary Baptist,17.911,22.389,36031.921,22.4 mi,2687,44.783,45 mins,1.25,30,ESTIMATED,,,35.765539,-78.62374,183
240,37183052705.0,Fuquay-Varina Growers Market,19.978,24.973,40189.601,25.0 mi,2997,49.95,50 mins,1.25,30,ESTIMATED,,,35.824313,-78.599737,183
241,37183052705.0,Pine Acres Community Center,20.023,25.029,40279.856,25.0 mi,3003,50.05,50 mins,1.25,30,ESTIMATED,,,35.824313,-78.599737,183
242,37183052705.0,Sherrill’s University of Cosmetology,2.014,2.518,4052.474,2.5 mi,302,5.033,5 mins,1.25,30,ESTIMATED,,,35.824313,-78.599737,183
243,37183052705.0,Raleigh Church of Christ,7.68,9.601,15450.522,9.6 mi,1152,19.2,19 mins,1.25,30,ESTIMATED,,,35.824313,-78.599737,183
244,37183052705.0,The Rock Church,0.717,0.897,1443.032,0.9 mi,108,1.8,2 mins,1.25,30,ESTIMATED,,,35.824313,-78.599737,183
245,37183052705.0,Regeneration Temple,0.945,1.181,1900.064,1.2 mi,142,2.367,2 mins,1.25,30,ESTIMATED,,,35.824313,-78.599737,183
246,37183052705.0,Redeeming Love Missionary Baptist Church,5.273,6.591,10607.796,6.6 mi,791,13.183,13 mins,1.25,30,ESTIMATED,,,35.824313,-78.599737,183
247,37183052705.0,Historic Oak View Park,4.05,5.062,8146.781,5.1 mi,607,10.117,10 mins,1.25,30,ESTIMATED,,,35.824313,-78.599737,183
248,37183052705.0,Poe Center for Health Ed.,3.242,4.052,6521.173,4.1 mi,486,8.1,8 mins,1.25,30,ESTIMATED,,,35.824313,-78.599737,183
249,37183052705.0,New Hope Baptist Church,1.914,2.392,3850.096,2.4 mi,287,4.783,5 mins,1.25,30,ESTIMATED,,,35.824313,-78.599737,183
250,37183052705.0,Wake County Public Health,3.155,3.944,6347.43,3.9 mi,473,7.883,8 mins,1.25,30,ESTIMATED,,,35.824313,-78.599737,183
251,37183052705.0,Peach Road Community Center,6.434,8.042,12942.291,8.0 mi,965,16.083,16 mins,1.25,30,ESTIMATED,,,35.824313,-78.599737,183
252,37183052705.0,Wake County Northern Regional Center,11.234,14.043,22600.174,14.0 mi,1685,28.083,28 mins,1.25,30,ESTIMATED,,,35.824313,-78.599737,183
253,37183052705.0,Wendell Parks and Recreation,12.569,15.711,25284.944,15.7 mi,1885,31.417,31 mins,1.25,30,ESTIMATED,,,35.824313,-78.599737,183
254,37183052705.0,Beech Bluff County Park,17.094,21.367,34386.692,21.4 mi,2564,42.733,43 mins,1.25,30,ESTIMATED,,,35.824313,-78.599737,183
255,37183052705.0,Wakefield Missionary Baptist,15.847,19.808,31878.375,19.8 mi,2377,39.617,40 mins,1.25,30,ESTIMATED,,,35.824313,-78.599737,183
256,37183052505.0,Fuquay-Varina Growers Market,19.494,24.367,39214.891,24.4 mi,2924,48.733,49 mins,1.25,30,ESTIMATED,,,35.847414,-78.671536,183
257,37183052505.0,Pine Acres Community Center,19.549,24.436,39326.458,24.4 mi,2932,48.867,49 mins,1.25,30,ESTIMATED,,,35.847414,-78.671536,183
258,37183052505.0,Sherrill’s University of Cosmetology,5.914,7.393,11897.159,7.4 mi,887,14.783,15 mins,1.25,30,ESTIMATED,,,35.847414,-78.671536,183
259,37183052505.0,Raleigh Church of Christ,5.741,7.177,11549.551,7.2 mi,861,14.35,14 mins,1.25,30,ESTIMATED,,,35.847414,-78.671536,183
260,37183052505.0,The Rock Church,5.038,6.297,10134.807,6.3 mi,756,12.6,13 mins,1.25,30,ESTIMATED,,,35.847414,-78.671536,183
261,37183052505.0,Regeneration Temple,4.017,5.021,8079.989,5.0 mi,602,10.033,10 mins,1.25,30,ESTIMATED,,,35.847414,-78.671536,183
262,37183052505.0,Redeeming Love Missionary Baptist Church,8.214,10.268,16524.599,10.3 mi,1232,20.533,21 mins,1.25,30,ESTIMATED,,,35.847414,-78.671536,183
263,37183052505.0,Historic Oak View Park,7.721,9.651,15531.27,9.7 mi,1158,19.3,19 mins,1.25,30,ESTIMATED,,,35.847414,-78.671536,183
264,37183052505.0,Poe Center for Health Ed.,6.809,8.511,13697.674,8.5 mi,1021,17.017,17 mins,1.25,30,ESTIMATED,,,35.847414,-78.671536,183
265,37183052505.0,New Hope Baptist Church,5.406,6.758,10875.9,6.8 mi,811,13.517,14 mins,1.25,30,ESTIMATED,,,35.847414,-78.671536,183
266,37183052505.0,Wake County Public Health,6.666,8.332,13409.309,8.3 mi,1000,16.667,17 mins,1.25,30,ESTIMATED,,,35.847414,-78.671536,183
267,37183052505.0,Peach Road Community Center,7.302,9.128,14690.082,9.1 mi,1095,18.25,18 mins,1.25,30,ESTIMATED,,,35.847414,-78.671536,183
268,37183052505.0,Wake County Northern Regional Center,12.358,15.448,24861.216,15.4 mi,1854,30.9,31 mins,1.25,30,ESTIMATED,,,35.847414,-78.671536,183
269,37183052505.0,Wendell Parks and Recreation,16.861,21.076,33918.921,21.1 mi,2529,42.15,42 mins,1.25,30,ESTIMATED,,,35.847414,-78.671536,183
270,37183052505.0,Beech Bluff County Park,18.102,22.627,36414.966,22.6 mi,2715,45.25,45 mins,1.25,30,ESTIMATED,,,35.847414,-78.671536,183
271,37183052505.0,Wakefield Missionary Baptist,19.837,24.796,39905.224,24.8 mi,2976,49.6,50 mins,1.25,30,ESTIMATED,,,35.847414,-78.671536,183
272,37183052507.0,Fuquay-Varina Growers Market,19.075,23.844,38373.342,23.8 mi,2861,47.683,48 mins,1.25,30,ESTIMATED,,,35.850145,-78.704063,183
273,37183052507.0,Pine Acres Community Center,19.134,23.918,38492.395,23.9 mi,2870,47.833,48 mins,1.25,30,ESTIMATED,,,35.850145,-78.704063,183
274,37183052507.0,Sherrill’s University of Cosmetology,7.558,9.448,15205.104,9.4 mi,1134,18.9,19 mins,1.25,30,ESTIMATED,,,35.850145,-78.704063,183
275,37183052507.0,Raleigh Church of Christ,5.264,6.58,10589.539,6.6 mi,790,13.167,13 mins,1.25,30,ESTIMATED,,,35.850145,-78.704063,183
276,37183052507.0,The Rock Church,6.811,8.514,13702.376,8.5 mi,1022,17.033,17 mins,1.25,30,ESTIMATED,,,35.850145,-78.704063,183
277,37183052507.0,Regeneration Temple,5.846,7.307,11759.702,7.3 mi,877,14.617,15 mins,1.25,30,ESTIMATED,,,35.850145,-78.704063,183
278,37183052507.0,Redeeming Love Missionary Baptist Church,9.486,11.857,19082.123,11.9 mi,1423,23.717,24 mins,1.25,30,ESTIMATED,,,35.850145,-78.704063,183
279,37183052507.0,Historic Oak View Park,9.237,11.546,18581.912,11.5 mi,1386,23.1,23 mins,1.25,30,ESTIMATED,,,35.850145,-78.704063,183
280,37183052507.0,Poe Center for Health Ed.,8.331,10.414,16760.006,10.4 mi,1250,20.833,21 mins,1.25,30,ESTIMATED,,,35.850145,-78.704063,183
281,37183052507.0,New Hope Baptist Church,7.236,9.045,14556.08,9.0 mi,1085,18.083,18 mins,1.25,30,ESTIMATED,,,35.850145,-78.704063,183
282,37183052507.0,Wake County Public Health,8.18,10.225,16454.958,10.2 mi,1227,20.45,20 mins,1.25,30,ESTIMATED,,,35.850145,-78.704063,183
283,37183052507.0,Peach Road Community Center,7.927,9.909,15946.956,9.9 mi,1189,19.817,20 mins,1.25,30,ESTIMATED,,,35.850145,-78.704063,183
284,37183052507.0,Wake County Northern Regional Center,13.624,17.03,27407.588,17.0 mi,2044,34.067,34 mins,1.25,30,ESTIMATED,,,35.850145,-78.704063,183
285,37183052507.0,Wendell Parks and Recreation,18.67,23.338,37558.351,23.3 mi,2801,46.683,47 mins,1.25,30,ESTIMATED,,,35.850145,-78.704063,183
286,37183052507.0,Beech Bluff County Park,18.338,22.922,36890.057,22.9 mi,2751,45.85,46 mins,1.25,30,ESTIMATED,,,35.850145,-78.704063,183
287,37183052507.0,Wakefield Missionary Baptist,21.663,27.079,43579.047,27.1 mi,3249,54.15,54 mins,1.25,30,ESTIMATED,,,35.850145,-78.704063,183
288,37183052603.0,Fuquay-Varina Growers Market,19.038,23.797,38297.884,23.8 mi,2856,47.6,48 mins,1.25,30,ESTIMATED,,,35.829752,-78.643544,183
289,37183052603.0,Pine Acres Community Center,19.089,23.861,38400.254,23.9 mi,2863,47.717,48 mins,1.25,30,ESTIMATED,,,35.829752,-78.643544,183
290,37183052603.0,Sherrill’s University of Cosmetology,3.929,4.912,7904.636,4.9 mi,589,9.817,10 mins,1.25,30,ESTIMATED,,,35.829752,-78.643544,183
291,37183052603.0,Raleigh Church of Christ,5.815,7.268,11697.338,7.3 mi,872,14.533,15 mins,1.25,30,ESTIMATED,,,35.829752,-78.643544,183
292,37183052603.0,The Rock Church,3.162,3.953,6361.797,4.0 mi,474,7.9,8 mins,1.25,30,ESTIMATED,,,35.829752,-78.643544,183
293,37183052603.0,Regeneration Temple,2.462,3.077,4952.075,3.1 mi,369,6.15,6 mins,1.25,30,ESTIMATED,,,35.829752,-78.643544,183
294,37183052603.0,Redeeming Love Missionary Baptist Church,6.362,7.952,12797.6,8.0 mi,954,15.9,16 mins,1.25,30,ESTIMATED,,,35.829752,-78.643544,183
295,37183052603.0,Historic Oak View Park,5.747,7.184,11561.764,7.2 mi,862,14.367,14 mins,1.25,30,ESTIMATED,,,35.829752,-78.643544,183
296,37183052603.0,Poe Center for Health Ed.,4.837,6.046,9730.526,6.0 mi,726,12.1,12 mins,1.25,30,ESTIMATED,,,35.829752,-78.643544,183
297,37183052603.0,New Hope Baptist Church,3.949,4.936,7943.67,4.9 mi,592,9.867,10 mins,1.25,30,ESTIMATED,,,35.829752,-78.643544,183
298,37183052603.0,Wake County Public Health,4.697,5.871,9448.811,5.9 mi,705,11.75,12 mins,1.25,30,ESTIMATED,,,35.829752,-78.643544,183
299,37183052603.0,Peach Road Community Center,6.054,7.568,12179.222,7.6 mi,908,15.133,15 mins,1.25,30,ESTIMATED,,,35.829752,-78.643544,183
300,37183052603.0,Wake County Northern Regional Center,12.215,15.268,24571.829,15.3 mi,1832,30.533,31 mins,1.25,30,ESTIMATED,,,35.829752,-78.643544,183
301,37183052603.0,Wendell Parks and Recreation,15.045,18.807,30266.442,18.8 mi,2257,37.617,38 mins,1.25,30,ESTIMATED,,,35.829752,-78.643544,183
302,37183052603.0,Beech Bluff County Park,16.995,21.244,34188.482,21.2 mi,2549,42.483,42 mins,1.25,30,ESTIMATED,,,35.829752,-78.643544,183
303,37183052603.0,Wakefield Missionary Baptist,18.277,22.846,36767.554,22.8 mi,2742,45.7,46 mins,1.25,30,ESTIMATED,,,35.829752,-78.643544,183
304,37183053419.0,Fuquay-Varina Growers Market,10.163,12.704,20444.719,12.7 mi,1524,25.4,25 mins,1.25,30,ESTIMATED,,,35.731491,-78.820376,183
305,37183053419.0,Pine Acres Community Center,10.232,12.79,20583.769,12.8 mi,1535,25.583,26 mins,1.25,30,ESTIMATED,,,35.731491,-78.820376,183
306,37183053419.0,Sherrill’s University of Cosmetology,13.915,17.394,27993.007,17.4 mi,2087,34.783,35 mins,1.25,30,ESTIMATED,,,35.731491,-78.820376,183
307,37183053419.0,Raleigh Church of Christ,6.256,7.82,12585.143,7.8 mi,938,15.633,16 mins,1.25,30,ESTIMATED,,,35.731491,-78.820376,183
308,37183053419.0,The Rock Church,14.333,17.917,28834.08,17.9 mi,2150,35.833,36 mins,1.25,30,ESTIMATED,,,35.731491,-78.820376,183
309,37183053419.0,Regeneration Temple,14.339,17.924,28845.607,17.9 mi,2151,35.85,36 mins,1.25,30,ESTIMATED,,,35.731491,-78.820376,183
310,37183053419.0,Redeeming Love Missionary Baptist Church,12.946,16.183,26043.83,16.2 mi,1942,32.367,32 mins,1.25,30,ESTIMATED,,,35.731491,-78.820376,183
311,37183053419.0,Historic Oak View Park,14.187,17.733,28539.037,17.7 mi,2128,35.467,35 mins,1.25,30,ESTIMATED,,,35.731491,-78.820376,183
312,37183053419.0,Poe Center for Health Ed.,13.667,17.084,27494.513,17.1 mi,2050,34.167,34 mins,1.25,30,ESTIMATED,,,35.731491,-78.820376,183
313,37183053419.0,New Hope Baptist Church,15.776,19.719,31735.402,19.7 mi,2366,39.433,39 mins,1.25,30,ESTIMATED,,,35.731491,-78.820376,183
314,37183053419.0,Wake County Public Health,13.532,16.915,27222.183,16.9 mi,2030,33.833,34 mins,1.25,30,ESTIMATED,,,35.731491,-78.820376,183
315,37183053419.0,Peach Road Community Center,9.319,11.649,18746.851,11.6 mi,1398,23.3,23 mins,1.25,30,ESTIMATED,,,35.731491,-78.820376,183
316,37183053419.0,Wake County Northern Regional Center,23.923,29.904,48125.211,29.9 mi,3588,59.8,1 hr,1.25,30,ESTIMATED,,,35.731491,-78.820376,183
317,37183053419.0,Wendell Parks and Recreation,24.862,31.078,50014.99,31.1 mi,3729,62.15,1 hr 2 mins,1.25,30,ESTIMATED,,,35.731491,-78.820376,183
318,37183053419.0,Beech Bluff County Park,12.825,16.031,25799.374,16.0 mi,1924,32.067,32 mins,1.25,30,ESTIMATED,,,35.731491,-78.820376,183
319,37183053419.0,Wakefield Missionary Baptist,29.162,36.453,58665.207,36.5 mi,4374,72.9,1 hr 13 mins,1.25,30,ESTIMATED,,,35.731491,-78.820376,183
320,37183053408.0,Fuquay-Varina Growers Market,13.91,17.387,27982.12,17.4 mi,2086,34.767,35 mins,1.25,30,ESTIMATED,,,35.780929,-78.858774,183
321,37183053408.0,Pine Acres Community Center,13.98,17.475,28123.043,17.5 mi,2097,34.95,35 mins,1.25,30,ESTIMATED,,,35.780929,-78.858774,183
322,37183053408.0,Sherrill’s University of Cosmetology,15.339,19.174,30856.943,19.2 mi,2301,38.35,38 mins,1.25,30,ESTIMATED,,,35.780929,-78.858774,183
323,37183053408.0,Raleigh Church of Christ,7.627,9.534,15343.615,9.5 mi,1144,19.067,19 mins,1.25,30,ESTIMATED,,,35.780929,-78.858774,183
324,37183053408.0,The Rock Church,15.367,19.209,30913.927,19.2 mi,2305,38.417,38 mins,1.25,30,ESTIMATED,,,35.780929,-78.858774,183
325,37183053408.0,Regeneration Temple,14.983,18.729,30141.957,18.7 mi,2248,37.467,37 mins,1.25,30,ESTIMATED,,,35.780929,-78.858774,183
326,37183053408.0,Redeeming Love Missionary Baptist Church,15.21,19.012,30597.186,19.0 mi,2281,38.017,38 mins,1.25,30,ESTIMATED,,,35.780929,-78.858774,183
327,37183053408.0,Historic Oak View Park,16.097,20.121,32382.386,20.1 mi,2415,40.25,40 mins,1.25,30,ESTIMATED,,,35.780929,-78.858774,183
328,37183053408.0,Poe Center for Health Ed.,15.413,19.266,31005.046,19.3 mi,2312,38.533,39 mins,1.25,30,ESTIMATED,,,35.780929,-78.858774,183
329,37183053408.0,New Hope Baptist Church,16.471,20.589,33134.357,20.6 mi,2471,41.183,41 mins,1.25,30,ESTIMATED,,,35.780929,-78.858774,183
330,37183053408.0,Wake County Public Health,15.26,19.075,30698.722,19.1 mi,2289,38.15,38 mins,1.25,30,ESTIMATED,,,35.780929,-78.858774,183
331,37183053408.0,Peach Road Community Center,11.74,14.675,23616.755,14.7 mi,1761,29.35,29 mins,1.25,30,ESTIMATED,,,35.780929,-78.858774,183
332,37183053408.0,Wake County Northern Regional Center,23.458,29.323,47190.736,29.3 mi,3519,58.65,59 mins,1.25,30,ESTIMATED,,,35.780929,-78.858774,183
333,37183053408.0,Wendell Parks and Recreation,26.756,33.445,53824.353,33.4 mi,4013,66.883,1 hr 7 mins,1.25,30,ESTIMATED,,,35.780929,-78.858774,183
334,37183053408.0,Beech Bluff County Park,16.846,21.057,33888.505,21.1 mi,2527,42.117,42 mins,1.25,30,ESTIMATED,,,35.780929,-78.858774,183
335,37183053408.0,Wakefield Missionary Baptist,30.6,38.251,61558.302,38.3 mi,4590,76.5,1 hr 16 mins,1.25,30,ESTIMATED,,,35.780929,-78.858774,183
336,37183054112.0,Fuquay-Varina Growers Market,24.464,30.58,49214.031,30.6 mi,3670,61.167,1 hr 1 mins,1.25,30,ESTIMATED,,,35.81871,-78.472274,183
337,37183054112.0,Pine Acres Community Center,24.494,30.618,49274.326,30.6 mi,3674,61.233,1 hr 1 mins,1.25,30,ESTIMATED,,,35.81871,-78.472274,183
338,37183054112.0,Sherrill’s University of Cosmetology,6.532,8.165,13139.994,8.2 mi,980,16.333,16 mins,1.25,30,ESTIMATED,,,35.81871,-78.472274,183
339,37183054112.0,Raleigh Church of Christ,14.358,17.947,28882.77,17.9 mi,2154,35.9,36 mins,1.25,30,ESTIMATED,,,35.81871,-78.472274,183
340,37183054112.0,The Rock Church,6.519,8.149,13114.162,8.1 mi,978,16.3,16 mins,1.25,30,ESTIMATED,,,35.81871,-78.472274,183
341,37183054112.0,Regeneration Temple,7.321,9.151,14726.596,9.2 mi,1098,18.3,18 mins,1.25,30,ESTIMATED,,,35.81871,-78.472274,183
342,37183054112.0,Redeeming Love Missionary Baptist Church,8.216,10.271,16528.854,10.3 mi,1232,20.533,21 mins,1.25,30,ESTIMATED,,,35.81871,-78.472274,183
343,37183054112.0,Historic Oak View Park,6.512,8.14,13100.672,8.1 mi,977,16.283,16 mins,1.25,30,ESTIMATED,,,35.81871,-78.472274,183
344,37183054112.0,Poe Center for Health Ed.,6.821,8.526,13721.508,8.5 mi,1023,17.05,17 mins,1.25,30,ESTIMATED,,,35.81871,-78.472274,183
345,37183054112.0,New Hope Baptist Church,6.011,7.514,12092.516,7.5 mi,902,15.033,15 mins,1.25,30,ESTIMATED,,,35.81871,-78.472274,183
346,37183054112.0,Wake County Public Health,6.941,8.676,13963.409,8.7 mi,1041,17.35,17 mins,1.25,30,ESTIMATED,,,35.81871,-78.472274,183
347,37183054112.0,Peach Road Community Center,11.502,14.378,23138.848,14.4 mi,1725,28.75,29 mins,1.25,30,ESTIMATED,,,35.81871,-78.472274,183
348,37183054112.0,Wake County Northern Regional Center,10.68,13.349,21483.846,13.3 mi,1602,26.7,27 mins,1.25,30,ESTIMATED,,,35.81871,-78.472274,183
349,37183054112.0,Wendell Parks and Recreation,5.671,7.089,11409.182,7.1 mi,851,14.183,14 mins,1.25,30,ESTIMATED,,,35.81871,-78.472274,183
350,37183054112.0,Beech Bluff County Park,19.864,24.829,39959.064,24.8 mi,2980,49.667,50 mins,1.25,30,ESTIMATED,,,35.81871,-78.472274,183
351,37183054112.0,Wakefield Missionary Baptist,8.792,10.99,17686.792,11.0 mi,1319,21.983,22 mins,1.25,30,ESTIMATED,,,35.81871,-78.472274,183
352,37183053717.0,Fuquay-Varina Growers Market,22.712,28.39,45689.116,28.4 mi,3407,56.783,57 mins,1.25,30,ESTIMATED,,,35.912907,-78.766663,183
353,37183053717.0,Pine Acres Community Center,22.777,28.472,45820.972,28.5 mi,3417,56.95,57 mins,1.25,30,ESTIMATED,,,35.912907,-78.766663,183
354,37183053717.0,Sherrill’s University of Cosmetology,12.892,16.115,25934.117,16.1 mi,1934,32.233,32 mins,1.25,30,ESTIMATED,,,35.912907,-78.766663,183
355,37183053717.0,Raleigh Church of Christ,9.806,12.257,19725.804,12.3 mi,1471,24.517,25 mins,1.25,30,ESTIMATED,,,35.912907,-78.766663,183
356,37183053717.0,The Rock Church,11.889,14.861,23915.951,14.9 mi,1783,29.717,30 mins,1.25,30,ESTIMATED,,,35.912907,-78.766663,183
357,37183053717.0,Regeneration Temple,10.633,13.292,21390.963,13.3 mi,1595,26.583,27 mins,1.25,30,ESTIMATED,,,35.912907,-78.766663,183
358,37183053717.0,Redeeming Love Missionary Baptist Church,15.055,18.819,30286.743,18.8 mi,2258,37.633,38 mins,1.25,30,ESTIMATED,,,35.912907,-78.766663,183
359,37183053717.0,Historic Oak View Park,14.703,18.379,29577.504,18.4 mi,2205,36.75,37 mins,1.25,30,ESTIMATED,,,35.912907,-78.766663,183
360,37183053717.0,Poe Center for Health Ed.,13.791,17.239,27743.901,17.2 mi,2069,34.483,34 mins,1.25,30,ESTIMATED,,,35.912907,-78.766663,183
361,37183053717.0,New Hope Baptist Church,11.746,14.682,23628.809,14.7 mi,1762,29.367,29 mins,1.25,30,ESTIMATED,,,35.912907,-78.766663,183
362,37183053717.0,Wake County Public Health,13.646,17.057,27451.052,17.1 mi,2047,34.117,34 mins,1.25,30,ESTIMATED,,,35.912907,-78.766663,183
363,37183053717.0,Peach Road Community Center,13.332,16.665,26819.869,16.7 mi,2000,33.333,33 mins,1.25,30,ESTIMATED,,,35.912907,-78.766663,183
364,37183053717.0,Wake County Northern Regional Center,14.847,18.558,29866.827,18.6 mi,2227,37.117,37 mins,1.25,30,ESTIMATED,,,35.912907,-78.766663,183
365,37183053717.0,Wendell Parks and Recreation,23.38,29.225,47033.468,29.2 mi,3507,58.45,58 mins,1.25,30,ESTIMATED,,,35.912907,-78.766663,183
366,37183053717.0,Beech Bluff County Park,23.146,28.933,46562.503,28.9 mi,3472,57.867,58 mins,1.25,30,ESTIMATED,,,35.912907,-78.766663,183
367,37183053717.0,Wakefield Missionary Baptist,25.65,32.063,51599.751,32.1 mi,3848,64.133,1 hr 4 mins,1.25,30,ESTIMATED,,,35.912907,-78.766663,183
368,37183053115.0,Fuquay-Varina Growers Market,5.704,7.131,11475.515,7.1 mi,856,14.267,14 mins,1.25,30,ESTIMATED,,,35.539702,-78.71557,183
369,37183053115.0,Pine Acres Community Center,5.651,7.064,11368.444,7.1 mi,848,14.133,14 mins,1.25,30,ESTIMATED,,,35.539702,-78.71557,183
370,37183053115.0,Sherrill’s University of Cosmetology,19.238,24.047,38700.37,24.0 mi,2886,48.1,48 mins,1.25,30,ESTIMATED,,,35.539702,-78.71557,183
371,37183053115.0,Raleigh Church of Christ,16.297,20.372,32784.839,20.4 mi,2445,40.75,41 mins,1.25,30,ESTIMATED,,,35.539702,-78.71557,183
372,37183053115.0,The Rock Church,20.58,25.725,41401.085,25.7 mi,3087,51.45,51 mins,1.25,30,ESTIMATED,,,35.539702,-78.71557,183
373,37183053115.0,Regeneration Temple,21.591,26.989,43433.826,27.0 mi,3239,53.983,54 mins,1.25,30,ESTIMATED,,,35.539702,-78.71557,183
374,37183053115.0,Redeeming Love Missionary Baptist Church,16.038,20.047,32262.338,20.0 mi,2406,40.1,40 mins,1.25,30,ESTIMATED,,,35.539702,-78.71557,183
375,37183053115.0,Historic Oak View Park,17.853,22.316,35913.733,22.3 mi,2678,44.633,45 mins,1.25,30,ESTIMATED,,,35.539702,-78.71557,183
376,37183053115.0,Poe Center for Health Ed.,18.126,22.657,36463.449,22.7 mi,2719,45.317,45 mins,1.25,30,ESTIMATED,,,35.539702,-78.71557,183
377,37183053115.0,New Hope Baptist Church,22.423,28.029,45107.687,28.0 mi,3363,56.05,56 mins,1.25,30,ESTIMATED,,,35.539702,-78.71557,183
378,37183053115.0,Wake County Public Health,18.109,22.637,36430.423,22.6 mi,2716,45.267,45 mins,1.25,30,ESTIMATED,,,35.539702,-78.71557,183
379,37183053115.0,Peach Road Community Center,14.429,18.036,29025.97,18.0 mi,2164,36.067,36 mins,1.25,30,ESTIMATED,,,35.539702,-78.71557,183
380,37183053115.0,Wake County Northern Regional Center,31.876,39.845,64124.278,39.8 mi,4781,79.683,1 hr 20 mins,1.25,30,ESTIMATED,,,35.539702,-78.71557,183
381,37183053115.0,Wendell Parks and Recreation,25.165,31.457,50624.699,31.5 mi,3775,62.917,1 hr 3 mins,1.25,30,ESTIMATED,,,35.539702,-78.71557,183
382,37183053115.0,Beech Bluff County Park,3.764,4.705,7572.538,4.7 mi,565,9.417,9 mins,1.25,30,ESTIMATED,,,35.539702,-78.71557,183
383,37183053115.0,Wakefield Missionary Baptist,30.477,38.096,61309.927,38.1 mi,4572,76.2,1 hr 16 mins,1.25,30,ESTIMATED,,,35.539702,-78.71557,183
384,37183054212.0,Fuquay-Varina Growers Market,29.474,36.842,59291.727,36.8 mi,4421,73.683,1 hr 14 mins,1.25,30,ESTIMATED,,,35.960438,-78.549817,183
385,37183054212.0,Pine Acres Community Center,29.524,36.905,59392.483,36.9 mi,4429,73.817,1 hr 14 mins,1.25,30,ESTIMATED,,,35.960438,-78.549817,183
386,37183054212.0,Sherrill’s University of Cosmetology,11.443,14.303,23019.024,14.3 mi,1716,28.6,29 mins,1.25,30,ESTIMATED,,,35.960438,-78.549817,183
387,37183054212.0,Raleigh Church of Christ,16.036,20.045,32259.867,20.0 mi,2405,40.083,40 mins,1.25,30,ESTIMATED,,,35.960438,-78.549817,183
388,37183054212.0,The Rock Church,10.001,12.501,20118.898,12.5 mi,1500,25.0,25 mins,1.25,30,ESTIMATED,,,35.960438,-78.549817,183
389,37183054212.0,Regeneration Temple,8.93,11.163,17965.071,11.2 mi,1340,22.333,22 mins,1.25,30,ESTIMATED,,,35.960438,-78.549817,183
390,37183054212.0,Redeeming Love Missionary Baptist Church,14.829,18.536,29830.292,18.5 mi,2224,37.067,37 mins,1.25,30,ESTIMATED,,,35.960438,-78.549817,183
391,37183054212.0,Historic Oak View Park,13.201,16.501,26556.341,16.5 mi,1980,33.0,33 mins,1.25,30,ESTIMATED,,,35.960438,-78.549817,183
392,37183054212.0,Poe Center for Health Ed.,12.666,15.832,25479.478,15.8 mi,1900,31.667,32 mins,1.25,30,ESTIMATED,,,35.960438,-78.549817,183
393,37183054212.0,New Hope Baptist Church,8.201,10.251,16497.97,10.3 mi,1230,20.5,20 mins,1.25,30,ESTIMATED,,,35.960438,-78.549817,183
394,37183054212.0,Wake County Public Health,12.641,15.801,25429.351,15.8 mi,1896,31.6,32 mins,1.25,30,ESTIMATED,,,35.960438,-78.549817,183
395,37183054212.0,Peach Road Community Center,16.158,20.198,32504.891,20.2 mi,2424,40.4,40 mins,1.25,30,ESTIMATED,,,35.960438,-78.549817,183
396,37183054212.0,Wake County Northern Regional Center,2.28,2.85,4587.044,2.9 mi,342,5.7,6 mins,1.25,30,ESTIMATED,,,35.960438,-78.549817,183
397,37183054212.0,Wendell Parks and Recreation,15.492,19.365,31164.637,19.4 mi,2324,38.733,39 mins,1.25,30,ESTIMATED,,,35.960438,-78.549817,183
398,37183054212.0,Beech Bluff County Park,26.903,33.629,54120.965,33.6 mi,4036,67.267,1 hr 7 mins,1.25,30,ESTIMATED,,,35.960438,-78.549817,183
399,37183054212.0,Wakefield Missionary Baptist,15.447,19.309,31074.258,19.3 mi,2317,38.617,39 mins,1.25,30,ESTIMATED,,,35.960438,-78.549817,183
400,37183053612.0,Fuquay-Varina Growers Market,17.063,21.329,34325.494,21.3 mi,2559,42.65,43 mins,1.25,30,ESTIMATED,,,35.830595,-78.835597,183
401,37183053612.0,Pine Acres Community Center,17.132,21.415,34464.651,21.4 mi,2570,42.833,43 mins,1.25,30,ESTIMATED,,,35.830595,-78.835597,183
402,37183053612.0,Sherrill’s University of Cosmetology,14.18,17.725,28524.892,17.7 mi,2127,35.45,35 mins,1.25,30,ESTIMATED,,,35.830595,-78.835597,183
403,37183053612.0,Raleigh Church of Christ,7.375,9.219,14836.601,9.2 mi,1106,18.433,18 mins,1.25,30,ESTIMATED,,,35.830595,-78.835597,183
404,37183053612.0,The Rock Church,13.858,17.323,27878.015,17.3 mi,2079,34.65,35 mins,1.25,30,ESTIMATED,,,35.830595,-78.835597,183
405,37183053612.0,Regeneration Temple,13.163,16.454,26480.056,16.5 mi,1974,32.9,33 mins,1.25,30,ESTIMATED,,,35.830595,-78.835597,183
406,37183053612.0,Redeeming Love Missionary Baptist Church,14.867,18.584,29907.973,18.6 mi,2230,37.167,37 mins,1.25,30,ESTIMATED,,,35.830595,-78.835597,183
407,37183053612.0,Historic Oak View Park,15.354,19.192,30887.153,19.2 mi,2303,38.383,38 mins,1.25,30,ESTIMATED,,,35.830595,-78.835597,183
408,37183053612.0,Poe Center for Health Ed.,14.548,18.186,29266.751,18.2 mi,2182,36.367,36 mins,1.25,30,ESTIMATED,,,35.830595,-78.835597,183
409,37183053612.0,New Hope Baptist Church,14.617,18.271,29405.027,18.3 mi,2193,36.55,37 mins,1.25,30,ESTIMATED,,,35.830595,-78.835597,183
410,37183053612.0,Wake County Public Health,14.389,17.986,28946.201,18.0 mi,2158,35.967,36 mins,1.25,30,ESTIMATED,,,35.830595,-78.835597,183
411,37183053612.0,Peach Road Community Center,11.818,14.773,23774.75,14.8 mi,1773,29.55,30 mins,1.25,30,ESTIMATED,,,35.830595,-78.835597,183
412,37183053612.0,Wake County Northern Regional Center,20.574,25.718,41388.509,25.7 mi,3086,51.433,51 mins,1.25,30,ESTIMATED,,,35.830595,-78.835597,183
413,37183053612.0,Wendell Parks and Recreation,25.665,32.081,51628.793,32.1 mi,3850,64.167,1 hr 4 mins,1.25,30,ESTIMATED,,,35.830595,-78.835597,183
414,37183053612.0,Beech Bluff County Park,19.07,23.838,38363.141,23.8 mi,2861,47.683,48 mins,1.25,30,ESTIMATED,,,35.830595,-78.835597,183
415,37183053612.0,Wakefield Missionary Baptist,29.028,36.286,58395.982,36.3 mi,4354,72.567,1 hr 13 mins,1.25,30,ESTIMATED,,,35.830595,-78.835597,183
416,37183054117.0,Fuquay-Varina Growers Market,22.176,27.72,44611.241,27.7 mi,3326,55.433,55 mins,1.25,30,ESTIMATED,,,35.84013,-78.559807,183
417,37183054117.0,Pine Acres Community Center,22.218,27.772,44695.331,27.8 mi,3333,55.55,56 mins,1.25,30,ESTIMATED,,,35.84013,-78.559807,183
418,37183054117.0,Sherrill’s University of Cosmetology,3.292,4.115,6622.433,4.1 mi,494,8.233,8 mins,1.25,30,ESTIMATED,,,35.84013,-78.559807,183
419,37183054117.0,Raleigh Church of Christ,10.17,12.712,20458.478,12.7 mi,1525,25.417,25 mins,1.25,30,ESTIMATED,,,35.84013,-78.559807,183
420,37183054117.0,The Rock Church,2.17,2.712,4365.235,2.7 mi,325,5.417,5 mins,1.25,30,ESTIMATED,,,35.84013,-78.559807,183
421,37183054117.0,Regeneration Temple,2.3,2.875,4626.49,2.9 mi,345,5.75,6 mins,1.25,30,ESTIMATED,,,35.84013,-78.559807,183
422,37183054117.0,Redeeming Love Missionary Baptist Church,6.569,8.211,13214.696,8.2 mi,985,16.417,16 mins,1.25,30,ESTIMATED,,,35.84013,-78.559807,183
423,37183054117.0,Historic Oak View Park,4.878,6.097,9812.756,6.1 mi,732,12.2,12 mins,1.25,30,ESTIMATED,,,35.84013,-78.559807,183
424,37183054117.0,Poe Center for Health Ed.,4.419,5.524,8889.998,5.5 mi,663,11.05,11 mins,1.25,30,ESTIMATED,,,35.84013,-78.559807,183
425,37183054117.0,New Hope Baptist Church,0.889,1.112,1789.315,1.1 mi,133,2.217,2 mins,1.25,30,ESTIMATED,,,35.84013,-78.559807,183
426,37183054117.0,Wake County Public Health,4.421,5.527,8894.401,5.5 mi,663,11.05,11 mins,1.25,30,ESTIMATED,,,35.84013,-78.559807,183
427,37183054117.0,Peach Road Community Center,8.587,10.734,17274.449,10.7 mi,1288,21.467,21 mins,1.25,30,ESTIMATED,,,35.84013,-78.559807,183
428,37183054117.0,Wake County Northern Regional Center,9.388,11.736,18886.516,11.7 mi,1408,23.467,23 mins,1.25,30,ESTIMATED,,,35.84013,-78.559807,183
429,37183054117.0,Wendell Parks and Recreation,10.758,13.447,21641.361,13.4 mi,1614,26.9,27 mins,1.25,30,ESTIMATED,,,35.84013,-78.559807,183
430,37183054117.0,Beech Bluff County Park,18.827,23.534,37874.018,23.5 mi,2824,47.067,47 mins,1.25,30,ESTIMATED,,,35.84013,-78.559807,183
431,37183054117.0,Wakefield Missionary Baptist,13.573,16.966,27303.732,17.0 mi,2036,33.933,34 mins,1.25,30,ESTIMATED,,,35.84013,-78.559807,183
432,37183054501.0,Fuquay-Varina Growers Market,13.392,16.74,26940.921,16.7 mi,2009,33.483,33 mins,1.25,30,ESTIMATED,,,35.741543,-78.658944,183
433,37183054501.0,Pine Acres Community Center,13.435,16.794,27027.307,16.8 mi,2015,33.583,34 mins,1.25,30,ESTIMATED,,,35.741543,-78.658944,183
434,37183054501.0,Sherrill’s University of Cosmetology,5.63,7.037,11325.669,7.0 mi,844,14.067,14 mins,1.25,30,ESTIMATED,,,35.741543,-78.658944,183
435,37183054501.0,Raleigh Church of Christ,4.284,5.355,8617.737,5.4 mi,643,10.717,11 mins,1.25,30,ESTIMATED,,,35.741543,-78.658944,183
436,37183054501.0,The Rock Church,6.655,8.318,13387.111,8.3 mi,998,16.633,17 mins,1.25,30,ESTIMATED,,,35.741543,-78.658944,183
437,37183054501.0,Regeneration Temple,7.416,9.271,14919.527,9.3 mi,1112,18.533,19 mins,1.25,30,ESTIMATED,,,35.741543,-78.658944,183
438,37183054501.0,Redeeming Love Missionary Baptist Church,3.869,4.836,7783.061,4.8 mi,580,9.667,10 mins,1.25,30,ESTIMATED,,,35.741543,-78.658944,183
439,37183054501.0,Historic Oak View Park,5.267,6.583,10594.534,6.6 mi,790,13.167,13 mins,1.25,30,ESTIMATED,,,35.741543,-78.658944,183
440,37183054501.0,Poe Center for Health Ed.,4.951,6.189,9959.942,6.2 mi,743,12.383,12 mins,1.25,30,ESTIMATED,,,35.741543,-78.658944,183
441,37183054501.0,New Hope Baptist Church,8.469,10.586,17036.261,10.6 mi,1270,21.167,21 mins,1.25,30,ESTIMATED,,,35.741543,-78.658944,183
442,37183054501.0,Wake County Public Health,4.849,6.062,9755.046,6.1 mi,727,12.117,12 mins,1.25,30,ESTIMATED,,,35.741543,-78.658944,183
443,37183054501.0,Peach Road Community Center,0.245,0.306,492.54,0.3 mi,37,0.617,1 mins,1.25,30,ESTIMATED,,,35.741543,-78.658944,183
444,37183054501.0,Wake County Northern Regional Center,17.837,22.296,35882.253,22.3 mi,2676,44.6,45 mins,1.25,30,ESTIMATED,,,35.741543,-78.658944,183
445,37183054501.0,Wendell Parks and Recreation,15.814,19.768,31813.017,19.8 mi,2372,39.533,40 mins,1.25,30,ESTIMATED,,,35.741543,-78.658944,183
446,37183054501.0,Beech Bluff County Park,10.842,13.552,21810.445,13.6 mi,1626,27.1,27 mins,1.25,30,ESTIMATED,,,35.741543,-78.658944,183
447,37183054501.0,Wakefield Missionary Baptist,20.305,25.381,40846.641,25.4 mi,3046,50.767,51 mins,1.25,30,ESTIMATED,,,35.741543,-78.658944,183
448,37183053728.0,Fuquay-Varina Growers Market,19.599,24.499,39426.602,24.5 mi,2940,49.0,49 mins,1.25,30,ESTIMATED,,,35.861115,-78.71847,183
449,37183053728.0,Pine Acres Community Center,19.66,24.575,39549.31,24.6 mi,2949,49.15,49 mins,1.25,30,ESTIMATED,,,35.861115,-78.71847,183
450,37183053728.0,Sherrill’s University of Cosmetology,8.635,10.794,17370.551,10.8 mi,1295,21.583,22 mins,1.25,30,ESTIMATED,,,35.861115,-78.71847,183
451,37183053728.0,Raleigh Church of Christ,5.921,7.401,11910.287,7.4 mi,888,14.8,15 mins,1.25,30,ESTIMATED,,,35.861115,-78.71847,183
452,37183053728.0,The Rock Church,7.829,9.787,15749.852,9.8 mi,1174,19.567,20 mins,1.25,30,ESTIMATED,,,35.861115,-78.71847,183
453,37183053728.0,Regeneration Temple,6.783,8.478,13644.472,8.5 mi,1017,16.95,17 mins,1.25,30,ESTIMATED,,,35.861115,-78.71847,183
454,37183053728.0,Redeeming Love Missionary Baptist Church,10.589,13.237,21302.598,13.2 mi,1588,26.467,26 mins,1.25,30,ESTIMATED,,,35.861115,-78.71847,183
455,37183053728.0,Historic Oak View Park,10.338,12.922,20795.864,12.9 mi,1551,25.85,26 mins,1.25,30,ESTIMATED,,,35.861115,-78.71847,183
456,37183053728.0,Poe Center for Health Ed.,9.431,11.788,18971.325,11.8 mi,1415,23.583,24 mins,1.25,30,ESTIMATED,,,35.861115,-78.71847,183
457,37183053728.0,New Hope Baptist Church,8.119,10.149,16333.049,10.1 mi,1218,20.3,20 mins,1.25,30,ESTIMATED,,,35.861115,-78.71847,183
458,37183053728.0,Wake County Public Health,9.28,11.6,18667.77,11.6 mi,1392,23.2,23 mins,1.25,30,ESTIMATED,,,35.861115,-78.71847,183
459,37183053728.0,Peach Road Community Center,8.932,11.166,17969.246,11.2 mi,1340,22.333,22 mins,1.25,30,ESTIMATED,,,35.861115,-78.71847,183
460,37183053728.0,Wake County Northern Regional Center,13.846,17.307,27852.84,17.3 mi,2077,34.617,35 mins,1.25,30,ESTIMATED,,,35.861115,-78.71847,183
461,37183053728.0,Wendell Parks and Recreation,19.647,24.559,39524.045,24.6 mi,2947,49.117,49 mins,1.25,30,ESTIMATED,,,35.861115,-78.71847,183
462,37183053728.0,Beech Bluff County Park,19.17,23.962,38562.984,24.0 mi,2875,47.917,48 mins,1.25,30,ESTIMATED,,,35.861115,-78.71847,183
463,37183053728.0,Wakefield Missionary Baptist,22.505,28.131,45272.646,28.1 mi,3376,56.267,56 mins,1.25,30,ESTIMATED,,,35.861115,-78.71847,183
464,37183051502.0,Fuquay-Varina Growers Market,16.779,20.973,33753.117,21.0 mi,2517,41.95,42 mins,1.25,30,ESTIMATED,,,35.808624,-78.682659,183
465,37183051502.0,Pine Acres Community Center,16.833,21.041,33862.536,21.0 mi,2525,42.083,42 mins,1.25,30,ESTIMATED,,,35.808624,-78.682659,183
466,37183051502.0,Sherrill’s University of Cosmetology,5.48,6.85,11023.693,6.8 mi,822,13.7,14 mins,1.25,30,ESTIMATED,,,35.808624,-78.682659,183
467,37183051502.0,Raleigh Church of Christ,3.212,4.015,6461.442,4.0 mi,482,8.033,8 mins,1.25,30,ESTIMATED,,,35.808624,-78.682659,183
468,37183051502.0,The Rock Church,5.318,6.648,10698.776,6.6 mi,798,13.3,13 mins,1.25,30,ESTIMATED,,,35.808624,-78.682659,183
469,37183051502.0,Regeneration Temple,5.015,6.269,10088.42,6.3 mi,752,12.533,13 mins,1.25,30,ESTIMATED,,,35.808624,-78.682659,183
470,37183051502.0,Redeeming Love Missionary Baptist Church,6.636,8.295,13350.114,8.3 mi,995,16.583,17 mins,1.25,30,ESTIMATED,,,35.808624,-78.682659,183
471,37183051502.0,Historic Oak View Park,6.75,8.438,13579.201,8.4 mi,1013,16.883,17 mins,1.25,30,ESTIMATED,,,35.808624,-78.682659,183
472,37183051502.0,Poe Center for Health Ed.,5.9,7.376,11869.723,7.4 mi,885,14.75,15 mins,1.25,30,ESTIMATED,,,35.808624,-78.682659,183
473,37183051502.0,New Hope Baptist Church,6.489,8.111,13053.549,8.1 mi,973,16.217,16 mins,1.25,30,ESTIMATED,,,35.808624,-78.682659,183
474,37183051502.0,Wake County Public Health,5.741,7.176,11548.716,7.2 mi,861,14.35,14 mins,1.25,30,ESTIMATED,,,35.808624,-78.682659,183
475,37183051502.0,Peach Road Community Center,4.822,6.027,9700.184,6.0 mi,723,12.05,12 mins,1.25,30,ESTIMATED,,,35.808624,-78.682659,183
476,37183051502.0,Wake County Northern Regional Center,14.73,18.413,29632.343,18.4 mi,2210,36.833,37 mins,1.25,30,ESTIMATED,,,35.808624,-78.682659,183
477,37183051502.0,Wendell Parks and Recreation,16.977,21.222,34152.825,21.2 mi,2547,42.45,42 mins,1.25,30,ESTIMATED,,,35.808624,-78.682659,183
478,37183051502.0,Beech Bluff County Park,15.418,19.272,31015.187,19.3 mi,2313,38.55,39 mins,1.25,30,ESTIMATED,,,35.808624,-78.682659,183
479,37183051502.0,Wakefield Missionary Baptist,20.57,25.713,41381.22,25.7 mi,3086,51.433,51 mins,1.25,30,ESTIMATED,,,35.808624,-78.682659,183
480,37183053729.0,Fuquay-Varina Growers Market,21.611,27.014,43474.884,27.0 mi,3242,54.033,54 mins,1.25,30,ESTIMATED,,,35.877448,-78.662464,183
481,37183053729.0,Pine Acres Community Center,21.667,27.084,43587.619,27.1 mi,3250,54.167,54 mins,1.25,30,ESTIMATED,,,35.877448,-78.662464,183
482,37183053729.0,Sherrill’s University of Cosmetology,6.999,8.749,14080.341,8.7 mi,1050,17.5,18 mins,1.25,30,ESTIMATED,,,35.877448,-78.662464,183
483,37183053729.0,Raleigh Church of Christ,7.815,9.768,15720.517,9.8 mi,1172,19.533,20 mins,1.25,30,ESTIMATED,,,35.877448,-78.662464,183
484,37183053729.0,The Rock Church,5.773,7.216,11612.96,7.2 mi,866,14.433,14 mins,1.25,30,ESTIMATED,,,35.877448,-78.662464,183
485,37183053729.0,Regeneration Temple,4.402,5.502,8855.282,5.5 mi,660,11.0,11 mins,1.25,30,ESTIMATED,,,35.877448,-78.662464,183
486,37183053729.0,Redeeming Love Missionary Baptist Church,9.789,12.236,19691.57,12.2 mi,1468,24.467,24 mins,1.25,30,ESTIMATED,,,35.877448,-78.662464,183
487,37183053729.0,Historic Oak View Park,8.979,11.224,18062.986,11.2 mi,1347,22.45,22 mins,1.25,30,ESTIMATED,,,35.877448,-78.662464,183
488,37183053729.0,Poe Center for Health Ed.,8.092,10.115,16278.876,10.1 mi,1214,20.233,20 mins,1.25,30,ESTIMATED,,,35.877448,-78.662464,183
489,37183053729.0,New Hope Baptist Church,5.423,6.779,10909.919,6.8 mi,813,13.55,14 mins,1.25,30,ESTIMATED,,,35.877448,-78.662464,183
490,37183053729.0,Wake County Public Health,7.969,9.961,16030.738,10.0 mi,1195,19.917,20 mins,1.25,30,ESTIMATED,,,35.877448,-78.662464,183
491,37183053729.0,Peach Road Community Center,9.327,11.659,18762.638,11.7 mi,1399,23.317,23 mins,1.25,30,ESTIMATED,,,35.877448,-78.662464,183
492,37183053729.0,Wake County Northern Regional Center,10.628,13.285,21380.421,13.3 mi,1594,26.567,27 mins,1.25,30,ESTIMATED,,,35.877448,-78.662464,183
493,37183053729.0,Wendell Parks and Recreation,17.054,21.318,34307.858,21.3 mi,2558,42.633,43 mins,1.25,30,ESTIMATED,,,35.877448,-78.662464,183
494,37183053729.0,Beech Bluff County Park,20.194,25.242,40623.393,25.2 mi,3029,50.483,50 mins,1.25,30,ESTIMATED,,,35.877448,-78.662464,183
495,37183053729.0,Wakefield Missionary Baptist,19.493,24.366,39213.028,24.4 mi,2924,48.733,49 mins,1.25,30,ESTIMATED,,,35.877448,-78.662464,183
496,37183053432.0,Fuquay-Varina Growers Market,7.489,9.361,15065.842,9.4 mi,1123,18.717,19 mins,1.25,30,ESTIMATED,,,35.684778,-78.853183,183
497,37183053432.0,Pine Acres Community Center,7.559,9.448,15205.756,9.4 mi,1134,18.9,19 mins,1.25,30,ESTIMATED,,,35.684778,-78.853183,183
498,37183053432.0,Sherrill’s University of Cosmetology,16.892,21.115,33981.237,21.1 mi,2534,42.233,42 mins,1.25,30,ESTIMATED,,,35.684778,-78.853183,183
499,37183053432.0,Raleigh Church of Christ,9.629,12.036,19370.051,12.0 mi,1444,24.067,24 mins,1.25,30,ESTIMATED,,,35.684778,-78.853183,183
500,37183053432.0,The Rock Church,17.5,21.875,35204.398,21.9 mi,2625,43.75,44 mins,1.25,30,ESTIMATED,,,35.684778,-78.853183,183
501,37183053432.0,Regeneration Temple,17.671,22.089,35549.021,22.1 mi,2651,44.183,44 mins,1.25,30,ESTIMATED,,,35.684778,-78.853183,183
502,37183053432.0,Redeeming Love Missionary Baptist Church,15.379,19.224,30937.266,19.2 mi,2307,38.45,38 mins,1.25,30,ESTIMATED,,,35.684778,-78.853183,183
503,37183053432.0,Historic Oak View Park,16.845,21.056,33885.933,21.1 mi,2527,42.117,42 mins,1.25,30,ESTIMATED,,,35.684778,-78.853183,183
504,37183053432.0,Poe Center for Health Ed.,16.456,20.571,33105.015,20.6 mi,2468,41.133,41 mins,1.25,30,ESTIMATED,,,35.684778,-78.853183,183
505,37183053432.0,New Hope Baptist Church,19.061,23.826,38344.981,23.8 mi,2859,47.65,48 mins,1.25,30,ESTIMATED,,,35.684778,-78.853183,183
506,37183053432.0,Wake County Public Health,16.337,20.421,32864.158,20.4 mi,2451,40.85,41 mins,1.25,30,ESTIMATED,,,35.684778,-78.853183,183
507,37183053432.0,Peach Road Community Center,11.826,14.782,23789.851,14.8 mi,1774,29.567,30 mins,1.25,30,ESTIMATED,,,35.684778,-78.853183,183
508,37183053432.0,Wake County Northern Regional Center,27.503,34.379,55327.859,34.4 mi,4125,68.75,1 hr 9 mins,1.25,30,ESTIMATED,,,35.684778,-78.853183,183
509,37183053432.0,Wendell Parks and Recreation,27.307,34.133,54931.959,34.1 mi,4096,68.267,1 hr 8 mins,1.25,30,ESTIMATED,,,35.684778,-78.853183,183
510,37183053432.0,Beech Bluff County Park,11.933,14.916,24005.736,14.9 mi,1790,29.833,30 mins,1.25,30,ESTIMATED,,,35.684778,-78.853183,183
511,37183053432.0,Wakefield Missionary Baptist,31.886,39.857,64144.322,39.9 mi,4783,79.717,1 hr 20 mins,1.25,30,ESTIMATED,,,35.684778,-78.853183,183
512,37183051101.0,Fuquay-Varina Growers Market,15.374,19.218,30927.692,19.2 mi,2306,38.433,38 mins,1.25,30,ESTIMATED,,,35.787212,-78.684989,183
513,37183051101.0,Pine Acres Community Center,15.427,19.284,31034.402,19.3 mi,2314,38.567,39 mins,1.25,30,ESTIMATED,,,35.787212,-78.684989,183
514,37183051101.0,Sherrill’s University of Cosmetology,5.601,7.001,11267.0,7.0 mi,840,14.0,14 mins,1.25,30,ESTIMATED,,,35.787212,-78.684989,183
515,37183051101.0,Raleigh Church of Christ,2.272,2.84,4571.128,2.8 mi,341,5.683,6 mins,1.25,30,ESTIMATED,,,35.787212,-78.684989,183
516,37183051101.0,The Rock Church,5.833,7.291,11734.371,7.3 mi,875,14.583,15 mins,1.25,30,ESTIMATED,,,35.787212,-78.684989,183
517,37183051101.0,Regeneration Temple,5.878,7.348,11825.447,7.3 mi,882,14.7,15 mins,1.25,30,ESTIMATED,,,35.787212,-78.684989,183
518,37183051101.0,Redeeming Love Missionary Baptist Church,5.94,7.425,11949.57,7.4 mi,891,14.85,15 mins,1.25,30,ESTIMATED,,,35.787212,-78.684989,183
519,37183051101.0,Historic Oak View Park,6.446,8.058,12967.292,8.1 mi,967,16.117,16 mins,1.25,30,ESTIMATED,,,35.787212,-78.684989,183
520,37183051101.0,Poe Center for Health Ed.,5.698,7.122,11461.616,7.1 mi,855,14.25,14 mins,1.25,30,ESTIMATED,,,35.787212,-78.684989,183
521,37183051101.0,New Hope Baptist Church,7.282,9.103,14649.318,9.1 mi,1092,18.2,18 mins,1.25,30,ESTIMATED,,,35.787212,-78.684989,183
522,37183051101.0,Wake County Public Health,5.542,6.927,11148.032,6.9 mi,831,13.85,14 mins,1.25,30,ESTIMATED,,,35.787212,-78.684989,183
523,37183051101.0,Peach Road Community Center,3.517,4.396,7074.9,4.4 mi,528,8.8,9 mins,1.25,30,ESTIMATED,,,35.787212,-78.684989,183
524,37183051101.0,Wake County Northern Regional Center,15.96,19.95,32106.76,20.0 mi,2394,39.9,40 mins,1.25,30,ESTIMATED,,,35.787212,-78.684989,183
525,37183051101.0,Wendell Parks and Recreation,17.017,21.271,34233.017,21.3 mi,2553,42.55,43 mins,1.25,30,ESTIMATED,,,35.787212,-78.684989,183
526,37183051101.0,Beech Bluff County Park,13.941,17.426,28044.093,17.4 mi,2091,34.85,35 mins,1.25,30,ESTIMATED,,,35.787212,-78.684989,183
527,37183051101.0,Wakefield Missionary Baptist,20.909,26.136,42061.449,26.1 mi,3136,52.267,52 mins,1.25,30,ESTIMATED,,,35.787212,-78.684989,183
528,37183052001.0,Fuquay-Varina Growers Market,18.182,22.727,36575.611,22.7 mi,2727,45.45,45 mins,1.25,30,ESTIMATED,,,35.782113,-78.585087,183
529,37183052001.0,Pine Acres Community Center,18.219,22.774,36651.318,22.8 mi,2733,45.55,46 mins,1.25,30,ESTIMATED,,,35.782113,-78.585087,183
530,37183052001.0,Sherrill’s University of Cosmetology,1.058,1.323,2129.317,1.3 mi,159,2.65,3 mins,1.25,30,ESTIMATED,,,35.782113,-78.585087,183
531,37183052001.0,Raleigh Church of Christ,7.737,9.671,15563.982,9.7 mi,1161,19.35,19 mins,1.25,30,ESTIMATED,,,35.782113,-78.585087,183
532,37183052001.0,The Rock Church,2.567,3.208,5163.109,3.2 mi,385,6.417,6 mins,1.25,30,ESTIMATED,,,35.782113,-78.585087,183
533,37183052001.0,Regeneration Temple,3.957,4.947,7960.955,4.9 mi,594,9.9,10 mins,1.25,30,ESTIMATED,,,35.782113,-78.585087,183
534,37183052001.0,Redeeming Love Missionary Baptist Church,2.351,2.939,4729.693,2.9 mi,353,5.883,6 mins,1.25,30,ESTIMATED,,,35.782113,-78.585087,183
535,37183052001.0,Historic Oak View Park,1.105,1.381,2222.417,1.4 mi,166,2.767,3 mins,1.25,30,ESTIMATED,,,35.782113,-78.585087,183
536,37183052001.0,Poe Center for Health Ed.,0.213,0.266,428.438,0.3 mi,32,0.533,1 mins,1.25,30,ESTIMATED,,,35.782113,-78.585087,183
537,37183052001.0,New Hope Baptist Church,4.28,5.35,8609.565,5.3 mi,642,10.7,11 mins,1.25,30,ESTIMATED,,,35.782113,-78.585087,183
538,37183052001.0,Wake County Public Health,0.172,0.215,345.524,0.2 mi,26,0.433,0 mins,1.25,30,ESTIMATED,,,35.782113,-78.585087,183
539,37183052001.0,Peach Road Community Center,4.766,5.958,9588.573,6.0 mi,715,11.917,12 mins,1.25,30,ESTIMATED,,,35.782113,-78.585087,183
540,37183052001.0,Wake County Northern Regional Center,13.637,17.046,27433.532,17.0 mi,2046,34.1,34 mins,1.25,30,ESTIMATED,,,35.782113,-78.585087,183
541,37183052001.0,Wendell Parks and Recreation,11.415,14.269,22963.226,14.3 mi,1712,28.533,29 mins,1.25,30,ESTIMATED,,,35.782113,-78.585087,183
542,37183052001.0,Beech Bluff County Park,14.577,18.222,29324.783,18.2 mi,2187,36.45,36 mins,1.25,30,ESTIMATED,,,35.782113,-78.585087,183
543,37183052001.0,Wakefield Missionary Baptist,15.514,19.392,31209.178,19.4 mi,2327,38.783,39 mins,1.25,30,ESTIMATED,,,35.782113,-78.585087,183
544,37183053807.0,Fuquay-Varina Growers Market,24.085,30.106,48451.12,30.1 mi,3613,60.217,1 hr,1.25,30,ESTIMATED,,,35.916593,-78.666485,183
545,37183053807.0,Pine Acres Community Center,24.143,30.179,48567.855,30.2 mi,3621,60.35,1 hr,1.25,30,ESTIMATED,,,35.916593,-78.666485,183
546,37183053807.0,Sherrill’s University of Cosmetology,9.391,11.739,18891.528,11.7 mi,1409,23.483,23 mins,1.25,30,ESTIMATED,,,35.916593,-78.666485,183
547,37183053807.0,Raleigh Church of Christ,10.247,12.809,20614.342,12.8 mi,1537,25.617,26 mins,1.25,30,ESTIMATED,,,35.916593,-78.666485,183
548,37183053807.0,The Rock Church,8.021,10.026,16135.293,10.0 mi,1203,20.05,20 mins,1.25,30,ESTIMATED,,,35.916593,-78.666485,183
549,37183053807.0,Regeneration Temple,6.561,8.202,13199.369,8.2 mi,984,16.4,16 mins,1.25,30,ESTIMATED,,,35.916593,-78.666485,183
550,37183053807.0,Redeeming Love Missionary Baptist Church,12.379,15.474,24902.292,15.5 mi,1857,30.95,31 mins,1.25,30,ESTIMATED,,,35.916593,-78.666485,183
551,37183053807.0,Historic Oak View Park,11.417,14.271,22966.477,14.3 mi,1712,28.533,29 mins,1.25,30,ESTIMATED,,,35.916593,-78.666485,183
552,37183053807.0,Poe Center for Health Ed.,10.561,13.202,21245.941,13.2 mi,1584,26.4,26 mins,1.25,30,ESTIMATED,,,35.916593,-78.666485,183
553,37183053807.0,New Hope Baptist Church,7.186,8.983,14456.926,9.0 mi,1078,17.967,18 mins,1.25,30,ESTIMATED,,,35.916593,-78.666485,183
554,37183053807.0,Wake County Public Health,10.451,13.064,21024.277,13.1 mi,1568,26.133,26 mins,1.25,30,ESTIMATED,,,35.916593,-78.666485,183
555,37183053807.0,Peach Road Community Center,12.039,15.049,24219.498,15.0 mi,1806,30.1,30 mins,1.25,30,ESTIMATED,,,35.916593,-78.666485,183
556,37183053807.0,Wake County Northern Regional Center,9.459,11.824,19029.147,11.8 mi,1419,23.65,24 mins,1.25,30,ESTIMATED,,,35.916593,-78.666485,183
557,37183053807.0,Wendell Parks and Recreation,18.457,23.071,37129.669,23.1 mi,2769,46.15,46 mins,1.25,30,ESTIMATED,,,35.916593,-78.666485,183
558,37183053807.0,Beech Bluff County Park,22.888,28.61,46042.574,28.6 mi,3433,57.217,57 mins,1.25,30,ESTIMATED,,,35.916593,-78.666485,183
559,37183053807.0,Wakefield Missionary Baptist,20.247,25.308,40729.824,25.3 mi,3037,50.617,51 mins,1.25,30,ESTIMATED,,,35.916593,-78.666485,183
560,37183053114.0,Fuquay-Varina Growers Market,2.738,3.422,5507.918,3.4 mi,411,6.85,7 mins,1.25,30,ESTIMATED,,,35.567916,-78.756391,183
561,37183053114.0,Pine Acres Community Center,2.691,3.364,5414.295,3.4 mi,404,6.733,7 mins,1.25,30,ESTIMATED,,,35.567916,-78.756391,183
562,37183053114.0,Sherrill’s University of Cosmetology,18.522,23.152,37259.897,23.2 mi,2778,46.3,46 mins,1.25,30,ESTIMATED,,,35.567916,-78.756391,183
563,37183053114.0,Raleigh Church of Christ,14.466,18.082,29100.104,18.1 mi,2170,36.167,36 mins,1.25,30,ESTIMATED,,,35.567916,-78.756391,183
564,37183053114.0,The Rock Church,19.747,24.683,39724.209,24.7 mi,2962,49.367,49 mins,1.25,30,ESTIMATED,,,35.567916,-78.756391,183
565,37183053114.0,Regeneration Temple,20.6,25.75,41440.276,25.7 mi,3090,51.5,52 mins,1.25,30,ESTIMATED,,,35.567916,-78.756391,183
566,37183053114.0,Redeeming Love Missionary Baptist Church,15.563,19.454,31308.321,19.5 mi,2334,38.9,39 mins,1.25,30,ESTIMATED,,,35.567916,-78.756391,183
567,37183053114.0,Historic Oak View Park,17.395,21.744,34993.884,21.7 mi,2609,43.483,43 mins,1.25,30,ESTIMATED,,,35.567916,-78.756391,183
568,37183053114.0,Poe Center for Health Ed.,17.52,21.9,35244.369,21.9 mi,2628,43.8,44 mins,1.25,30,ESTIMATED,,,35.567916,-78.756391,183
569,37183053114.0,New Hope Baptist Church,21.588,26.985,43428.942,27.0 mi,3238,53.967,54 mins,1.25,30,ESTIMATED,,,35.567916,-78.756391,183
570,37183053114.0,Wake County Public Health,17.477,21.847,35159.095,21.8 mi,2622,43.7,44 mins,1.25,30,ESTIMATED,,,35.567916,-78.756391,183
571,37183053114.0,Peach Road Community Center,13.35,16.687,26855.84,16.7 mi,2002,33.367,33 mins,1.25,30,ESTIMATED,,,35.567916,-78.756391,183
572,37183053114.0,Wake County Northern Regional Center,31.011,38.763,62383.655,38.8 mi,4652,77.533,1 hr 18 mins,1.25,30,ESTIMATED,,,35.567916,-78.756391,183
573,37183053114.0,Wendell Parks and Recreation,25.744,32.18,51788.482,32.2 mi,3862,64.367,1 hr 4 mins,1.25,30,ESTIMATED,,,35.567916,-78.756391,183
574,37183053114.0,Beech Bluff County Park,4.5,5.624,9051.711,5.6 mi,675,11.25,11 mins,1.25,30,ESTIMATED,,,35.567916,-78.756391,183
575,37183053114.0,Wakefield Missionary Baptist,30.971,38.714,62303.522,38.7 mi,4646,77.433,1 hr 17 mins,1.25,30,ESTIMATED,,,35.567916,-78.756391,183
576,37183053433.0,Fuquay-Varina Growers Market,10.661,13.326,21446.597,13.3 mi,1599,26.65,27 mins,1.25,30,ESTIMATED,,,35.724725,-78.88156,183
577,37183053433.0,Pine Acres Community Center,10.73,13.413,21585.821,13.4 mi,1610,26.833,27 mins,1.25,30,ESTIMATED,,,35.724725,-78.88156,183
578,37183053433.0,Sherrill’s University of Cosmetology,17.324,21.654,34849.484,21.7 mi,2599,43.317,43 mins,1.25,30,ESTIMATED,,,35.724725,-78.88156,183
579,37183053433.0,Raleigh Church of Christ,9.565,11.956,19241.775,12.0 mi,1435,23.917,24 mins,1.25,30,ESTIMATED,,,35.724725,-78.88156,183
580,37183053433.0,The Rock Church,17.67,22.087,35546.056,22.1 mi,2650,44.167,44 mins,1.25,30,ESTIMATED,,,35.724725,-78.88156,183
581,37183053433.0,Regeneration Temple,17.576,21.97,35356.745,22.0 mi,2636,43.933,44 mins,1.25,30,ESTIMATED,,,35.724725,-78.88156,183
582,37183053433.0,Redeeming Love Missionary Baptist Church,16.407,20.509,33006.02,20.5 mi,2461,41.017,41 mins,1.25,30,ESTIMATED,,,35.724725,-78.88156,183
583,37183053433.0,Historic Oak View Park,17.646,22.057,35497.721,22.1 mi,2647,44.117,44 mins,1.25,30,ESTIMATED,,,35.724725,-78.88156,183
584,37183053433.0,Poe Center for Health Ed.,17.114,21.393,34428.495,21.4 mi,2567,42.783,43 mins,1.25,30,ESTIMATED,,,35.724725,-78.88156,183
585,37183053433.0,New Hope Baptist Church,19.036,23.796,38295.154,23.8 mi,2855,47.583,48 mins,1.25,30,ESTIMATED,,,35.724725,-78.88156,183
586,37183053433.0,Wake County Public Health,16.977,21.221,34152.337,21.2 mi,2547,42.45,42 mins,1.25,30,ESTIMATED,,,35.724725,-78.88156,183
587,37183053433.0,Peach Road Community Center,12.779,15.974,25707.494,16.0 mi,1917,31.95,32 mins,1.25,30,ESTIMATED,,,35.724725,-78.88156,183
588,37183053433.0,Wake County Northern Regional Center,26.805,33.506,53923.418,33.5 mi,4021,67.017,1 hr 7 mins,1.25,30,ESTIMATED,,,35.724725,-78.88156,183
589,37183053433.0,Wendell Parks and Recreation,28.326,35.407,56982.162,35.4 mi,4249,70.817,1 hr 11 mins,1.25,30,ESTIMATED,,,35.724725,-78.88156,183
590,37183053433.0,Beech Bluff County Park,14.882,18.603,29938.164,18.6 mi,2232,37.2,37 mins,1.25,30,ESTIMATED,,,35.724725,-78.88156,183
591,37183053433.0,Wakefield Missionary Baptist,32.601,40.751,65582.553,40.8 mi,4890,81.5,1 hr 22 mins,1.25,30,ESTIMATED,,,35.724725,-78.88156,183
592,37183053410.0,Fuquay-Varina Growers Market,16.765,20.956,33725.334,21.0 mi,2515,41.917,42 mins,1.25,30,ESTIMATED,,,35.809408,-78.91474,183
593,37183053410.0,Pine Acres Community Center,16.834,21.043,33865.503,21.0 mi,2525,42.083,42 mins,1.25,30,ESTIMATED,,,35.809408,-78.91474,183
594,37183053410.0,Sherrill’s University of Cosmetology,18.449,23.061,37112.531,23.1 mi,2767,46.117,46 mins,1.25,30,ESTIMATED,,,35.809408,-78.91474,183
595,37183053410.0,Raleigh Church of Christ,11.006,13.757,22139.569,13.8 mi,1651,27.517,28 mins,1.25,30,ESTIMATED,,,35.809408,-78.91474,183
596,37183053410.0,The Rock Church,18.284,22.855,36781.617,22.9 mi,2743,45.717,46 mins,1.25,30,ESTIMATED,,,35.809408,-78.91474,183
597,37183053410.0,Regeneration Temple,17.699,22.124,35604.971,22.1 mi,2655,44.25,44 mins,1.25,30,ESTIMATED,,,35.809408,-78.91474,183
598,37183053410.0,Redeeming Love Missionary Baptist Church,18.66,23.325,37537.461,23.3 mi,2799,46.65,47 mins,1.25,30,ESTIMATED,,,35.809408,-78.91474,183
599,37183053410.0,Historic Oak View Park,19.404,24.255,39034.298,24.3 mi,2911,48.517,49 mins,1.25,30,ESTIMATED,,,35.809408,-78.91474,183
600,37183053410.0,Poe Center for Health Ed.,18.663,23.329,37543.633,23.3 mi,2799,46.65,47 mins,1.25,30,ESTIMATED,,,35.809408,-78.91474,183
601,37183053410.0,New Hope Baptist Church,19.171,23.964,38565.668,24.0 mi,2876,47.933,48 mins,1.25,30,ESTIMATED,,,35.809408,-78.91474,183
602,37183053410.0,Wake County Public Health,18.506,23.133,37228.831,23.1 mi,2776,46.267,46 mins,1.25,30,ESTIMATED,,,35.809408,-78.91474,183
603,37183053410.0,Peach Road Community Center,15.286,19.107,30750.535,19.1 mi,2293,38.217,38 mins,1.25,30,ESTIMATED,,,35.809408,-78.91474,183
604,37183053410.0,Wake County Northern Regional Center,25.188,31.485,50670.407,31.5 mi,3778,62.967,1 hr 3 mins,1.25,30,ESTIMATED,,,35.809408,-78.91474,183
605,37183053410.0,Wendell Parks and Recreation,29.945,37.431,60239.831,37.4 mi,4492,74.867,1 hr 15 mins,1.25,30,ESTIMATED,,,35.809408,-78.91474,183
606,37183053410.0,Beech Bluff County Park,20.344,25.43,40925.253,25.4 mi,3052,50.867,51 mins,1.25,30,ESTIMATED,,,35.809408,-78.91474,183
607,37183053410.0,Wakefield Missionary Baptist,33.525,41.906,67441.167,41.9 mi,5029,83.817,1 hr 24 mins,1.25,30,ESTIMATED,,,35.809408,-78.91474,183
608,37183053722.0,Fuquay-Varina Growers Market,22.402,28.002,45065.429,28.0 mi,3360,56.0,56 mins,1.25,30,ESTIMATED,,,35.892446,-78.672151,183
609,37183053722.0,Pine Acres Community Center,22.46,28.074,45181.39,28.1 mi,3369,56.15,56 mins,1.25,30,ESTIMATED,,,35.892446,-78.672151,183
610,37183053722.0,Sherrill’s University of Cosmetology,8.153,10.191,16401.145,10.2 mi,1223,20.383,20 mins,1.25,30,ESTIMATED,,,35.892446,-78.672151,183
611,37183053722.0,Raleigh Church of Christ,8.565,10.706,17230.258,10.7 mi,1285,21.417,21 mins,1.25,30,ESTIMATED,,,35.892446,-78.672151,183
612,37183053722.0,The Rock Church,6.894,8.617,13868.056,8.6 mi,1034,17.233,17 mins,1.25,30,ESTIMATED,,,35.892446,-78.672151,183
613,37183053722.0,Regeneration Temple,5.49,6.863,11044.967,6.9 mi,824,13.733,14 mins,1.25,30,ESTIMATED,,,35.892446,-78.672151,183
614,37183053722.0,Redeeming Love Missionary Baptist Church,10.956,13.696,22040.971,13.7 mi,1643,27.383,27 mins,1.25,30,ESTIMATED,,,35.892446,-78.672151,183
615,37183053722.0,Historic Oak View Park,10.141,12.677,20401.12,12.7 mi,1521,25.35,25 mins,1.25,30,ESTIMATED,,,35.892446,-78.672151,183
616,37183053722.0,Poe Center for Health Ed.,9.257,11.572,18622.595,11.6 mi,1389,23.15,23 mins,1.25,30,ESTIMATED,,,35.892446,-78.672151,183
617,37183053722.0,New Hope Baptist Church,6.398,7.998,12871.274,8.0 mi,960,16.0,16 mins,1.25,30,ESTIMATED,,,35.892446,-78.672151,183
618,37183053722.0,Wake County Public Health,9.135,11.419,18376.745,11.4 mi,1370,22.833,23 mins,1.25,30,ESTIMATED,,,35.892446,-78.672151,183
619,37183053722.0,Peach Road Community Center,10.399,12.999,20919.097,13.0 mi,1560,26.0,26 mins,1.25,30,ESTIMATED,,,35.892446,-78.672151,183
620,37183053722.0,Wake County Northern Regional Center,10.5,13.124,21121.759,13.1 mi,1575,26.25,26 mins,1.25,30,ESTIMATED,,,35.892446,-78.672151,183
621,37183053722.0,Wendell Parks and Recreation,17.968,22.46,36145.784,22.5 mi,2695,44.917,45 mins,1.25,30,ESTIMATED,,,35.892446,-78.672151,183
622,37183053722.0,Beech Bluff County Park,21.212,26.515,42671.221,26.5 mi,3182,53.033,53 mins,1.25,30,ESTIMATED,,,35.892446,-78.672151,183
623,37183053722.0,Wakefield Missionary Baptist,20.189,25.237,40614.67,25.2 mi,3028,50.467,50 mins,1.25,30,ESTIMATED,,,35.892446,-78.672151,183
624,37183052408.0,Fuquay-Varina Growers Market,14.705,18.381,29582.133,18.4 mi,2206,36.767,37 mins,1.25,30,ESTIMATED,,,35.778792,-78.690977,183
625,37183052408.0,Pine Acres Community Center,14.758,18.448,29689.221,18.4 mi,2214,36.9,37 mins,1.25,30,ESTIMATED,,,35.778792,-78.690977,183
626,37183052408.0,Sherrill’s University of Cosmetology,6.031,7.539,12132.538,7.5 mi,905,15.083,15 mins,1.25,30,ESTIMATED,,,35.778792,-78.690977,183
627,37183052408.0,Raleigh Church of Christ,1.802,2.253,3625.415,2.3 mi,270,4.5,4 mins,1.25,30,ESTIMATED,,,35.778792,-78.690977,183
628,37183052408.0,The Rock Church,6.377,7.972,12829.242,8.0 mi,957,15.95,16 mins,1.25,30,ESTIMATED,,,35.778792,-78.690977,183
629,37183052408.0,Regeneration Temple,6.5,8.125,13076.667,8.1 mi,975,16.25,16 mins,1.25,30,ESTIMATED,,,35.778792,-78.690977,183
630,37183052408.0,Redeeming Love Missionary Baptist Church,6.014,7.518,12099.236,7.5 mi,902,15.033,15 mins,1.25,30,ESTIMATED,,,35.778792,-78.690977,183
631,37183052408.0,Historic Oak View Park,6.7,8.376,13479.068,8.4 mi,1005,16.75,17 mins,1.25,30,ESTIMATED,,,35.778792,-78.690977,183
632,37183052408.0,Poe Center for Health Ed.,6.007,7.508,12083.447,7.5 mi,901,15.017,15 mins,1.25,30,ESTIMATED,,,35.778792,-78.690977,183
633,37183052408.0,New Hope Baptist Church,7.883,9.854,15858.169,9.9 mi,1182,19.7,20 mins,1.25,30,ESTIMATED,,,35.778792,-78.690977,183
634,37183052408.0,Wake County Public Health,5.855,7.319,11778.713,7.3 mi,878,14.633,15 mins,1.25,30,ESTIMATED,,,35.778792,-78.690977,183
635,37183052408.0,Peach Road Community Center,3.22,4.026,6478.498,4.0 mi,483,8.05,8 mins,1.25,30,ESTIMATED,,,35.778792,-78.690977,183
636,37183052408.0,Wake County Northern Regional Center,16.626,20.783,33446.433,20.8 mi,2494,41.567,42 mins,1.25,30,ESTIMATED,,,35.778792,-78.690977,183
637,37183052408.0,Wendell Parks and Recreation,17.352,21.691,34907.657,21.7 mi,2603,43.383,43 mins,1.25,30,ESTIMATED,,,35.778792,-78.690977,183
638,37183052408.0,Beech Bluff County Park,13.371,16.714,26898.747,16.7 mi,2006,33.433,33 mins,1.25,30,ESTIMATED,,,35.778792,-78.690977,183
639,37183052408.0,Wakefield Missionary Baptist,21.347,26.684,42944.011,26.7 mi,3202,53.367,53 mins,1.25,30,ESTIMATED,,,35.778792,-78.690977,183
640,37183052504.0,Fuquay-Varina Growers Market,17.595,21.994,35395.587,22.0 mi,2639,43.983,44 mins,1.25,30,ESTIMATED,,,35.824779,-78.693449,183
641,37183052504.0,Pine Acres Community Center,17.652,22.065,35509.851,22.1 mi,2648,44.133,44 mins,1.25,30,ESTIMATED,,,35.824779,-78.693449,183
642,37183052504.0,Sherrill’s University of Cosmetology,6.318,7.898,12710.437,7.9 mi,948,15.8,16 mins,1.25,30,ESTIMATED,,,35.824779,-78.693449,183
643,37183052504.0,Raleigh Church of Christ,3.783,4.729,7610.25,4.7 mi,567,9.45,9 mins,1.25,30,ESTIMATED,,,35.824779,-78.693449,183
644,37183052504.0,The Rock Church,5.885,7.357,11839.179,7.4 mi,883,14.717,15 mins,1.25,30,ESTIMATED,,,35.824779,-78.693449,183
645,37183052504.0,Regeneration Temple,5.27,6.588,10602.248,6.6 mi,791,13.183,13 mins,1.25,30,ESTIMATED,,,35.824779,-78.693449,183
646,37183052504.0,Redeeming Love Missionary Baptist Church,7.822,9.778,15736.325,9.8 mi,1173,19.55,20 mins,1.25,30,ESTIMATED,,,35.824779,-78.693449,183
647,37183052504.0,Historic Oak View Park,7.784,9.731,15659.862,9.7 mi,1168,19.467,19 mins,1.25,30,ESTIMATED,,,35.824779,-78.693449,183
648,37183052504.0,Poe Center for Health Ed.,6.903,8.629,13887.207,8.6 mi,1035,17.25,17 mins,1.25,30,ESTIMATED,,,35.824779,-78.693449,183
649,37183052504.0,New Hope Baptist Church,6.753,8.442,13585.499,8.4 mi,1013,16.883,17 mins,1.25,30,ESTIMATED,,,35.824779,-78.693449,183
650,37183052504.0,Wake County Public Health,6.746,8.432,13570.184,8.4 mi,1012,16.867,17 mins,1.25,30,ESTIMATED,,,35.824779,-78.693449,183
651,37183052504.0,Peach Road Community Center,6.077,7.597,12225.961,7.6 mi,912,15.2,15 mins,1.25,30,ESTIMATED,,,35.824779,-78.693449,183
652,37183052504.0,Wake County Northern Regional Center,14.328,17.91,28822.567,17.9 mi,2149,35.817,36 mins,1.25,30,ESTIMATED,,,35.824779,-78.693449,183
653,37183052504.0,Wendell Parks and Recreation,17.726,22.158,35659.529,22.2 mi,2659,44.317,44 mins,1.25,30,ESTIMATED,,,35.824779,-78.693449,183
654,37183052504.0,Beech Bluff County Park,16.552,20.69,33296.649,20.7 mi,2483,41.383,41 mins,1.25,30,ESTIMATED,,,35.824779,-78.693449,183
655,37183052504.0,Wakefield Missionary Baptist,21.085,26.357,42417.158,26.4 mi,3163,52.717,53 mins,1.25,30,ESTIMATED,,,35.824779,-78.693449,183
656,37183054224.0,Fuquay-Varina Growers Market,31.787,39.734,63945.615,39.7 mi,4768,79.467,1 hr 19 mins,1.25,30,ESTIMATED,,,35.975673,-78.500041,183
657,37183054224.0,Pine Acres Community Center,31.834,39.793,64040.147,39.8 mi,4775,79.583,1 hr 20 mins,1.25,30,ESTIMATED,,,35.975673,-78.500041,183
658,37183054224.0,Sherrill’s University of Cosmetology,13.22,16.525,26593.721,16.5 mi,1983,33.05,33 mins,1.25,30,ESTIMATED,,,35.975673,-78.500041,183
659,37183054224.0,Raleigh Church of Christ,18.626,23.282,37469.028,23.3 mi,2794,46.567,47 mins,1.25,30,ESTIMATED,,,35.975673,-78.500041,183
660,37183054224.0,The Rock Church,11.897,14.872,23933.6,14.9 mi,1785,29.75,30 mins,1.25,30,ESTIMATED,,,35.975673,-78.500041,183
661,37183054224.0,Regeneration Temple,11.06,13.825,22249.188,13.8 mi,1659,27.65,28 mins,1.25,30,ESTIMATED,,,35.975673,-78.500041,183
662,37183054224.0,Redeeming Love Missionary Baptist Church,16.501,20.627,33195.64,20.6 mi,2475,41.25,41 mins,1.25,30,ESTIMATED,,,35.975673,-78.500041,183
663,37183054224.0,Historic Oak View Park,14.755,18.444,29682.243,18.4 mi,2213,36.883,37 mins,1.25,30,ESTIMATED,,,35.975673,-78.500041,183
664,37183054224.0,Poe Center for Health Ed.,14.362,17.952,28891.7,18.0 mi,2154,35.9,36 mins,1.25,30,ESTIMATED,,,35.975673,-78.500041,183
665,37183054224.0,New Hope Baptist Church,10.051,12.564,20219.254,12.6 mi,1508,25.133,25 mins,1.25,30,ESTIMATED,,,35.975673,-78.500041,183
666,37183054224.0,Wake County Public Health,14.366,17.957,28899.471,18.0 mi,2155,35.917,36 mins,1.25,30,ESTIMATED,,,35.975673,-78.500041,183
667,37183054224.0,Peach Road Community Center,18.287,22.858,36787.12,22.9 mi,2743,45.717,46 mins,1.25,30,ESTIMATED,,,35.975673,-78.500041,183
668,37183054224.0,Wake County Northern Regional Center,0.716,0.895,1440.108,0.9 mi,107,1.783,2 mins,1.25,30,ESTIMATED,,,35.975673,-78.500041,183
669,37183054224.0,Wendell Parks and Recreation,14.906,18.633,29986.724,18.6 mi,2236,37.267,37 mins,1.25,30,ESTIMATED,,,35.975673,-78.500041,183
670,37183054224.0,Beech Bluff County Park,28.77,35.962,57875.967,36.0 mi,4315,71.917,1 hr 12 mins,1.25,30,ESTIMATED,,,35.975673,-78.500041,183
671,37183054224.0,Wakefield Missionary Baptist,13.877,17.346,27915.282,17.3 mi,2081,34.683,35 mins,1.25,30,ESTIMATED,,,35.975673,-78.500041,183
672,37183054011.0,Fuquay-Varina Growers Market,23.652,29.564,47579.257,29.6 mi,3548,59.133,59 mins,1.25,30,ESTIMATED,,,35.892227,-78.613378,183
673,37183054011.0,Pine Acres Community Center,23.703,29.629,47683.622,29.6 mi,3556,59.267,59 mins,1.25,30,ESTIMATED,,,35.892227,-78.613378,183
674,37183054011.0,Sherrill’s University of Cosmetology,6.73,8.412,13537.671,8.4 mi,1009,16.817,17 mins,1.25,30,ESTIMATED,,,35.892227,-78.613378,183
675,37183054011.0,Raleigh Church of Christ,10.132,12.665,20382.768,12.7 mi,1520,25.333,25 mins,1.25,30,ESTIMATED,,,35.892227,-78.613378,183
676,37183054011.0,The Rock Church,5.236,6.545,10533.192,6.5 mi,785,13.083,13 mins,1.25,30,ESTIMATED,,,35.892227,-78.613378,183
677,37183054011.0,Regeneration Temple,3.815,4.769,7675.534,4.8 mi,572,9.533,10 mins,1.25,30,ESTIMATED,,,35.892227,-78.613378,183
678,37183054011.0,Redeeming Love Missionary Baptist Church,10.022,12.528,20161.843,12.5 mi,1503,25.05,25 mins,1.25,30,ESTIMATED,,,35.892227,-78.613378,183
679,37183054011.0,Historic Oak View Park,8.744,10.93,17590.338,10.9 mi,1312,21.867,22 mins,1.25,30,ESTIMATED,,,35.892227,-78.613378,183
680,37183054011.0,Poe Center for Health Ed.,7.983,9.978,16058.289,10.0 mi,1197,19.95,20 mins,1.25,30,ESTIMATED,,,35.892227,-78.613378,183
681,37183054011.0,New Hope Baptist Church,3.989,4.986,8024.089,5.0 mi,598,9.967,10 mins,1.25,30,ESTIMATED,,,35.892227,-78.613378,183
682,37183054011.0,Wake County Public Health,7.904,9.88,15900.435,9.9 mi,1186,19.767,20 mins,1.25,30,ESTIMATED,,,35.892227,-78.613378,183
683,37183054011.0,Peach Road Community Center,10.595,13.244,21313.849,13.2 mi,1589,26.483,26 mins,1.25,30,ESTIMATED,,,35.892227,-78.613378,183
684,37183054011.0,Wake County Northern Regional Center,7.865,9.831,15822.143,9.8 mi,1180,19.667,20 mins,1.25,30,ESTIMATED,,,35.892227,-78.613378,183
685,37183054011.0,Wendell Parks and Recreation,15.041,18.802,30258.446,18.8 mi,2256,37.6,38 mins,1.25,30,ESTIMATED,,,35.892227,-78.613378,183
686,37183054011.0,Beech Bluff County Park,21.513,26.891,43276.935,26.9 mi,3227,53.783,54 mins,1.25,30,ESTIMATED,,,35.892227,-78.613378,183
687,37183054011.0,Wakefield Missionary Baptist,16.96,21.2,34117.464,21.2 mi,2544,42.4,42 mins,1.25,30,ESTIMATED,,,35.892227,-78.613378,183
688,37183052506.0,Fuquay-Varina Growers Market,19.6,24.5,39429.241,24.5 mi,2940,49.0,49 mins,1.25,30,ESTIMATED,,,35.854507,-78.689922,183
689,37183052506.0,Pine Acres Community Center,19.658,24.573,39545.623,24.6 mi,2949,49.15,49 mins,1.25,30,ESTIMATED,,,35.854507,-78.689922,183
690,37183052506.0,Sherrill’s University of Cosmetology,7.039,8.799,14160.431,8.8 mi,1056,17.6,18 mins,1.25,30,ESTIMATED,,,35.854507,-78.689922,183
691,37183052506.0,Raleigh Church of Christ,5.763,7.203,11592.413,7.2 mi,864,14.4,14 mins,1.25,30,ESTIMATED,,,35.854507,-78.689922,183
692,37183052506.0,The Rock Church,6.177,7.722,12426.799,7.7 mi,927,15.45,15 mins,1.25,30,ESTIMATED,,,35.854507,-78.689922,183
693,37183052506.0,Regeneration Temple,5.122,6.402,10303.563,6.4 mi,768,12.8,13 mins,1.25,30,ESTIMATED,,,35.854507,-78.689922,183
694,37183052506.0,Redeeming Love Missionary Baptist Church,9.211,11.514,18529.783,11.5 mi,1382,23.033,23 mins,1.25,30,ESTIMATED,,,35.854507,-78.689922,183
695,37183052506.0,Historic Oak View Park,8.811,11.014,17724.906,11.0 mi,1322,22.033,22 mins,1.25,30,ESTIMATED,,,35.854507,-78.689922,183
696,37183052506.0,Poe Center for Health Ed.,7.9,9.875,15891.861,9.9 mi,1185,19.75,20 mins,1.25,30,ESTIMATED,,,35.854507,-78.689922,183
697,37183052506.0,New Hope Baptist Church,6.474,8.092,13023.155,8.1 mi,971,16.183,16 mins,1.25,30,ESTIMATED,,,35.854507,-78.689922,183
698,37183052506.0,Wake County Public Health,7.753,9.692,15597.223,9.7 mi,1163,19.383,19 mins,1.25,30,ESTIMATED,,,35.854507,-78.689922,183
699,37183052506.0,Peach Road Community Center,7.979,9.973,16050.639,10.0 mi,1197,19.95,20 mins,1.25,30,ESTIMATED,,,35.854507,-78.689922,183
700,37183052506.0,Wake County Northern Regional Center,12.815,16.019,25779.401,16.0 mi,1922,32.033,32 mins,1.25,30,ESTIMATED,,,35.854507,-78.689922,183
701,37183052506.0,Wendell Parks and Recreation,17.985,22.481,36179.504,22.5 mi,2698,44.967,45 mins,1.25,30,ESTIMATED,,,35.854507,-78.689922,183
702,37183052506.0,Beech Bluff County Park,18.596,23.245,37409.541,23.2 mi,2789,46.483,46 mins,1.25,30,ESTIMATED,,,35.854507,-78.689922,183
703,37183052506.0,Wakefield Missionary Baptist,20.883,26.104,42010.769,26.1 mi,3133,52.217,52 mins,1.25,30,ESTIMATED,,,35.854507,-78.689922,183
704,37183053436.0,Fuquay-Varina Growers Market,10.278,12.847,20675.714,12.8 mi,1542,25.7,26 mins,1.25,30,ESTIMATED,,,35.730052,-78.84244,183
705,37183053436.0,Pine Acres Community Center,10.348,12.935,20816.602,12.9 mi,1552,25.867,26 mins,1.25,30,ESTIMATED,,,35.730052,-78.84244,183
706,37183053436.0,Sherrill’s University of Cosmetology,15.12,18.9,30416.502,18.9 mi,2268,37.8,38 mins,1.25,30,ESTIMATED,,,35.730052,-78.84244,183
707,37183053436.0,Raleigh Church of Christ,7.404,9.254,14893.503,9.3 mi,1111,18.517,19 mins,1.25,30,ESTIMATED,,,35.730052,-78.84244,183
708,37183053436.0,The Rock Church,15.502,19.378,31186.046,19.4 mi,2325,38.75,39 mins,1.25,30,ESTIMATED,,,35.730052,-78.84244,183
709,37183053436.0,Regeneration Temple,15.461,19.327,31103.546,19.3 mi,2319,38.65,39 mins,1.25,30,ESTIMATED,,,35.730052,-78.84244,183
710,37183053436.0,Redeeming Love Missionary Baptist Church,14.188,17.735,28541.21,17.7 mi,2128,35.467,35 mins,1.25,30,ESTIMATED,,,35.730052,-78.84244,183
711,37183053436.0,Historic Oak View Park,15.421,19.276,31022.437,19.3 mi,2313,38.55,39 mins,1.25,30,ESTIMATED,,,35.730052,-78.84244,183
712,37183053436.0,Poe Center for Health Ed.,14.894,18.617,29961.013,18.6 mi,2234,37.233,37 mins,1.25,30,ESTIMATED,,,35.730052,-78.84244,183
713,37183053436.0,New Hope Baptist Church,16.91,21.138,34017.529,21.1 mi,2537,42.283,42 mins,1.25,30,ESTIMATED,,,35.730052,-78.84244,183
714,37183053436.0,Wake County Public Health,14.757,18.446,29686.325,18.4 mi,2214,36.9,37 mins,1.25,30,ESTIMATED,,,35.730052,-78.84244,183
715,37183053436.0,Peach Road Community Center,10.561,13.201,21244.366,13.2 mi,1584,26.4,26 mins,1.25,30,ESTIMATED,,,35.730052,-78.84244,183
716,37183053436.0,Wake County Northern Regional Center,24.899,31.124,50089.146,31.1 mi,3735,62.25,1 hr 2 mins,1.25,30,ESTIMATED,,,35.730052,-78.84244,183
717,37183053436.0,Wendell Parks and Recreation,26.101,32.627,52507.575,32.6 mi,3915,65.25,1 hr 5 mins,1.25,30,ESTIMATED,,,35.730052,-78.84244,183
718,37183053436.0,Beech Bluff County Park,13.551,16.939,27260.704,16.9 mi,2033,33.883,34 mins,1.25,30,ESTIMATED,,,35.730052,-78.84244,183
719,37183053436.0,Wakefield Missionary Baptist,30.384,37.98,61123.189,38.0 mi,4558,75.967,1 hr 16 mins,1.25,30,ESTIMATED,,,35.730052,-78.84244,183
720,37183052701.0,Fuquay-Varina Growers Market,19.909,24.886,40050.751,24.9 mi,2986,49.767,50 mins,1.25,30,ESTIMATED,,,35.832832,-78.618465,183
721,37183052701.0,Pine Acres Community Center,19.957,24.946,40147.36,24.9 mi,2994,49.9,50 mins,1.25,30,ESTIMATED,,,35.832832,-78.618465,183
722,37183052701.0,Sherrill’s University of Cosmetology,3.054,3.817,6143.302,3.8 mi,458,7.633,8 mins,1.25,30,ESTIMATED,,,35.832832,-78.618465,183
723,37183052701.0,Raleigh Church of Christ,7.065,8.832,14213.273,8.8 mi,1060,17.667,18 mins,1.25,30,ESTIMATED,,,35.832832,-78.618465,183
724,37183052701.0,The Rock Church,1.92,2.4,3862.969,2.4 mi,288,4.8,5 mins,1.25,30,ESTIMATED,,,35.832832,-78.618465,183
725,37183052701.0,Regeneration Temple,1.052,1.315,2116.389,1.3 mi,158,2.633,3 mins,1.25,30,ESTIMATED,,,35.832832,-78.618465,183
726,37183052701.0,Redeeming Love Missionary Baptist Church,6.043,7.554,12157.255,7.6 mi,907,15.117,15 mins,1.25,30,ESTIMATED,,,35.832832,-78.618465,183
727,37183052701.0,Historic Oak View Park,5.052,6.315,10162.51,6.3 mi,758,12.633,13 mins,1.25,30,ESTIMATED,,,35.832832,-78.618465,183
728,37183052701.0,Poe Center for Health Ed.,4.183,5.229,8414.688,5.2 mi,627,10.45,10 mins,1.25,30,ESTIMATED,,,35.832832,-78.618465,183
729,37183052701.0,New Hope Baptist Church,2.538,3.172,5104.694,3.2 mi,381,6.35,6 mins,1.25,30,ESTIMATED,,,35.832832,-78.618465,183
730,37183052701.0,Wake County Public Health,4.07,5.088,8188.201,5.1 mi,611,10.183,10 mins,1.25,30,ESTIMATED,,,35.832832,-78.618465,183
731,37183052701.0,Peach Road Community Center,6.558,8.198,13192.684,8.2 mi,984,16.4,16 mins,1.25,30,ESTIMATED,,,35.832832,-78.618465,183
732,37183052701.0,Wake County Northern Regional Center,11.235,14.044,22601.696,14.0 mi,1685,28.083,28 mins,1.25,30,ESTIMATED,,,35.832832,-78.618465,183
733,37183052701.0,Wendell Parks and Recreation,13.729,17.161,27618.365,17.2 mi,2059,34.317,34 mins,1.25,30,ESTIMATED,,,35.832832,-78.618465,183
734,37183052701.0,Beech Bluff County Park,17.426,21.783,35056.468,21.8 mi,2614,43.567,44 mins,1.25,30,ESTIMATED,,,35.832832,-78.618465,183
735,37183052701.0,Wakefield Missionary Baptist,16.866,21.082,33928.256,21.1 mi,2530,42.167,42 mins,1.25,30,ESTIMATED,,,35.832832,-78.618465,183
736,37183052409.0,Fuquay-Varina Growers Market,14.746,18.433,29665.025,18.4 mi,2212,36.867,37 mins,1.25,30,ESTIMATED,,,35.776726,-78.683923,183
737,37183052409.0,Pine Acres Community Center,14.798,18.498,29769.467,18.5 mi,2220,37.0,37 mins,1.25,30,ESTIMATED,,,35.776726,-78.683923,183
738,37183052409.0,Sherrill’s University of Cosmetology,5.68,7.1,11425.82,7.1 mi,852,14.2,14 mins,1.25,30,ESTIMATED,,,35.776726,-78.683923,183
739,37183052409.0,Raleigh Church of Christ,2.185,2.731,4395.232,2.7 mi,328,5.467,5 mins,1.25,30,ESTIMATED,,,35.776726,-78.683923,183
740,37183052409.0,The Rock Church,6.092,7.615,12254.717,7.6 mi,914,15.233,15 mins,1.25,30,ESTIMATED,,,35.776726,-78.683923,183
741,37183052409.0,Regeneration Temple,6.293,7.866,12659.803,7.9 mi,944,15.733,16 mins,1.25,30,ESTIMATED,,,35.776726,-78.683923,183
742,37183052409.0,Redeeming Love Missionary Baptist Church,5.594,6.993,11253.596,7.0 mi,839,13.983,14 mins,1.25,30,ESTIMATED,,,35.776726,-78.683923,183
743,37183052409.0,Historic Oak View Park,6.295,7.869,12663.323,7.9 mi,944,15.733,16 mins,1.25,30,ESTIMATED,,,35.776726,-78.683923,183
744,37183052409.0,Poe Center for Health Ed.,5.614,7.017,11293.294,7.0 mi,842,14.033,14 mins,1.25,30,ESTIMATED,,,35.776726,-78.683923,183
745,37183052409.0,New Hope Baptist Church,7.646,9.558,15381.868,9.6 mi,1147,19.117,19 mins,1.25,30,ESTIMATED,,,35.776726,-78.683923,183
746,37183052409.0,Wake County Public Health,5.464,6.83,10991.357,6.8 mi,820,13.667,14 mins,1.25,30,ESTIMATED,,,35.776726,-78.683923,183
747,37183052409.0,Peach Road Community Center,2.869,3.586,5770.711,3.6 mi,430,7.167,7 mins,1.25,30,ESTIMATED,,,35.776726,-78.683923,183
748,37183052409.0,Wake County Northern Regional Center,16.505,20.631,33202.689,20.6 mi,2476,41.267,41 mins,1.25,30,ESTIMATED,,,35.776726,-78.683923,183
749,37183052409.0,Wendell Parks and Recreation,16.96,21.2,34118.346,21.2 mi,2544,42.4,42 mins,1.25,30,ESTIMATED,,,35.776726,-78.683923,183
750,37183052409.0,Beech Bluff County Park,13.215,16.519,26584.371,16.5 mi,1982,33.033,33 mins,1.25,30,ESTIMATED,,,35.776726,-78.683923,183
751,37183052409.0,Wakefield Missionary Baptist,20.989,26.237,42223.987,26.2 mi,3148,52.467,52 mins,1.25,30,ESTIMATED,,,35.776726,-78.683923,183
752,37183053719.0,Fuquay-Varina Growers Market,23.705,29.631,47685.909,29.6 mi,3556,59.267,59 mins,1.25,30,ESTIMATED,,,35.92573,-78.747528,183
753,37183053719.0,Pine Acres Community Center,23.769,29.711,47815.552,29.7 mi,3565,59.417,59 mins,1.25,30,ESTIMATED,,,35.92573,-78.747528,183
754,37183053719.0,Sherrill’s University of Cosmetology,12.671,15.839,25490.181,15.8 mi,1901,31.683,32 mins,1.25,30,ESTIMATED,,,35.92573,-78.747528,183
755,37183053719.0,Raleigh Church of Christ,10.471,13.089,21065.026,13.1 mi,1571,26.183,26 mins,1.25,30,ESTIMATED,,,35.92573,-78.747528,183
756,37183053719.0,The Rock Church,11.549,14.436,23232.578,14.4 mi,1732,28.867,29 mins,1.25,30,ESTIMATED,,,35.92573,-78.747528,183
757,37183053719.0,Regeneration Temple,10.211,12.764,20541.633,12.8 mi,1532,25.533,26 mins,1.25,30,ESTIMATED,,,35.92573,-78.747528,183
758,37183053719.0,Redeeming Love Missionary Baptist Church,15.086,18.857,30347.275,18.9 mi,2263,37.717,38 mins,1.25,30,ESTIMATED,,,35.92573,-78.747528,183
759,37183053719.0,Historic Oak View Park,14.566,18.208,29303.066,18.2 mi,2185,36.417,36 mins,1.25,30,ESTIMATED,,,35.92573,-78.747528,183
760,37183053719.0,Poe Center for Health Ed.,13.658,17.073,27475.666,17.1 mi,2049,34.15,34 mins,1.25,30,ESTIMATED,,,35.92573,-78.747528,183
761,37183053719.0,New Hope Baptist Church,11.198,13.998,22527.378,14.0 mi,1680,28.0,28 mins,1.25,30,ESTIMATED,,,35.92573,-78.747528,183
762,37183053719.0,Wake County Public Health,13.52,16.9,27197.687,16.9 mi,2028,33.8,34 mins,1.25,30,ESTIMATED,,,35.92573,-78.747528,183
763,37183053719.0,Peach Road Community Center,13.678,17.097,27515.725,17.1 mi,2052,34.2,34 mins,1.25,30,ESTIMATED,,,35.92573,-78.747528,183
764,37183053719.0,Wake County Northern Regional Center,13.59,16.988,27338.763,17.0 mi,2039,33.983,34 mins,1.25,30,ESTIMATED,,,35.92573,-78.747528,183
765,37183053719.0,Wendell Parks and Recreation,22.764,28.456,45794.822,28.5 mi,3415,56.917,57 mins,1.25,30,ESTIMATED,,,35.92573,-78.747528,183
766,37183053719.0,Beech Bluff County Park,23.817,29.771,47912.053,29.8 mi,3573,59.55,1 hr,1.25,30,ESTIMATED,,,35.92573,-78.747528,183
767,37183053719.0,Wakefield Missionary Baptist,24.796,30.995,49881.625,31.0 mi,3719,61.983,1 hr 2 mins,1.25,30,ESTIMATED,,,35.92573,-78.747528,183
768,37183053113.0,Fuquay-Varina Growers Market,1.186,1.482,2385.725,1.5 mi,178,2.967,3 mins,1.25,30,ESTIMATED,,,35.571326,-78.812382,183
769,37183053113.0,Pine Acres Community Center,1.144,1.429,2300.539,1.4 mi,172,2.867,3 mins,1.25,30,ESTIMATED,,,35.571326,-78.812382,183
770,37183053113.0,Sherrill’s University of Cosmetology,20.141,25.176,40517.121,25.2 mi,3021,50.35,50 mins,1.25,30,ESTIMATED,,,35.571326,-78.812382,183
771,37183053113.0,Raleigh Church of Christ,14.975,18.719,30124.987,18.7 mi,2246,37.433,37 mins,1.25,30,ESTIMATED,,,35.571326,-78.812382,183
772,37183053113.0,The Rock Church,21.233,26.541,42713.505,26.5 mi,3185,53.083,53 mins,1.25,30,ESTIMATED,,,35.571326,-78.812382,183
773,37183053113.0,Regeneration Temple,21.917,27.396,44089.159,27.4 mi,3287,54.783,55 mins,1.25,30,ESTIMATED,,,35.571326,-78.812382,183
774,37183053113.0,Redeeming Love Missionary Baptist Church,17.459,21.824,35122.563,21.8 mi,2619,43.65,44 mins,1.25,30,ESTIMATED,,,35.571326,-78.812382,183
775,37183053113.0,Historic Oak View Park,19.262,24.077,38748.94,24.1 mi,2889,48.15,48 mins,1.25,30,ESTIMATED,,,35.571326,-78.812382,183
776,37183053113.0,Poe Center for Health Ed.,19.258,24.073,38740.998,24.1 mi,2889,48.15,48 mins,1.25,30,ESTIMATED,,,35.571326,-78.812382,183
777,37183053113.0,New Hope Baptist Church,23.041,28.802,46351.567,28.8 mi,3456,57.6,58 mins,1.25,30,ESTIMATED,,,35.571326,-78.812382,183
778,37183053113.0,Wake County Public Health,19.194,23.992,38612.13,24.0 mi,2879,47.983,48 mins,1.25,30,ESTIMATED,,,35.571326,-78.812382,183
779,37183053113.0,Peach Road Community Center,14.776,18.47,29724.634,18.5 mi,2216,36.933,37 mins,1.25,30,ESTIMATED,,,35.571326,-78.812382,183
780,37183053113.0,Wake County Northern Regional Center,32.325,40.406,65027.097,40.4 mi,4849,80.817,1 hr 21 mins,1.25,30,ESTIMATED,,,35.571326,-78.812382,183
781,37183053113.0,Wendell Parks and Recreation,28.248,35.31,56825.594,35.3 mi,4237,70.617,1 hr 11 mins,1.25,30,ESTIMATED,,,35.571326,-78.812382,183
782,37183053113.0,Beech Bluff County Park,7.543,9.428,15173.345,9.4 mi,1131,18.85,19 mins,1.25,30,ESTIMATED,,,35.571326,-78.812382,183
783,37183053113.0,Wakefield Missionary Baptist,33.391,41.739,67171.953,41.7 mi,5009,83.483,1 hr 23 mins,1.25,30,ESTIMATED,,,35.571326,-78.812382,183
784,37183052906.0,Fuquay-Varina Growers Market,8.82,11.026,17743.887,11.0 mi,1323,22.05,22 mins,1.25,30,ESTIMATED,,,35.626278,-78.651448,183
785,37183052906.0,Pine Acres Community Center,8.824,11.03,17750.989,11.0 mi,1324,22.067,22 mins,1.25,30,ESTIMATED,,,35.626278,-78.651448,183
786,37183052906.0,Sherrill’s University of Cosmetology,12.384,15.48,24913.088,15.5 mi,1858,30.967,31 mins,1.25,30,ESTIMATED,,,35.626278,-78.651448,183
787,37183052906.0,Raleigh Church of Christ,11.062,13.827,22252.563,13.8 mi,1659,27.65,28 mins,1.25,30,ESTIMATED,,,35.626278,-78.651448,183
788,37183052906.0,The Rock Church,13.784,17.23,27729.089,17.2 mi,2068,34.467,34 mins,1.25,30,ESTIMATED,,,35.626278,-78.651448,183
789,37183052906.0,Regeneration Temple,14.899,18.624,29972.354,18.6 mi,2235,37.25,37 mins,1.25,30,ESTIMATED,,,35.626278,-78.651448,183
790,37183052906.0,Redeeming Love Missionary Baptist Church,9.103,11.379,18312.793,11.4 mi,1365,22.75,23 mins,1.25,30,ESTIMATED,,,35.626278,-78.651448,183
791,37183052906.0,Historic Oak View Park,10.901,13.626,21928.556,13.6 mi,1635,27.25,27 mins,1.25,30,ESTIMATED,,,35.626278,-78.651448,183
792,37183052906.0,Poe Center for Health Ed.,11.227,14.034,22585.208,14.0 mi,1684,28.067,28 mins,1.25,30,ESTIMATED,,,35.626278,-78.651448,183
793,37183052906.0,New Hope Baptist Church,15.609,19.511,31399.975,19.5 mi,2341,39.017,39 mins,1.25,30,ESTIMATED,,,35.626278,-78.651448,183
794,37183052906.0,Wake County Public Health,11.223,14.029,22577.376,14.0 mi,1683,28.05,28 mins,1.25,30,ESTIMATED,,,35.626278,-78.651448,183
795,37183052906.0,Peach Road Community Center,8.039,10.049,16172.83,10.0 mi,1206,20.1,20 mins,1.25,30,ESTIMATED,,,35.626278,-78.651448,183
796,37183052906.0,Wake County Northern Regional Center,25.028,31.285,50348.565,31.3 mi,3754,62.567,1 hr 3 mins,1.25,30,ESTIMATED,,,35.626278,-78.651448,183
797,37183052906.0,Wendell Parks and Recreation,18.602,23.253,37421.419,23.3 mi,2790,46.5,46 mins,1.25,30,ESTIMATED,,,35.626278,-78.651448,183
798,37183052906.0,Beech Bluff County Park,3.223,4.028,6482.965,4.0 mi,483,8.05,8 mins,1.25,30,ESTIMATED,,,35.626278,-78.651448,183
799,37183052906.0,Wakefield Missionary Baptist,23.841,29.801,47960.779,29.8 mi,3576,59.6,1 hr,1.25,30,ESTIMATED,,,35.626278,-78.651448,183
800,37183051102.0,Fuquay-Varina Growers Market,15.458,19.322,31096.455,19.3 mi,2319,38.65,39 mins,1.25,30,ESTIMATED,,,35.782189,-78.669314,183
801,37183051102.0,Pine Acres Community Center,15.508,19.385,31197.348,19.4 mi,2326,38.767,39 mins,1.25,30,ESTIMATED,,,35.782189,-78.669314,183
802,37183051102.0,Sherrill’s University of Cosmetology,4.795,5.993,9645.534,6.0 mi,719,11.983,12 mins,1.25,30,ESTIMATED,,,35.782189,-78.669314,183
803,37183051102.0,Raleigh Church of Christ,3.037,3.797,6110.277,3.8 mi,456,7.6,8 mins,1.25,30,ESTIMATED,,,35.782189,-78.669314,183
804,37183051102.0,The Rock Church,5.193,6.491,10446.081,6.5 mi,779,12.983,13 mins,1.25,30,ESTIMATED,,,35.782189,-78.669314,183
805,37183051102.0,Regeneration Temple,5.44,6.8,10943.608,6.8 mi,816,13.6,14 mins,1.25,30,ESTIMATED,,,35.782189,-78.669314,183
806,37183051102.0,Redeeming Love Missionary Baptist Church,5.0,6.25,10058.843,6.3 mi,750,12.5,12 mins,1.25,30,ESTIMATED,,,35.782189,-78.669314,183
807,37183051102.0,Historic Oak View Park,5.522,6.902,11108.453,6.9 mi,828,13.8,14 mins,1.25,30,ESTIMATED,,,35.782189,-78.669314,183
808,37183051102.0,Poe Center for Health Ed.,4.797,5.996,9649.232,6.0 mi,719,11.983,12 mins,1.25,30,ESTIMATED,,,35.782189,-78.669314,183
809,37183051102.0,New Hope Baptist Church,6.768,8.461,13615.915,8.5 mi,1015,16.917,17 mins,1.25,30,ESTIMATED,,,35.782189,-78.669314,183
810,37183051102.0,Wake County Public Health,4.643,5.804,9340.03,5.8 mi,696,11.6,12 mins,1.25,30,ESTIMATED,,,35.782189,-78.669314,183
811,37183051102.0,Peach Road Community Center,2.854,3.567,5741.267,3.6 mi,428,7.133,7 mins,1.25,30,ESTIMATED,,,35.782189,-78.669314,183
812,37183051102.0,Wake County Northern Regional Center,15.725,19.656,31633.98,19.7 mi,2359,39.317,39 mins,1.25,30,ESTIMATED,,,35.782189,-78.669314,183
813,37183051102.0,Wendell Parks and Recreation,16.136,20.17,32460.432,20.2 mi,2420,40.333,40 mins,1.25,30,ESTIMATED,,,35.782189,-78.669314,183
814,37183051102.0,Beech Bluff County Park,13.601,17.002,27361.779,17.0 mi,2040,34.0,34 mins,1.25,30,ESTIMATED,,,35.782189,-78.669314,183
815,37183051102.0,Wakefield Missionary Baptist,20.111,25.138,40456.184,25.1 mi,3017,50.283,50 mins,1.25,30,ESTIMATED,,,35.782189,-78.669314,183
816,37183053726.0,Fuquay-Varina Growers Market,20.246,25.308,40729.203,25.3 mi,3037,50.617,51 mins,1.25,30,ESTIMATED,,,35.869133,-78.710348,183
817,37183053726.0,Pine Acres Community Center,20.307,25.384,40850.823,25.4 mi,3046,50.767,51 mins,1.25,30,ESTIMATED,,,35.869133,-78.710348,183
818,37183053726.0,Sherrill’s University of Cosmetology,8.555,10.694,17209.618,10.7 mi,1283,21.383,21 mins,1.25,30,ESTIMATED,,,35.869133,-78.710348,183
819,37183053726.0,Raleigh Church of Christ,6.507,8.134,13090.703,8.1 mi,976,16.267,16 mins,1.25,30,ESTIMATED,,,35.869133,-78.710348,183
820,37183053726.0,The Rock Church,7.642,9.553,15373.444,9.6 mi,1146,19.1,19 mins,1.25,30,ESTIMATED,,,35.869133,-78.710348,183
821,37183053726.0,Regeneration Temple,6.503,8.129,13082.206,8.1 mi,975,16.25,16 mins,1.25,30,ESTIMATED,,,35.869133,-78.710348,183
822,37183053726.0,Redeeming Love Missionary Baptist Church,10.712,13.39,21549.26,13.4 mi,1607,26.783,27 mins,1.25,30,ESTIMATED,,,35.869133,-78.710348,183
823,37183053726.0,Historic Oak View Park,10.337,12.922,20795.22,12.9 mi,1551,25.85,26 mins,1.25,30,ESTIMATED,,,35.869133,-78.710348,183
824,37183053726.0,Poe Center for Health Ed.,9.426,11.783,18962.145,11.8 mi,1414,23.567,24 mins,1.25,30,ESTIMATED,,,35.869133,-78.710348,183
825,37183053726.0,New Hope Baptist Church,7.776,9.72,15643.537,9.7 mi,1166,19.433,19 mins,1.25,30,ESTIMATED,,,35.869133,-78.710348,183
826,37183053726.0,Wake County Public Health,9.28,11.599,18667.534,11.6 mi,1392,23.2,23 mins,1.25,30,ESTIMATED,,,35.869133,-78.710348,183
827,37183053726.0,Peach Road Community Center,9.28,11.6,18669.165,11.6 mi,1392,23.2,23 mins,1.25,30,ESTIMATED,,,35.869133,-78.710348,183
828,37183053726.0,Wake County Northern Regional Center,13.164,16.455,26482.174,16.5 mi,1975,32.917,33 mins,1.25,30,ESTIMATED,,,35.869133,-78.710348,183
829,37183053726.0,Wendell Parks and Recreation,19.373,24.217,38973.097,24.2 mi,2906,48.433,48 mins,1.25,30,ESTIMATED,,,35.869133,-78.710348,183
830,37183053726.0,Beech Bluff County Park,19.674,24.593,39578.636,24.6 mi,2951,49.183,49 mins,1.25,30,ESTIMATED,,,35.869133,-78.710348,183
831,37183053726.0,Wakefield Missionary Baptist,22.094,27.617,44445.883,27.6 mi,3314,55.233,55 mins,1.25,30,ESTIMATED,,,35.869133,-78.710348,183
832,37183054214.0,Fuquay-Varina Growers Market,32.014,40.017,64401.763,40.0 mi,4802,80.033,1 hr 20 mins,1.25,30,ESTIMATED,,,35.924876,-78.411682,183
833,37183054214.0,Pine Acres Community Center,32.05,40.063,64474.818,40.1 mi,4808,80.133,1 hr 20 mins,1.25,30,ESTIMATED,,,35.924876,-78.411682,183
834,37183054214.0,Sherrill’s University of Cosmetology,13.14,16.425,26434.075,16.4 mi,1971,32.85,33 mins,1.25,30,ESTIMATED,,,35.924876,-78.411682,183
835,37183054214.0,Raleigh Church of Christ,20.255,25.318,40745.573,25.3 mi,3038,50.633,51 mins,1.25,30,ESTIMATED,,,35.924876,-78.411682,183
836,37183054214.0,The Rock Church,12.309,15.386,24761.944,15.4 mi,1846,30.767,31 mins,1.25,30,ESTIMATED,,,35.924876,-78.411682,183
837,37183054214.0,Regeneration Temple,12.171,15.214,24483.81,15.2 mi,1826,30.433,30 mins,1.25,30,ESTIMATED,,,35.924876,-78.411682,183
838,37183054214.0,Redeeming Love Missionary Baptist Church,15.78,19.725,31745.069,19.7 mi,2367,39.45,39 mins,1.25,30,ESTIMATED,,,35.924876,-78.411682,183
839,37183054214.0,Historic Oak View Park,13.954,17.443,28071.478,17.4 mi,2093,34.883,35 mins,1.25,30,ESTIMATED,,,35.924876,-78.411682,183
840,37183054214.0,Poe Center for Health Ed.,13.937,17.421,28036.2,17.4 mi,2091,34.85,35 mins,1.25,30,ESTIMATED,,,35.924876,-78.411682,183
841,37183054214.0,New Hope Baptist Church,10.738,13.423,21601.546,13.4 mi,1611,26.85,27 mins,1.25,30,ESTIMATED,,,35.924876,-78.411682,183
842,37183054214.0,Wake County Public Health,14.007,17.509,28177.234,17.5 mi,2101,35.017,35 mins,1.25,30,ESTIMATED,,,35.924876,-78.411682,183
843,37183054214.0,Peach Road Community Center,18.548,23.185,37312.767,23.2 mi,2782,46.367,46 mins,1.25,30,ESTIMATED,,,35.924876,-78.411682,183
844,37183054214.0,Wake County Northern Regional Center,6.365,7.956,12804.165,8.0 mi,955,15.917,16 mins,1.25,30,ESTIMATED,,,35.924876,-78.411682,183
845,37183054214.0,Wendell Parks and Recreation,9.981,12.476,20078.248,12.5 mi,1497,24.95,25 mins,1.25,30,ESTIMATED,,,35.924876,-78.411682,183
846,37183054214.0,Beech Bluff County Park,27.839,34.798,56002.691,34.8 mi,4176,69.6,1 hr 10 mins,1.25,30,ESTIMATED,,,35.924876,-78.411682,183
847,37183054214.0,Wakefield Missionary Baptist,7.899,9.874,15890.133,9.9 mi,1185,19.75,20 mins,1.25,30,ESTIMATED,,,35.924876,-78.411682,183
848,37183054217.0,Fuquay-Varina Growers Market,28.456,35.57,57244.674,35.6 mi,4268,71.133,1 hr 11 mins,1.25,30,ESTIMATED,,,35.925715,-78.514468,183
849,37183054217.0,Pine Acres Community Center,28.501,35.626,57334.924,35.6 mi,4275,71.25,1 hr 11 mins,1.25,30,ESTIMATED,,,35.925715,-78.514468,183
850,37183054217.0,Sherrill’s University of Cosmetology,9.724,12.155,19561.269,12.2 mi,1459,24.317,24 mins,1.25,30,ESTIMATED,,,35.925715,-78.514468,183
851,37183054217.0,Raleigh Church of Christ,15.619,19.523,31419.472,19.5 mi,2343,39.05,39 mins,1.25,30,ESTIMATED,,,35.925715,-78.514468,183
852,37183054217.0,The Rock Church,8.453,10.566,17005.009,10.6 mi,1268,21.133,21 mins,1.25,30,ESTIMATED,,,35.925715,-78.514468,183
853,37183054217.0,Regeneration Temple,7.753,9.692,15596.996,9.7 mi,1163,19.383,19 mins,1.25,30,ESTIMATED,,,35.925715,-78.514468,183
854,37183054217.0,Redeeming Love Missionary Baptist Church,12.972,16.215,26095.521,16.2 mi,1946,32.433,32 mins,1.25,30,ESTIMATED,,,35.925715,-78.514468,183
855,37183054217.0,Historic Oak View Park,11.215,14.019,22561.475,14.0 mi,1682,28.033,28 mins,1.25,30,ESTIMATED,,,35.925715,-78.514468,183
856,37183054217.0,Poe Center for Health Ed.,10.842,13.553,21811.119,13.6 mi,1626,27.1,27 mins,1.25,30,ESTIMATED,,,35.925715,-78.514468,183
857,37183054217.0,New Hope Baptist Church,6.616,8.271,13310.203,8.3 mi,992,16.533,17 mins,1.25,30,ESTIMATED,,,35.925715,-78.514468,183
858,37183054217.0,Wake County Public Health,10.852,13.565,21830.298,13.6 mi,1628,27.133,27 mins,1.25,30,ESTIMATED,,,35.925715,-78.514468,183
859,37183054217.0,Peach Road Community Center,14.894,18.618,29962.56,18.6 mi,2234,37.233,37 mins,1.25,30,ESTIMATED,,,35.925715,-78.514468,183
860,37183054217.0,Wake County Northern Regional Center,3.073,3.841,6181.32,3.8 mi,461,7.683,8 mins,1.25,30,ESTIMATED,,,35.925715,-78.514468,183
861,37183054217.0,Wendell Parks and Recreation,12.385,15.481,24914.998,15.5 mi,1858,30.967,31 mins,1.25,30,ESTIMATED,,,35.925715,-78.514468,183
862,37183054217.0,Beech Bluff County Park,25.258,31.573,50811.336,31.6 mi,3789,63.15,1 hr 3 mins,1.25,30,ESTIMATED,,,35.925715,-78.514468,183
863,37183054217.0,Wakefield Missionary Baptist,12.525,15.656,25195.863,15.7 mi,1879,31.317,31 mins,1.25,30,ESTIMATED,,,35.925715,-78.514468,183
864,37183054215.0,Fuquay-Varina Growers Market,28.394,35.493,57119.649,35.5 mi,4259,70.983,1 hr 11 mins,1.25,30,ESTIMATED,,,35.895405,-78.467907,183
865,37183054215.0,Pine Acres Community Center,28.432,35.54,57196.562,35.5 mi,4265,71.083,1 hr 11 mins,1.25,30,ESTIMATED,,,35.895405,-78.467907,183
866,37183054215.0,Sherrill’s University of Cosmetology,9.459,11.823,19027.979,11.8 mi,1419,23.65,24 mins,1.25,30,ESTIMATED,,,35.895405,-78.467907,183
867,37183054215.0,Raleigh Church of Christ,16.511,20.638,33213.887,20.6 mi,2477,41.283,41 mins,1.25,30,ESTIMATED,,,35.895405,-78.467907,183
868,37183054215.0,The Rock Church,8.571,10.714,17242.219,10.7 mi,1286,21.433,21 mins,1.25,30,ESTIMATED,,,35.895405,-78.467907,183
869,37183054215.0,Regeneration Temple,8.432,10.541,16963.307,10.5 mi,1265,21.083,21 mins,1.25,30,ESTIMATED,,,35.895405,-78.467907,183
870,37183054215.0,Redeeming Love Missionary Baptist Church,12.262,15.328,24667.394,15.3 mi,1839,30.65,31 mins,1.25,30,ESTIMATED,,,35.895405,-78.467907,183
871,37183054215.0,Historic Oak View Park,10.429,13.036,20979.461,13.0 mi,1564,26.067,26 mins,1.25,30,ESTIMATED,,,35.895405,-78.467907,183
872,37183054215.0,Poe Center for Health Ed.,10.325,12.907,20771.131,12.9 mi,1549,25.817,26 mins,1.25,30,ESTIMATED,,,35.895405,-78.467907,183
873,37183054215.0,New Hope Baptist Church,6.992,8.74,14065.43,8.7 mi,1049,17.483,17 mins,1.25,30,ESTIMATED,,,35.895405,-78.467907,183
874,37183054215.0,Wake County Public Health,10.383,12.979,20888.2,13.0 mi,1558,25.967,26 mins,1.25,30,ESTIMATED,,,35.895405,-78.467907,183
875,37183054215.0,Peach Road Community Center,14.869,18.586,29910.868,18.6 mi,2230,37.167,37 mins,1.25,30,ESTIMATED,,,35.895405,-78.467907,183
876,37183054215.0,Wake County Northern Regional Center,5.691,7.114,11449.356,7.1 mi,854,14.233,14 mins,1.25,30,ESTIMATED,,,35.895405,-78.467907,183
877,37183054215.0,Wendell Parks and Recreation,9.181,11.477,18469.696,11.5 mi,1377,22.95,23 mins,1.25,30,ESTIMATED,,,35.895405,-78.467907,183
878,37183054215.0,Beech Bluff County Park,24.475,30.594,49236.02,30.6 mi,3671,61.183,1 hr 1 mins,1.25,30,ESTIMATED,,,35.895405,-78.467907,183
879,37183054215.0,Wakefield Missionary Baptist,9.258,11.573,18624.814,11.6 mi,1389,23.15,23 mins,1.25,30,ESTIMATED,,,35.895405,-78.467907,183
880,37183052303.0,Fuquay-Varina Growers Market,12.867,16.084,25885.219,16.1 mi,1930,32.167,32 mins,1.25,30,ESTIMATED,,,35.747014,-78.686429,183
881,37183052303.0,Pine Acres Community Center,12.916,16.146,25983.732,16.1 mi,1937,32.283,32 mins,1.25,30,ESTIMATED,,,35.747014,-78.686429,183
882,37183052303.0,Sherrill’s University of Cosmetology,6.627,8.284,13331.864,8.3 mi,994,16.567,17 mins,1.25,30,ESTIMATED,,,35.747014,-78.686429,183
883,37183052303.0,Raleigh Church of Christ,2.837,3.546,5706.979,3.5 mi,426,7.1,7 mins,1.25,30,ESTIMATED,,,35.747014,-78.686429,183
884,37183052303.0,The Rock Church,7.409,9.261,14904.035,9.3 mi,1111,18.517,19 mins,1.25,30,ESTIMATED,,,35.747014,-78.686429,183
885,37183052303.0,Regeneration Temple,7.907,9.884,15906.927,9.9 mi,1186,19.767,20 mins,1.25,30,ESTIMATED,,,35.747014,-78.686429,183
886,37183052303.0,Redeeming Love Missionary Baptist Church,5.382,6.728,10826.935,6.7 mi,807,13.45,13 mins,1.25,30,ESTIMATED,,,35.747014,-78.686429,183
887,37183052303.0,Historic Oak View Park,6.618,8.272,13312.579,8.3 mi,993,16.55,17 mins,1.25,30,ESTIMATED,,,35.747014,-78.686429,183
888,37183052303.0,Poe Center for Health Ed.,6.168,7.71,12407.718,7.7 mi,925,15.417,15 mins,1.25,30,ESTIMATED,,,35.747014,-78.686429,183
889,37183052303.0,New Hope Baptist Church,9.131,11.414,18368.784,11.4 mi,1370,22.833,23 mins,1.25,30,ESTIMATED,,,35.747014,-78.686429,183
890,37183052303.0,Wake County Public Health,6.045,7.556,12160.019,7.6 mi,907,15.117,15 mins,1.25,30,ESTIMATED,,,35.747014,-78.686429,183
891,37183052303.0,Peach Road Community Center,1.801,2.251,3622.841,2.3 mi,270,4.5,4 mins,1.25,30,ESTIMATED,,,35.747014,-78.686429,183
892,37183052303.0,Wake County Northern Regional Center,18.283,22.853,36778.952,22.9 mi,2742,45.7,46 mins,1.25,30,ESTIMATED,,,35.747014,-78.686429,183
893,37183052303.0,Wendell Parks and Recreation,17.274,21.593,34750.017,21.6 mi,2591,43.183,43 mins,1.25,30,ESTIMATED,,,35.747014,-78.686429,183
894,37183052303.0,Beech Bluff County Park,11.167,13.958,22463.898,14.0 mi,1675,27.917,28 mins,1.25,30,ESTIMATED,,,35.747014,-78.686429,183
895,37183052303.0,Wakefield Missionary Baptist,21.647,27.059,43547.039,27.1 mi,3247,54.117,54 mins,1.25,30,ESTIMATED,,,35.747014,-78.686429,183
896,37183053806.0,Fuquay-Varina Growers Market,26.118,32.648,52541.284,32.6 mi,3918,65.3,1 hr 5 mins,1.25,30,ESTIMATED,,,35.939829,-78.638462,183
897,37183053806.0,Pine Acres Community Center,26.175,32.718,52654.937,32.7 mi,3926,65.433,1 hr 5 mins,1.25,30,ESTIMATED,,,35.939829,-78.638462,183
898,37183053806.0,Sherrill’s University of Cosmetology,10.271,12.839,20662.008,12.8 mi,1541,25.683,26 mins,1.25,30,ESTIMATED,,,35.939829,-78.638462,183
899,37183053806.0,Raleigh Church of Christ,12.299,15.373,24740.911,15.4 mi,1845,30.75,31 mins,1.25,30,ESTIMATED,,,35.939829,-78.638462,183
900,37183053806.0,The Rock Church,8.793,10.991,17687.84,11.0 mi,1319,21.983,22 mins,1.25,30,ESTIMATED,,,35.939829,-78.638462,183
901,37183053806.0,Regeneration Temple,7.348,9.185,14781.738,9.2 mi,1102,18.367,18 mins,1.25,30,ESTIMATED,,,35.939829,-78.638462,183
902,37183053806.0,Redeeming Love Missionary Baptist Church,13.499,16.874,27156.058,16.9 mi,2025,33.75,34 mins,1.25,30,ESTIMATED,,,35.939829,-78.638462,183
903,37183053806.0,Historic Oak View Park,12.297,15.372,24738.114,15.4 mi,1845,30.75,31 mins,1.25,30,ESTIMATED,,,35.939829,-78.638462,183
904,37183053806.0,Poe Center for Health Ed.,11.512,14.39,23158.468,14.4 mi,1727,28.783,29 mins,1.25,30,ESTIMATED,,,35.939829,-78.638462,183
905,37183053806.0,New Hope Baptist Church,7.539,9.424,15166.952,9.4 mi,1131,18.85,19 mins,1.25,30,ESTIMATED,,,35.939829,-78.638462,183
906,37183053806.0,Wake County Public Health,11.425,14.281,22983.346,14.3 mi,1714,28.567,29 mins,1.25,30,ESTIMATED,,,35.939829,-78.638462,183
907,37183053806.0,Peach Road Community Center,13.658,17.072,27474.775,17.1 mi,2049,34.15,34 mins,1.25,30,ESTIMATED,,,35.939829,-78.638462,183
908,37183053806.0,Wake County Northern Regional Center,7.439,9.298,14964.012,9.3 mi,1116,18.6,19 mins,1.25,30,ESTIMATED,,,35.939829,-78.638462,183
909,37183053806.0,Wendell Parks and Recreation,18.036,22.544,36281.688,22.5 mi,2705,45.083,45 mins,1.25,30,ESTIMATED,,,35.939829,-78.638462,183
910,37183053806.0,Beech Bluff County Park,24.589,30.736,49464.419,30.7 mi,3688,61.467,1 hr 1 mins,1.25,30,ESTIMATED,,,35.939829,-78.638462,183
911,37183053806.0,Wakefield Missionary Baptist,19.251,24.064,38727.476,24.1 mi,2888,48.133,48 mins,1.25,30,ESTIMATED,,,35.939829,-78.638462,183
912,37183053715.0,Fuquay-Varina Growers Market,20.685,25.856,41610.721,25.9 mi,3103,51.717,52 mins,1.25,30,ESTIMATED,,,35.864925,-78.668389,183
913,37183053715.0,Pine Acres Community Center,20.741,25.926,41723.459,25.9 mi,3111,51.85,52 mins,1.25,30,ESTIMATED,,,35.864925,-78.668389,183
914,37183053715.0,Sherrill’s University of Cosmetology,6.567,8.209,13211.698,8.2 mi,985,16.417,16 mins,1.25,30,ESTIMATED,,,35.864925,-78.668389,183
915,37183053715.0,Raleigh Church of Christ,6.891,8.614,13863.462,8.6 mi,1034,17.233,17 mins,1.25,30,ESTIMATED,,,35.864925,-78.668389,183
916,37183053715.0,The Rock Church,5.474,6.842,11011.131,6.8 mi,821,13.683,14 mins,1.25,30,ESTIMATED,,,35.864925,-78.668389,183
917,37183053715.0,Regeneration Temple,4.22,5.275,8489.29,5.3 mi,633,10.55,11 mins,1.25,30,ESTIMATED,,,35.864925,-78.668389,183
918,37183053715.0,Redeeming Love Missionary Baptist Church,9.161,11.451,18428.946,11.5 mi,1374,22.9,23 mins,1.25,30,ESTIMATED,,,35.864925,-78.668389,183
919,37183053715.0,Historic Oak View Park,8.487,10.609,17073.614,10.6 mi,1273,21.217,21 mins,1.25,30,ESTIMATED,,,35.864925,-78.668389,183
920,37183053715.0,Poe Center for Health Ed.,7.584,9.481,15257.489,9.5 mi,1138,18.967,19 mins,1.25,30,ESTIMATED,,,35.864925,-78.668389,183
921,37183053715.0,New Hope Baptist Church,5.428,6.785,10919.623,6.8 mi,814,13.567,14 mins,1.25,30,ESTIMATED,,,35.864925,-78.668389,183
922,37183053715.0,Wake County Public Health,7.452,9.315,14990.326,9.3 mi,1118,18.633,19 mins,1.25,30,ESTIMATED,,,35.864925,-78.668389,183
923,37183053715.0,Peach Road Community Center,8.486,10.607,17071.098,10.6 mi,1273,21.217,21 mins,1.25,30,ESTIMATED,,,35.864925,-78.668389,183
924,37183053715.0,Wake County Northern Regional Center,11.425,14.281,22983.434,14.3 mi,1714,28.567,29 mins,1.25,30,ESTIMATED,,,35.864925,-78.668389,183
925,37183053715.0,Wendell Parks and Recreation,17.054,21.318,34307.807,21.3 mi,2558,42.633,43 mins,1.25,30,ESTIMATED,,,35.864925,-78.668389,183
926,37183053715.0,Beech Bluff County Park,19.316,24.145,38857.851,24.1 mi,2897,48.283,48 mins,1.25,30,ESTIMATED,,,35.864925,-78.668389,183
927,37183053715.0,Wakefield Missionary Baptist,19.728,24.66,39686.556,24.7 mi,2959,49.317,49 mins,1.25,30,ESTIMATED,,,35.864925,-78.668389,183
928,37183053422.0,Fuquay-Varina Growers Market,13.389,16.736,26934.344,16.7 mi,2008,33.467,33 mins,1.25,30,ESTIMATED,,,35.777557,-78.830216,183
929,37183053422.0,Pine Acres Community Center,13.458,16.823,27073.715,16.8 mi,2019,33.65,34 mins,1.25,30,ESTIMATED,,,35.777557,-78.830216,183
930,37183053422.0,Sherrill’s University of Cosmetology,13.765,17.206,27690.39,17.2 mi,2065,34.417,34 mins,1.25,30,ESTIMATED,,,35.777557,-78.830216,183
931,37183053422.0,Raleigh Church of Christ,6.019,7.524,12108.374,7.5 mi,903,15.05,15 mins,1.25,30,ESTIMATED,,,35.777557,-78.830216,183
932,37183053422.0,The Rock Church,13.84,17.3,27842.003,17.3 mi,2076,34.6,35 mins,1.25,30,ESTIMATED,,,35.777557,-78.830216,183
933,37183053422.0,Regeneration Temple,13.517,16.896,27191.025,16.9 mi,2027,33.783,34 mins,1.25,30,ESTIMATED,,,35.777557,-78.830216,183
934,37183053422.0,Redeeming Love Missionary Baptist Church,13.592,16.99,27343.004,17.0 mi,2039,33.983,34 mins,1.25,30,ESTIMATED,,,35.777557,-78.830216,183
935,37183053422.0,Historic Oak View Park,14.488,18.111,29146.207,18.1 mi,2173,36.217,36 mins,1.25,30,ESTIMATED,,,35.777557,-78.830216,183
936,37183053422.0,Poe Center for Health Ed.,13.812,17.265,27785.427,17.3 mi,2072,34.533,35 mins,1.25,30,ESTIMATED,,,35.777557,-78.830216,183
937,37183053422.0,New Hope Baptist Church,15.002,18.753,30179.942,18.8 mi,2250,37.5,38 mins,1.25,30,ESTIMATED,,,35.777557,-78.830216,183
938,37183053422.0,Wake County Public Health,13.661,17.076,27480.731,17.1 mi,2049,34.15,34 mins,1.25,30,ESTIMATED,,,35.777557,-78.830216,183
939,37183053422.0,Peach Road Community Center,10.128,12.661,20375.268,12.7 mi,1519,25.317,25 mins,1.25,30,ESTIMATED,,,35.777557,-78.830216,183
940,37183053422.0,Wake County Northern Regional Center,22.287,27.859,44834.655,27.9 mi,3343,55.717,56 mins,1.25,30,ESTIMATED,,,35.777557,-78.830216,183
941,37183053422.0,Wendell Parks and Recreation,25.158,31.447,50609.512,31.4 mi,3774,62.9,1 hr 3 mins,1.25,30,ESTIMATED,,,35.777557,-78.830216,183
942,37183053422.0,Beech Bluff County Park,15.743,19.678,31669.155,19.7 mi,2361,39.35,39 mins,1.25,30,ESTIMATED,,,35.777557,-78.830216,183
943,37183053422.0,Wakefield Missionary Baptist,29.049,36.312,58438.111,36.3 mi,4357,72.617,1 hr 13 mins,1.25,30,ESTIMATED,,,35.777557,-78.830216,183
944,37183053506.0,Fuquay-Varina Growers Market,12.265,15.331,24672.334,15.3 mi,1840,30.667,31 mins,1.25,30,ESTIMATED,,,35.761645,-78.774991,183
945,37183053506.0,Pine Acres Community Center,12.329,15.412,24802.512,15.4 mi,1849,30.817,31 mins,1.25,30,ESTIMATED,,,35.761645,-78.774991,183
946,37183053506.0,Sherrill’s University of Cosmetology,10.886,13.608,21899.887,13.6 mi,1633,27.217,27 mins,1.25,30,ESTIMATED,,,35.761645,-78.774991,183
947,37183053506.0,Raleigh Church of Christ,3.075,3.843,6185.491,3.8 mi,461,7.683,8 mins,1.25,30,ESTIMATED,,,35.761645,-78.774991,183
948,37183053506.0,The Rock Church,11.175,13.969,22480.351,14.0 mi,1676,27.933,28 mins,1.25,30,ESTIMATED,,,35.761645,-78.774991,183
949,37183053506.0,Regeneration Temple,11.096,13.869,22320.727,13.9 mi,1664,27.733,28 mins,1.25,30,ESTIMATED,,,35.761645,-78.774991,183
950,37183053506.0,Redeeming Love Missionary Baptist Church,10.387,12.984,20895.482,13.0 mi,1558,25.967,26 mins,1.25,30,ESTIMATED,,,35.761645,-78.774991,183
951,37183053506.0,Historic Oak View Park,11.4,14.25,22933.904,14.3 mi,1710,28.5,28 mins,1.25,30,ESTIMATED,,,35.761645,-78.774991,183
952,37183053506.0,Poe Center for Health Ed.,10.786,13.482,21697.024,13.5 mi,1618,26.967,27 mins,1.25,30,ESTIMATED,,,35.761645,-78.774991,183
953,37183053506.0,New Hope Baptist Church,12.548,15.685,25242.026,15.7 mi,1882,31.367,31 mins,1.25,30,ESTIMATED,,,35.761645,-78.774991,183
954,37183053506.0,Wake County Public Health,10.64,13.3,21404.811,13.3 mi,1596,26.6,27 mins,1.25,30,ESTIMATED,,,35.761645,-78.774991,183
955,37183053506.0,Peach Road Community Center,6.868,8.585,13816.004,8.6 mi,1030,17.167,17 mins,1.25,30,ESTIMATED,,,35.761645,-78.774991,183
956,37183053506.0,Wake County Northern Regional Center,20.645,25.806,41530.563,25.8 mi,3097,51.617,52 mins,1.25,30,ESTIMATED,,,35.761645,-78.774991,183
957,37183053506.0,Wendell Parks and Recreation,22.109,27.637,44476.748,27.6 mi,3316,55.267,55 mins,1.25,30,ESTIMATED,,,35.761645,-78.774991,183
958,37183053506.0,Beech Bluff County Park,13.303,16.629,26761.373,16.6 mi,1995,33.25,33 mins,1.25,30,ESTIMATED,,,35.761645,-78.774991,183
959,37183053506.0,Wakefield Missionary Baptist,26.2,32.75,52705.635,32.7 mi,3930,65.5,1 hr 6 mins,1.25,30,ESTIMATED,,,35.761645,-78.774991,183
960,37183051501.0,Fuquay-Varina Growers Market,17.895,22.369,35999.572,22.4 mi,2684,44.733,45 mins,1.25,30,ESTIMATED,,,35.823595,-78.675141,183
961,37183051501.0,Pine Acres Community Center,17.95,22.437,36109.082,22.4 mi,2692,44.867,45 mins,1.25,30,ESTIMATED,,,35.823595,-78.675141,183
962,37183051501.0,Sherrill’s University of Cosmetology,5.32,6.65,10702.075,6.6 mi,798,13.3,13 mins,1.25,30,ESTIMATED,,,35.823595,-78.675141,183
963,37183051501.0,Raleigh Church of Christ,4.266,5.332,8581.345,5.3 mi,640,10.667,11 mins,1.25,30,ESTIMATED,,,35.823595,-78.675141,183
964,37183051501.0,The Rock Church,4.856,6.071,9769.583,6.1 mi,728,12.133,12 mins,1.25,30,ESTIMATED,,,35.823595,-78.675141,183
965,37183051501.0,Regeneration Temple,4.282,5.353,8614.283,5.4 mi,642,10.7,11 mins,1.25,30,ESTIMATED,,,35.823595,-78.675141,183
966,37183051501.0,Redeeming Love Missionary Baptist Church,7.039,8.798,14159.354,8.8 mi,1056,17.6,18 mins,1.25,30,ESTIMATED,,,35.823595,-78.675141,183
967,37183051501.0,Historic Oak View Park,6.86,8.576,13800.974,8.6 mi,1029,17.15,17 mins,1.25,30,ESTIMATED,,,35.823595,-78.675141,183
968,37183051501.0,Poe Center for Health Ed.,5.966,7.458,12001.895,7.5 mi,895,14.917,15 mins,1.25,30,ESTIMATED,,,35.823595,-78.675141,183
969,37183051501.0,New Hope Baptist Church,5.769,7.212,11605.806,7.2 mi,865,14.417,14 mins,1.25,30,ESTIMATED,,,35.823595,-78.675141,183
970,37183051501.0,Wake County Public Health,5.811,7.263,11689.089,7.3 mi,872,14.533,15 mins,1.25,30,ESTIMATED,,,35.823595,-78.675141,183
971,37183051501.0,Peach Road Community Center,5.711,7.139,11489.158,7.1 mi,857,14.283,14 mins,1.25,30,ESTIMATED,,,35.823595,-78.675141,183
972,37183051501.0,Wake County Northern Regional Center,13.676,17.095,27511.736,17.1 mi,2051,34.183,34 mins,1.25,30,ESTIMATED,,,35.823595,-78.675141,183
973,37183051501.0,Wendell Parks and Recreation,16.701,20.877,33597.511,20.9 mi,2505,41.75,42 mins,1.25,30,ESTIMATED,,,35.823595,-78.675141,183
974,37183051501.0,Beech Bluff County Park,16.452,20.566,33097.063,20.6 mi,2468,41.133,41 mins,1.25,30,ESTIMATED,,,35.823595,-78.675141,183
975,37183051501.0,Wakefield Missionary Baptist,20.066,25.082,40365.825,25.1 mi,3010,50.167,50 mins,1.25,30,ESTIMATED,,,35.823595,-78.675141,183
976,37183051000.0,Fuquay-Varina Growers Market,15.672,19.59,31527.297,19.6 mi,2351,39.183,39 mins,1.25,30,ESTIMATED,,,35.77761,-78.652048,183
977,37183051000.0,Pine Acres Community Center,15.719,19.649,31621.691,19.6 mi,2358,39.3,39 mins,1.25,30,ESTIMATED,,,35.77761,-78.652048,183
978,37183051000.0,Sherrill’s University of Cosmetology,3.955,4.943,7955.555,4.9 mi,593,9.883,10 mins,1.25,30,ESTIMATED,,,35.77761,-78.652048,183
979,37183051000.0,Raleigh Church of Christ,3.973,4.966,7991.707,5.0 mi,596,9.933,10 mins,1.25,30,ESTIMATED,,,35.77761,-78.652048,183
980,37183051000.0,The Rock Church,4.568,5.71,9189.564,5.7 mi,685,11.417,11 mins,1.25,30,ESTIMATED,,,35.77761,-78.652048,183
981,37183051000.0,Regeneration Temple,5.063,6.329,10186.002,6.3 mi,760,12.667,13 mins,1.25,30,ESTIMATED,,,35.77761,-78.652048,183
982,37183051000.0,Redeeming Love Missionary Baptist Church,4.0,5.001,8047.529,5.0 mi,600,10.0,10 mins,1.25,30,ESTIMATED,,,35.77761,-78.652048,183
983,37183051000.0,Historic Oak View Park,4.521,5.651,9094.587,5.7 mi,678,11.3,11 mins,1.25,30,ESTIMATED,,,35.77761,-78.652048,183
984,37183051000.0,Poe Center for Health Ed.,3.826,4.783,7696.83,4.8 mi,574,9.567,10 mins,1.25,30,ESTIMATED,,,35.77761,-78.652048,183
985,37183051000.0,New Hope Baptist Church,6.271,7.838,12614.277,7.8 mi,941,15.683,16 mins,1.25,30,ESTIMATED,,,35.77761,-78.652048,183
986,37183051000.0,Wake County Public Health,3.676,4.595,7394.98,4.6 mi,551,9.183,9 mins,1.25,30,ESTIMATED,,,35.77761,-78.652048,183
987,37183051000.0,Peach Road Community Center,2.424,3.029,4875.491,3.0 mi,364,6.067,6 mins,1.25,30,ESTIMATED,,,35.77761,-78.652048,183
988,37183051000.0,Wake County Northern Regional Center,15.472,19.34,31124.487,19.3 mi,2321,38.683,39 mins,1.25,30,ESTIMATED,,,35.77761,-78.652048,183
989,37183051000.0,Wendell Parks and Recreation,15.172,18.966,30522.024,19.0 mi,2276,37.933,38 mins,1.25,30,ESTIMATED,,,35.77761,-78.652048,183
990,37183051000.0,Beech Bluff County Park,13.361,16.702,26878.733,16.7 mi,2004,33.4,33 mins,1.25,30,ESTIMATED,,,35.77761,-78.652048,183
991,37183051000.0,Wakefield Missionary Baptist,19.232,24.04,38688.554,24.0 mi,2885,48.083,48 mins,1.25,30,ESTIMATED,,,35.77761,-78.652048,183
992,37183052801.0,Fuquay-Varina Growers Market,12.049,15.061,24238.352,15.1 mi,1807,30.117,30 mins,1.25,30,ESTIMATED,,,35.690131,-78.628673,183
993,37183052801.0,Pine Acres Community Center,12.074,15.092,24289.018,15.1 mi,1811,30.183,30 mins,1.25,30,ESTIMATED,,,35.690131,-78.628673,183
994,37183052801.0,Sherrill’s University of Cosmetology,7.792,9.74,15675.499,9.7 mi,1169,19.483,19 mins,1.25,30,ESTIMATED,,,35.690131,-78.628673,183
995,37183052801.0,Raleigh Church of Christ,7.919,9.898,15929.603,9.9 mi,1188,19.8,20 mins,1.25,30,ESTIMATED,,,35.690131,-78.628673,183
996,37183052801.0,The Rock Church,9.193,11.491,18492.646,11.5 mi,1379,22.983,23 mins,1.25,30,ESTIMATED,,,35.690131,-78.628673,183
997,37183052801.0,Regeneration Temple,10.333,12.916,20786.355,12.9 mi,1550,25.833,26 mins,1.25,30,ESTIMATED,,,35.690131,-78.628673,183
998,37183052801.0,Redeeming Love Missionary Baptist Church,4.559,5.699,9171.005,5.7 mi,684,11.4,11 mins,1.25,30,ESTIMATED,,,35.690131,-78.628673,183
999,37183052801.0,Historic Oak View Park,6.384,7.98,12842.207,8.0 mi,958,15.967,16 mins,1.25,30,ESTIMATED,,,35.690131,-78.628673,183
1000,37183052801.0,Poe Center for Health Ed.,6.649,8.311,13375.307,8.3 mi,997,16.617,17 mins,1.25,30,ESTIMATED,,,35.690131,-78.628673,183
1001,37183052801.0,New Hope Baptist Church,11.016,13.769,22159.751,13.8 mi,1652,27.533,28 mins,1.25,30,ESTIMATED,,,35.690131,-78.628673,183
1002,37183052801.0,Wake County Public Health,6.639,8.299,13355.198,8.3 mi,996,16.6,17 mins,1.25,30,ESTIMATED,,,35.690131,-78.628673,183
1003,37183052801.0,Peach Road Community Center,3.91,4.888,7865.802,4.9 mi,587,9.783,10 mins,1.25,30,ESTIMATED,,,35.690131,-78.628673,183
1004,37183052801.0,Wake County Northern Regional Center,20.439,25.548,41116.221,25.5 mi,3066,51.1,51 mins,1.25,30,ESTIMATED,,,35.690131,-78.628673,183
1005,37183052801.0,Wendell Parks and Recreation,15.265,19.081,30707.736,19.1 mi,2290,38.167,38 mins,1.25,30,ESTIMATED,,,35.690131,-78.628673,183
1006,37183052801.0,Beech Bluff County Park,7.768,9.71,15626.965,9.7 mi,1165,19.417,19 mins,1.25,30,ESTIMATED,,,35.690131,-78.628673,183
1007,37183052801.0,Wakefield Missionary Baptist,20.279,25.349,40795.553,25.3 mi,3042,50.7,51 mins,1.25,30,ESTIMATED,,,35.690131,-78.628673,183
1008,37183052602.0,Fuquay-Varina Growers Market,20.147,25.184,40529.324,25.2 mi,3022,50.367,50 mins,1.25,30,ESTIMATED,,,35.843476,-78.633184,183
1009,37183052602.0,Pine Acres Community Center,20.198,25.247,40631.319,25.2 mi,3030,50.5,50 mins,1.25,30,ESTIMATED,,,35.843476,-78.633184,183
1010,37183052602.0,Sherrill’s University of Cosmetology,4.142,5.178,8332.976,5.2 mi,621,10.35,10 mins,1.25,30,ESTIMATED,,,35.843476,-78.633184,183
1011,37183052602.0,Raleigh Church of Christ,6.878,8.598,13837.209,8.6 mi,1032,17.2,17 mins,1.25,30,ESTIMATED,,,35.843476,-78.633184,183
1012,37183052602.0,The Rock Church,3.009,3.761,6053.246,3.8 mi,451,7.517,8 mins,1.25,30,ESTIMATED,,,35.843476,-78.633184,183
1013,37183052602.0,Regeneration Temple,1.855,2.318,3730.948,2.3 mi,278,4.633,5 mins,1.25,30,ESTIMATED,,,35.843476,-78.633184,183
1014,37183052602.0,Redeeming Love Missionary Baptist Church,6.994,8.742,14069.618,8.7 mi,1049,17.483,17 mins,1.25,30,ESTIMATED,,,35.843476,-78.633184,183
1015,37183052602.0,Historic Oak View Park,6.116,7.645,12303.545,7.6 mi,917,15.283,15 mins,1.25,30,ESTIMATED,,,35.843476,-78.633184,183
1016,37183052602.0,Poe Center for Health Ed.,5.232,6.539,10524.171,6.5 mi,785,13.083,13 mins,1.25,30,ESTIMATED,,,35.843476,-78.633184,183
1017,37183052602.0,New Hope Baptist Church,3.252,4.065,6541.576,4.1 mi,488,8.133,8 mins,1.25,30,ESTIMATED,,,35.843476,-78.633184,183
1018,37183052602.0,Wake County Public Health,5.11,6.388,10280.624,6.4 mi,767,12.783,13 mins,1.25,30,ESTIMATED,,,35.843476,-78.633184,183
1019,37183052602.0,Peach Road Community Center,7.074,8.842,14230.527,8.8 mi,1061,17.683,18 mins,1.25,30,ESTIMATED,,,35.843476,-78.633184,183
1020,37183052602.0,Wake County Northern Regional Center,11.109,13.887,22348.687,13.9 mi,1666,27.767,28 mins,1.25,30,ESTIMATED,,,35.843476,-78.633184,183
1021,37183052602.0,Wendell Parks and Recreation,14.721,18.401,29613.511,18.4 mi,2208,36.8,37 mins,1.25,30,ESTIMATED,,,35.843476,-78.633184,183
1022,37183052602.0,Beech Bluff County Park,18.011,22.514,36232.73,22.5 mi,2702,45.033,45 mins,1.25,30,ESTIMATED,,,35.843476,-78.633184,183
1023,37183052602.0,Wakefield Missionary Baptist,17.684,22.105,35574.518,22.1 mi,2653,44.217,44 mins,1.25,30,ESTIMATED,,,35.843476,-78.633184,183
1024,37183050700.0,Fuquay-Varina Growers Market,16.455,20.569,33101.819,20.6 mi,2468,41.133,41 mins,1.25,30,ESTIMATED,,,35.77419,-78.621569,183
1025,37183050700.0,Pine Acres Community Center,16.497,20.621,33185.767,20.6 mi,2474,41.233,41 mins,1.25,30,ESTIMATED,,,35.77419,-78.621569,183
1026,37183050700.0,Sherrill’s University of Cosmetology,2.566,3.207,5161.926,3.2 mi,385,6.417,6 mins,1.25,30,ESTIMATED,,,35.77419,-78.621569,183
1027,37183050700.0,Raleigh Church of Christ,5.679,7.099,11425.019,7.1 mi,852,14.2,14 mins,1.25,30,ESTIMATED,,,35.77419,-78.621569,183
1028,37183050700.0,The Rock Church,3.613,4.517,7269.002,4.5 mi,542,9.033,9 mins,1.25,30,ESTIMATED,,,35.77419,-78.621569,183
1029,37183050700.0,Regeneration Temple,4.557,5.697,9167.816,5.7 mi,684,11.4,11 mins,1.25,30,ESTIMATED,,,35.77419,-78.621569,183
1030,37183050700.0,Redeeming Love Missionary Baptist Church,2.495,3.119,5018.961,3.1 mi,374,6.233,6 mins,1.25,30,ESTIMATED,,,35.77419,-78.621569,183
1031,37183050700.0,Historic Oak View Park,2.797,3.496,5626.522,3.5 mi,420,7.0,7 mins,1.25,30,ESTIMATED,,,35.77419,-78.621569,183
1032,37183050700.0,Poe Center for Health Ed.,2.144,2.68,4313.54,2.7 mi,322,5.367,5 mins,1.25,30,ESTIMATED,,,35.77419,-78.621569,183
1033,37183050700.0,New Hope Baptist Church,5.452,6.815,10967.417,6.8 mi,818,13.633,14 mins,1.25,30,ESTIMATED,,,35.77419,-78.621569,183
1034,37183050700.0,Wake County Public Health,2.004,2.505,4030.657,2.5 mi,301,5.017,5 mins,1.25,30,ESTIMATED,,,35.77419,-78.621569,183
1035,37183050700.0,Peach Road Community Center,2.869,3.586,5771.127,3.6 mi,430,7.167,7 mins,1.25,30,ESTIMATED,,,35.77419,-78.621569,183
1036,37183050700.0,Wake County Northern Regional Center,14.888,18.61,29949.692,18.6 mi,2233,37.217,37 mins,1.25,30,ESTIMATED,,,35.77419,-78.621569,183
1037,37183050700.0,Wendell Parks and Recreation,13.473,16.841,27102.864,16.8 mi,2021,33.683,34 mins,1.25,30,ESTIMATED,,,35.77419,-78.621569,183
1038,37183050700.0,Beech Bluff County Park,13.434,16.792,27024.449,16.8 mi,2015,33.583,34 mins,1.25,30,ESTIMATED,,,35.77419,-78.621569,183
1039,37183050700.0,Wakefield Missionary Baptist,17.631,22.039,35467.877,22.0 mi,2645,44.083,44 mins,1.25,30,ESTIMATED,,,35.77419,-78.621569,183
1040,37183054007.0,Fuquay-Varina Growers Market,22.814,28.517,45894.298,28.5 mi,3422,57.033,57 mins,1.25,30,ESTIMATED,,,35.888684,-78.639554,183
1041,37183054007.0,Pine Acres Community Center,22.868,28.585,46003.525,28.6 mi,3430,57.167,57 mins,1.25,30,ESTIMATED,,,35.888684,-78.639554,183
1042,37183054007.0,Sherrill’s University of Cosmetology,6.986,8.733,14054.405,8.7 mi,1048,17.467,17 mins,1.25,30,ESTIMATED,,,35.888684,-78.639554,183
1043,37183054007.0,Raleigh Church of Christ,9.107,11.384,18320.449,11.4 mi,1366,22.767,23 mins,1.25,30,ESTIMATED,,,35.888684,-78.639554,183
1044,37183054007.0,The Rock Church,5.587,6.984,11239.476,7.0 mi,838,13.967,14 mins,1.25,30,ESTIMATED,,,35.888684,-78.639554,183
1045,37183054007.0,Regeneration Temple,4.123,5.154,8293.975,5.2 mi,618,10.3,10 mins,1.25,30,ESTIMATED,,,35.888684,-78.639554,183
1046,37183054007.0,Redeeming Love Missionary Baptist Church,10.078,12.597,20272.869,12.6 mi,1512,25.2,25 mins,1.25,30,ESTIMATED,,,35.888684,-78.639554,183
1047,37183054007.0,Historic Oak View Park,9.02,11.275,18144.608,11.3 mi,1353,22.55,23 mins,1.25,30,ESTIMATED,,,35.888684,-78.639554,183
1048,37183054007.0,Poe Center for Health Ed.,8.183,10.229,16461.738,10.2 mi,1227,20.45,20 mins,1.25,30,ESTIMATED,,,35.888684,-78.639554,183
1049,37183054007.0,New Hope Baptist Church,4.77,5.962,9594.997,6.0 mi,715,11.917,12 mins,1.25,30,ESTIMATED,,,35.888684,-78.639554,183
1050,37183054007.0,Wake County Public Health,8.081,10.101,16255.455,10.1 mi,1212,20.2,20 mins,1.25,30,ESTIMATED,,,35.888684,-78.639554,183
1051,37183054007.0,Peach Road Community Center,10.129,12.662,20376.736,12.7 mi,1519,25.317,25 mins,1.25,30,ESTIMATED,,,35.888684,-78.639554,183
1052,37183054007.0,Wake County Northern Regional Center,9.138,11.423,18383.031,11.4 mi,1371,22.85,23 mins,1.25,30,ESTIMATED,,,35.888684,-78.639554,183
1053,37183054007.0,Wendell Parks and Recreation,16.213,20.266,32614.497,20.3 mi,2432,40.533,41 mins,1.25,30,ESTIMATED,,,35.888684,-78.639554,183
1054,37183054007.0,Beech Bluff County Park,21.066,26.333,42378.575,26.3 mi,3160,52.667,53 mins,1.25,30,ESTIMATED,,,35.888684,-78.639554,183
1055,37183054007.0,Wakefield Missionary Baptist,18.348,22.935,36910.021,22.9 mi,2752,45.867,46 mins,1.25,30,ESTIMATED,,,35.888684,-78.639554,183
1056,37183050100.0,Fuquay-Varina Growers Market,16.121,20.151,32430.086,20.2 mi,2418,40.3,40 mins,1.25,30,ESTIMATED,,,35.778629,-78.639313,183
1057,37183050100.0,Pine Acres Community Center,16.166,20.207,32520.733,20.2 mi,2425,40.417,40 mins,1.25,30,ESTIMATED,,,35.778629,-78.639313,183
1058,37183050100.0,Sherrill’s University of Cosmetology,3.266,4.082,6569.46,4.1 mi,490,8.167,8 mins,1.25,30,ESTIMATED,,,35.778629,-78.639313,183
1059,37183050100.0,Raleigh Church of Christ,4.689,5.861,9432.372,5.9 mi,703,11.717,12 mins,1.25,30,ESTIMATED,,,35.778629,-78.639313,183
1060,37183050100.0,The Rock Church,3.988,4.985,8022.768,5.0 mi,598,9.967,10 mins,1.25,30,ESTIMATED,,,35.778629,-78.639313,183
1061,37183050100.0,Regeneration Temple,4.633,5.791,9320.251,5.8 mi,695,11.583,12 mins,1.25,30,ESTIMATED,,,35.778629,-78.639313,183
1062,37183050100.0,Redeeming Love Missionary Baptist Church,3.446,4.307,6931.432,4.3 mi,517,8.617,9 mins,1.25,30,ESTIMATED,,,35.778629,-78.639313,183
1063,37183050100.0,Historic Oak View Park,3.822,4.778,7689.58,4.8 mi,573,9.55,10 mins,1.25,30,ESTIMATED,,,35.778629,-78.639313,183
1064,37183050100.0,Poe Center for Health Ed.,3.111,3.889,6258.061,3.9 mi,467,7.783,8 mins,1.25,30,ESTIMATED,,,35.778629,-78.639313,183
1065,37183050100.0,New Hope Baptist Church,5.748,7.185,11563.391,7.2 mi,862,14.367,14 mins,1.25,30,ESTIMATED,,,35.778629,-78.639313,183
1066,37183050100.0,Wake County Public Health,2.96,3.7,5954.636,3.7 mi,444,7.4,7 mins,1.25,30,ESTIMATED,,,35.778629,-78.639313,183
1067,37183050100.0,Peach Road Community Center,2.636,3.295,5302.498,3.3 mi,395,6.583,7 mins,1.25,30,ESTIMATED,,,35.778629,-78.639313,183
1068,37183050100.0,Wake County Northern Regional Center,15.058,18.823,30291.955,18.8 mi,2259,37.65,38 mins,1.25,30,ESTIMATED,,,35.778629,-78.639313,183
1069,37183050100.0,Wendell Parks and Recreation,14.457,18.071,29083.225,18.1 mi,2169,36.15,36 mins,1.25,30,ESTIMATED,,,35.778629,-78.639313,183
1070,37183050100.0,Beech Bluff County Park,13.531,16.914,27220.643,16.9 mi,2030,33.833,34 mins,1.25,30,ESTIMATED,,,35.778629,-78.639313,183
1071,37183050100.0,Wakefield Missionary Baptist,18.521,23.151,37257.895,23.2 mi,2778,46.3,46 mins,1.25,30,ESTIMATED,,,35.778629,-78.639313,183
1072,37183054008.0,Fuquay-Varina Growers Market,22.393,27.991,45047.132,28.0 mi,3359,55.983,56 mins,1.25,30,ESTIMATED,,,35.851022,-78.571587,183
1073,37183054008.0,Pine Acres Community Center,22.437,28.046,45136.099,28.0 mi,3366,56.1,56 mins,1.25,30,ESTIMATED,,,35.851022,-78.571587,183
1074,37183054008.0,Sherrill’s University of Cosmetology,3.789,4.736,7621.777,4.7 mi,568,9.467,9 mins,1.25,30,ESTIMATED,,,35.851022,-78.571587,183
1075,37183054008.0,Raleigh Church of Christ,9.954,12.442,20023.736,12.4 mi,1493,24.883,25 mins,1.25,30,ESTIMATED,,,35.851022,-78.571587,183
1076,37183054008.0,The Rock Church,2.4,3.0,4828.626,3.0 mi,360,6.0,6 mins,1.25,30,ESTIMATED,,,35.851022,-78.571587,183
1077,37183054008.0,Regeneration Temple,1.868,2.335,3757.069,2.3 mi,280,4.667,5 mins,1.25,30,ESTIMATED,,,35.851022,-78.571587,183
1078,37183054008.0,Redeeming Love Missionary Baptist Church,7.171,8.964,14426.407,9.0 mi,1076,17.933,18 mins,1.25,30,ESTIMATED,,,35.851022,-78.571587,183
1079,37183054008.0,Historic Oak View Park,5.583,6.979,11231.321,7.0 mi,837,13.95,14 mins,1.25,30,ESTIMATED,,,35.851022,-78.571587,183
1080,37183054008.0,Poe Center for Health Ed.,5.009,6.261,10076.621,6.3 mi,751,12.517,13 mins,1.25,30,ESTIMATED,,,35.851022,-78.571587,183
1081,37183054008.0,New Hope Baptist Church,0.555,0.693,1115.546,0.7 mi,83,1.383,1 mins,1.25,30,ESTIMATED,,,35.851022,-78.571587,183
1082,37183054008.0,Wake County Public Health,4.984,6.229,10025.229,6.2 mi,748,12.467,12 mins,1.25,30,ESTIMATED,,,35.851022,-78.571587,183
1083,37183054008.0,Peach Road Community Center,8.823,11.029,17749.724,11.0 mi,1324,22.067,22 mins,1.25,30,ESTIMATED,,,35.851022,-78.571587,183
1084,37183054008.0,Wake County Northern Regional Center,8.902,11.127,17907.504,11.1 mi,1335,22.25,22 mins,1.25,30,ESTIMATED,,,35.851022,-78.571587,183
1085,37183054008.0,Wendell Parks and Recreation,11.658,14.572,23451.625,14.6 mi,1749,29.15,29 mins,1.25,30,ESTIMATED,,,35.851022,-78.571587,183
1086,37183054008.0,Beech Bluff County Park,19.315,24.144,38855.97,24.1 mi,2897,48.283,48 mins,1.25,30,ESTIMATED,,,35.851022,-78.571587,183
1087,37183054008.0,Wakefield Missionary Baptist,14.253,17.816,28671.819,17.8 mi,2138,35.633,36 mins,1.25,30,ESTIMATED,,,35.851022,-78.571587,183
1088,37183053523.0,Fuquay-Varina Growers Market,14.662,18.327,29494.676,18.3 mi,2199,36.65,37 mins,1.25,30,ESTIMATED,,,35.796958,-78.819187,183
1089,37183053523.0,Pine Acres Community Center,14.73,18.413,29632.695,18.4 mi,2210,36.833,37 mins,1.25,30,ESTIMATED,,,35.796958,-78.819187,183
1090,37183053523.0,Sherrill’s University of Cosmetology,13.077,16.346,26305.755,16.3 mi,1961,32.683,33 mins,1.25,30,ESTIMATED,,,35.796958,-78.819187,183
1091,37183053523.0,Raleigh Church of Christ,5.598,6.998,11262.084,7.0 mi,840,14.0,14 mins,1.25,30,ESTIMATED,,,35.796958,-78.819187,183
1092,37183053523.0,The Rock Church,13.01,16.262,26171.091,16.3 mi,1951,32.517,33 mins,1.25,30,ESTIMATED,,,35.796958,-78.819187,183
1093,37183053523.0,Regeneration Temple,12.56,15.7,25267.342,15.7 mi,1884,31.4,31 mins,1.25,30,ESTIMATED,,,35.796958,-78.819187,183
1094,37183053523.0,Redeeming Love Missionary Baptist Church,13.254,16.568,26662.85,16.6 mi,1988,33.133,33 mins,1.25,30,ESTIMATED,,,35.796958,-78.819187,183
1095,37183053523.0,Historic Oak View Park,13.982,17.478,28127.845,17.5 mi,2097,34.95,35 mins,1.25,30,ESTIMATED,,,35.796958,-78.819187,183
1096,37183053523.0,Poe Center for Health Ed.,13.249,16.561,26652.022,16.6 mi,1987,33.117,33 mins,1.25,30,ESTIMATED,,,35.796958,-78.819187,183
1097,37183053523.0,New Hope Baptist Church,14.047,17.559,28258.078,17.6 mi,2107,35.117,35 mins,1.25,30,ESTIMATED,,,35.796958,-78.819187,183
1098,37183053523.0,Wake County Public Health,13.093,16.366,26338.585,16.4 mi,1964,32.733,33 mins,1.25,30,ESTIMATED,,,35.796958,-78.819187,183
1099,37183053523.0,Peach Road Community Center,9.953,12.441,20021.479,12.4 mi,1493,24.883,25 mins,1.25,30,ESTIMATED,,,35.796958,-78.819187,183
1100,37183053523.0,Wake County Northern Regional Center,21.002,26.252,42248.922,26.3 mi,3150,52.5,52 mins,1.25,30,ESTIMATED,,,35.796958,-78.819187,183
1101,37183053523.0,Wendell Parks and Recreation,24.555,30.693,49395.95,30.7 mi,3683,61.383,1 hr 1 mins,1.25,30,ESTIMATED,,,35.796958,-78.819187,183
1102,37183053523.0,Beech Bluff County Park,16.586,20.732,33365.174,20.7 mi,2488,41.467,41 mins,1.25,30,ESTIMATED,,,35.796958,-78.819187,183
1103,37183053523.0,Wakefield Missionary Baptist,28.263,35.329,56857.023,35.3 mi,4240,70.667,1 hr 11 mins,1.25,30,ESTIMATED,,,35.796958,-78.819187,183
1104,37183053803.0,Fuquay-Varina Growers Market,26.24,32.8,52786.041,32.8 mi,3936,65.6,1 hr 6 mins,1.25,30,ESTIMATED,,,35.954729,-78.691562,183
1105,37183053803.0,Pine Acres Community Center,26.301,32.876,52908.871,32.9 mi,3945,65.75,1 hr 6 mins,1.25,30,ESTIMATED,,,35.954729,-78.691562,183
1106,37183053803.0,Sherrill’s University of Cosmetology,12.376,15.47,24896.29,15.5 mi,1856,30.933,31 mins,1.25,30,ESTIMATED,,,35.954729,-78.691562,183
1107,37183053803.0,Raleigh Church of Christ,12.507,15.634,25160.102,15.6 mi,1876,31.267,31 mins,1.25,30,ESTIMATED,,,35.954729,-78.691562,183
1108,37183053803.0,The Rock Church,10.998,13.747,22124.304,13.7 mi,1650,27.5,28 mins,1.25,30,ESTIMATED,,,35.954729,-78.691562,183
1109,37183053803.0,Regeneration Temple,9.535,11.919,19181.168,11.9 mi,1430,23.833,24 mins,1.25,30,ESTIMATED,,,35.954729,-78.691562,183
1110,37183053803.0,Redeeming Love Missionary Baptist Church,15.341,19.177,30861.697,19.2 mi,2301,38.35,38 mins,1.25,30,ESTIMATED,,,35.954729,-78.691562,183
1111,37183053803.0,Historic Oak View Park,14.402,18.002,28971.527,18.0 mi,2160,36.0,36 mins,1.25,30,ESTIMATED,,,35.954729,-78.691562,183
1112,37183053803.0,Poe Center for Health Ed.,13.545,16.931,27248.228,16.9 mi,2032,33.867,34 mins,1.25,30,ESTIMATED,,,35.954729,-78.691562,183
1113,37183053803.0,New Hope Baptist Church,10.075,12.594,20267.541,12.6 mi,1511,25.183,25 mins,1.25,30,ESTIMATED,,,35.954729,-78.691562,183
1114,37183053803.0,Wake County Public Health,13.434,16.792,27024.495,16.8 mi,2015,33.583,34 mins,1.25,30,ESTIMATED,,,35.954729,-78.691562,183
1115,37183053803.0,Peach Road Community Center,14.801,18.501,29774.035,18.5 mi,2220,37.0,37 mins,1.25,30,ESTIMATED,,,35.954729,-78.691562,183
1116,37183053803.0,Wake County Northern Regional Center,10.163,12.704,20445.039,12.7 mi,1524,25.4,25 mins,1.25,30,ESTIMATED,,,35.954729,-78.691562,183
1117,37183053803.0,Wendell Parks and Recreation,21.05,26.312,42345.333,26.3 mi,3157,52.617,53 mins,1.25,30,ESTIMATED,,,35.954729,-78.691562,183
1118,37183053803.0,Beech Bluff County Park,25.521,31.901,51339.199,31.9 mi,3828,63.8,1 hr 4 mins,1.25,30,ESTIMATED,,,35.954729,-78.691562,183
1119,37183053803.0,Wakefield Missionary Baptist,22.393,27.992,45048.468,28.0 mi,3359,55.983,56 mins,1.25,30,ESTIMATED,,,35.954729,-78.691562,183
1120,37183052902.0,Fuquay-Varina Growers Market,10.677,13.346,21477.927,13.3 mi,1601,26.683,27 mins,1.25,30,ESTIMATED,,,35.622223,-78.615609,183
1121,37183052902.0,Pine Acres Community Center,10.674,13.343,21472.907,13.3 mi,1601,26.683,27 mins,1.25,30,ESTIMATED,,,35.622223,-78.615609,183
1122,37183052902.0,Sherrill’s University of Cosmetology,12.22,15.274,24581.831,15.3 mi,1833,30.55,31 mins,1.25,30,ESTIMATED,,,35.622223,-78.615609,183
1123,37183052902.0,Raleigh Church of Christ,12.181,15.226,24504.464,15.2 mi,1827,30.45,30 mins,1.25,30,ESTIMATED,,,35.622223,-78.615609,183
1124,37183052902.0,The Rock Church,13.69,17.113,27540.157,17.1 mi,2054,34.233,34 mins,1.25,30,ESTIMATED,,,35.622223,-78.615609,183
1125,37183052902.0,Regeneration Temple,14.929,18.661,30032.35,18.7 mi,2239,37.317,37 mins,1.25,30,ESTIMATED,,,35.622223,-78.615609,183
1126,37183052902.0,Redeeming Love Missionary Baptist Church,8.829,11.036,17761.387,11.0 mi,1324,22.067,22 mins,1.25,30,ESTIMATED,,,35.622223,-78.615609,183
1127,37183052902.0,Historic Oak View Park,10.515,13.144,21153.374,13.1 mi,1577,26.283,26 mins,1.25,30,ESTIMATED,,,35.622223,-78.615609,183
1128,37183052902.0,Poe Center for Health Ed.,10.992,13.74,22112.866,13.7 mi,1649,27.483,27 mins,1.25,30,ESTIMATED,,,35.622223,-78.615609,183
1129,37183052902.0,New Hope Baptist Church,15.458,19.323,31097.053,19.3 mi,2319,38.65,39 mins,1.25,30,ESTIMATED,,,35.622223,-78.615609,183
1130,37183052902.0,Wake County Public Health,11.017,13.772,22163.299,13.8 mi,1653,27.55,28 mins,1.25,30,ESTIMATED,,,35.622223,-78.615609,183
1131,37183052902.0,Peach Road Community Center,8.603,10.754,17306.588,10.8 mi,1290,21.5,22 mins,1.25,30,ESTIMATED,,,35.622223,-78.615609,183
1132,37183052902.0,Wake County Northern Regional Center,24.742,30.928,49773.405,30.9 mi,3711,61.85,1 hr 2 mins,1.25,30,ESTIMATED,,,35.622223,-78.615609,183
1133,37183052902.0,Wendell Parks and Recreation,17.184,21.48,34568.838,21.5 mi,2578,42.967,43 mins,1.25,30,ESTIMATED,,,35.622223,-78.615609,183
1134,37183052902.0,Beech Bluff County Park,4.386,5.483,8823.534,5.5 mi,658,10.967,11 mins,1.25,30,ESTIMATED,,,35.622223,-78.615609,183
1135,37183052902.0,Wakefield Missionary Baptist,22.483,28.104,45229.221,28.1 mi,3372,56.2,56 mins,1.25,30,ESTIMATED,,,35.622223,-78.615609,183
1136,37183053109.0,Fuquay-Varina Growers Market,3.374,4.218,6788.334,4.2 mi,506,8.433,8 mins,1.25,30,ESTIMATED,,,35.601434,-78.743465,183
1137,37183053109.0,Pine Acres Community Center,3.379,4.224,6797.625,4.2 mi,507,8.45,8 mins,1.25,30,ESTIMATED,,,35.601434,-78.743465,183
1138,37183053109.0,Sherrill’s University of Cosmetology,16.173,20.217,32535.791,20.2 mi,2426,40.433,40 mins,1.25,30,ESTIMATED,,,35.601434,-78.743465,183
1139,37183053109.0,Raleigh Church of Christ,12.082,15.103,24305.559,15.1 mi,1812,30.2,30 mins,1.25,30,ESTIMATED,,,35.601434,-78.743465,183
1140,37183053109.0,The Rock Church,17.371,21.713,34944.042,21.7 mi,2606,43.433,43 mins,1.25,30,ESTIMATED,,,35.601434,-78.743465,183
1141,37183053109.0,Regeneration Temple,18.197,22.746,36606.606,22.7 mi,2730,45.5,46 mins,1.25,30,ESTIMATED,,,35.601434,-78.743465,183
1142,37183053109.0,Redeeming Love Missionary Baptist Church,13.297,16.621,26749.099,16.6 mi,1995,33.25,33 mins,1.25,30,ESTIMATED,,,35.601434,-78.743465,183
1143,37183053109.0,Historic Oak View Park,15.122,18.903,30421.095,18.9 mi,2268,37.8,38 mins,1.25,30,ESTIMATED,,,35.601434,-78.743465,183
1144,37183053109.0,Poe Center for Health Ed.,15.203,19.004,30583.425,19.0 mi,2280,38.0,38 mins,1.25,30,ESTIMATED,,,35.601434,-78.743465,183
1145,37183053109.0,New Hope Baptist Church,19.208,24.01,38640.913,24.0 mi,2881,48.017,48 mins,1.25,30,ESTIMATED,,,35.601434,-78.743465,183
1146,37183053109.0,Wake County Public Health,15.154,18.942,30484.704,18.9 mi,2273,37.883,38 mins,1.25,30,ESTIMATED,,,35.601434,-78.743465,183
1147,37183053109.0,Peach Road Community Center,10.951,13.688,22029.267,13.7 mi,1643,27.383,27 mins,1.25,30,ESTIMATED,,,35.601434,-78.743465,183
1148,37183053109.0,Wake County Northern Regional Center,28.615,35.769,57564.484,35.8 mi,4292,71.533,1 hr 12 mins,1.25,30,ESTIMATED,,,35.601434,-78.743465,183
1149,37183053109.0,Wendell Parks and Recreation,23.859,29.824,47996.649,29.8 mi,3579,59.65,1 hr,1.25,30,ESTIMATED,,,35.601434,-78.743465,183
1150,37183053109.0,Beech Bluff County Park,3.77,4.712,7583.331,4.7 mi,565,9.417,9 mins,1.25,30,ESTIMATED,,,35.601434,-78.743465,183
1151,37183053109.0,Wakefield Missionary Baptist,29.02,36.274,58377.953,36.3 mi,4353,72.55,1 hr 13 mins,1.25,30,ESTIMATED,,,35.601434,-78.743465,183
1152,37183053202.0,Fuquay-Varina Growers Market,4.39,5.488,8831.517,5.5 mi,659,10.983,11 mins,1.25,30,ESTIMATED,,,35.648844,-78.801855,183
1153,37183053202.0,Pine Acres Community Center,4.458,5.572,8967.924,5.6 mi,669,11.15,11 mins,1.25,30,ESTIMATED,,,35.648844,-78.801855,183
1154,37183053202.0,Sherrill’s University of Cosmetology,15.881,19.851,31946.527,19.9 mi,2382,39.7,40 mins,1.25,30,ESTIMATED,,,35.648844,-78.801855,183
1155,37183053202.0,Raleigh Church of Christ,9.809,12.261,19732.59,12.3 mi,1471,24.517,25 mins,1.25,30,ESTIMATED,,,35.648844,-78.801855,183
1156,37183053202.0,The Rock Church,16.777,20.971,33750.325,21.0 mi,2517,41.95,42 mins,1.25,30,ESTIMATED,,,35.648844,-78.801855,183
1157,37183053202.0,Regeneration Temple,17.259,21.574,34720.21,21.6 mi,2589,43.15,43 mins,1.25,30,ESTIMATED,,,35.648844,-78.801855,183
1158,37183053202.0,Redeeming Love Missionary Baptist Church,13.71,17.138,27580.625,17.1 mi,2057,34.283,34 mins,1.25,30,ESTIMATED,,,35.648844,-78.801855,183
1159,37183053202.0,Historic Oak View Park,15.386,19.233,30952.57,19.2 mi,2308,38.467,38 mins,1.25,30,ESTIMATED,,,35.648844,-78.801855,183
1160,37183053202.0,Poe Center for Health Ed.,15.19,18.988,30557.983,19.0 mi,2279,37.983,38 mins,1.25,30,ESTIMATED,,,35.648844,-78.801855,183
1161,37183053202.0,New Hope Baptist Church,18.509,23.137,37234.591,23.1 mi,2776,46.267,46 mins,1.25,30,ESTIMATED,,,35.648844,-78.801855,183
1162,37183053202.0,Wake County Public Health,15.098,18.872,30371.514,18.9 mi,2265,37.75,38 mins,1.25,30,ESTIMATED,,,35.648844,-78.801855,183
1163,37183053202.0,Peach Road Community Center,10.492,13.115,21105.976,13.1 mi,1574,26.233,26 mins,1.25,30,ESTIMATED,,,35.648844,-78.801855,183
1164,37183053202.0,Wake County Northern Regional Center,27.542,34.428,55406.334,34.4 mi,4131,68.85,1 hr 9 mins,1.25,30,ESTIMATED,,,35.648844,-78.801855,183
1165,37183053202.0,Wendell Parks and Recreation,25.329,31.661,50953.369,31.7 mi,3799,63.317,1 hr 3 mins,1.25,30,ESTIMATED,,,35.648844,-78.801855,183
1166,37183053202.0,Beech Bluff County Park,8.157,10.197,16410.036,10.2 mi,1224,20.4,20 mins,1.25,30,ESTIMATED,,,35.648844,-78.801855,183
1167,37183053202.0,Wakefield Missionary Baptist,30.196,37.745,60744.857,37.7 mi,4529,75.483,1 hr 15 mins,1.25,30,ESTIMATED,,,35.648844,-78.801855,183
1168,37183053424.0,Fuquay-Varina Growers Market,12.867,16.084,25884.665,16.1 mi,1930,32.167,32 mins,1.25,30,ESTIMATED,,,35.768998,-78.837977,183
1169,37183053424.0,Pine Acres Community Center,12.937,16.171,26024.781,16.2 mi,1941,32.35,32 mins,1.25,30,ESTIMATED,,,35.768998,-78.837977,183
1170,37183053424.0,Sherrill’s University of Cosmetology,14.268,17.835,28702.167,17.8 mi,2140,35.667,36 mins,1.25,30,ESTIMATED,,,35.768998,-78.837977,183
1171,37183053424.0,Raleigh Church of Christ,6.468,8.085,13012.296,8.1 mi,970,16.167,16 mins,1.25,30,ESTIMATED,,,35.768998,-78.837977,183
1172,37183053424.0,The Rock Church,14.397,17.997,28963.006,18.0 mi,2160,36.0,36 mins,1.25,30,ESTIMATED,,,35.768998,-78.837977,183
1173,37183053424.0,Regeneration Temple,14.12,17.65,28404.842,17.6 mi,2118,35.3,35 mins,1.25,30,ESTIMATED,,,35.768998,-78.837977,183
1174,37183053424.0,Redeeming Love Missionary Baptist Church,13.951,17.438,28064.029,17.4 mi,2093,34.883,35 mins,1.25,30,ESTIMATED,,,35.768998,-78.837977,183
1175,37183053424.0,Historic Oak View Park,14.916,18.645,30005.651,18.6 mi,2237,37.283,37 mins,1.25,30,ESTIMATED,,,35.768998,-78.837977,183
1176,37183053424.0,Poe Center for Health Ed.,14.265,17.831,28696.285,17.8 mi,2140,35.667,36 mins,1.25,30,ESTIMATED,,,35.768998,-78.837977,183
1177,37183053424.0,New Hope Baptist Church,15.603,19.504,31388.333,19.5 mi,2340,39.0,39 mins,1.25,30,ESTIMATED,,,35.768998,-78.837977,183
1178,37183053424.0,Wake County Public Health,14.116,17.644,28396.056,17.6 mi,2117,35.283,35 mins,1.25,30,ESTIMATED,,,35.768998,-78.837977,183
1179,37183053424.0,Peach Road Community Center,10.433,13.041,20987.184,13.0 mi,1565,26.083,26 mins,1.25,30,ESTIMATED,,,35.768998,-78.837977,183
1180,37183053424.0,Wake County Northern Regional Center,22.991,28.738,46249.658,28.7 mi,3449,57.483,57 mins,1.25,30,ESTIMATED,,,35.768998,-78.837977,183
1181,37183053424.0,Wendell Parks and Recreation,25.609,32.011,51517.004,32.0 mi,3841,64.017,1 hr 4 mins,1.25,30,ESTIMATED,,,35.768998,-78.837977,183
1182,37183053424.0,Beech Bluff County Park,15.494,19.367,31168.863,19.4 mi,2324,38.733,39 mins,1.25,30,ESTIMATED,,,35.768998,-78.837977,183
1183,37183053424.0,Wakefield Missionary Baptist,29.573,36.966,59491.639,37.0 mi,4436,73.933,1 hr 14 mins,1.25,30,ESTIMATED,,,35.768998,-78.837977,183
1184,37183053521.0,Fuquay-Varina Growers Market,15.844,19.806,31874.043,19.8 mi,2377,39.617,40 mins,1.25,30,ESTIMATED,,,35.811613,-78.754434,183
1185,37183053521.0,Pine Acres Community Center,15.908,19.885,32001.511,19.9 mi,2386,39.767,40 mins,1.25,30,ESTIMATED,,,35.811613,-78.754434,183
1186,37183053521.0,Sherrill’s University of Cosmetology,9.498,11.872,19105.995,11.9 mi,1425,23.75,24 mins,1.25,30,ESTIMATED,,,35.811613,-78.754434,183
1187,37183053521.0,Raleigh Church of Christ,3.059,3.823,6152.949,3.8 mi,459,7.65,8 mins,1.25,30,ESTIMATED,,,35.811613,-78.754434,183
1188,37183053521.0,The Rock Church,9.304,11.63,18717.265,11.6 mi,1396,23.267,23 mins,1.25,30,ESTIMATED,,,35.811613,-78.754434,183
1189,37183053521.0,Regeneration Temple,8.798,10.998,17699.465,11.0 mi,1320,22.0,22 mins,1.25,30,ESTIMATED,,,35.811613,-78.754434,183
1190,37183053521.0,Redeeming Love Missionary Baptist Church,10.177,12.721,20472.726,12.7 mi,1527,25.45,25 mins,1.25,30,ESTIMATED,,,35.811613,-78.754434,183
1191,37183053521.0,Historic Oak View Park,10.622,13.277,21367.247,13.3 mi,1593,26.55,27 mins,1.25,30,ESTIMATED,,,35.811613,-78.754434,183
1192,37183053521.0,Poe Center for Health Ed.,9.82,12.275,19755.256,12.3 mi,1473,24.55,25 mins,1.25,30,ESTIMATED,,,35.811613,-78.754434,183
1193,37183053521.0,New Hope Baptist Church,10.284,12.855,20688.121,12.9 mi,1543,25.717,26 mins,1.25,30,ESTIMATED,,,35.811613,-78.754434,183
1194,37183053521.0,Wake County Public Health,9.661,12.076,19435.12,12.1 mi,1449,24.15,24 mins,1.25,30,ESTIMATED,,,35.811613,-78.754434,183
1195,37183053521.0,Peach Road Community Center,7.344,9.181,14774.73,9.2 mi,1102,18.367,18 mins,1.25,30,ESTIMATED,,,35.811613,-78.754434,183
1196,37183053521.0,Wake County Northern Regional Center,17.488,21.86,35180.561,21.9 mi,2623,43.717,44 mins,1.25,30,ESTIMATED,,,35.811613,-78.754434,183
1197,37183053521.0,Wendell Parks and Recreation,21.0,26.25,42244.578,26.2 mi,3150,52.5,52 mins,1.25,30,ESTIMATED,,,35.811613,-78.754434,183
1198,37183053521.0,Beech Bluff County Park,16.182,20.227,32552.599,20.2 mi,2427,40.45,40 mins,1.25,30,ESTIMATED,,,35.811613,-78.754434,183
1199,37183053521.0,Wakefield Missionary Baptist,24.555,30.694,49397.468,30.7 mi,3683,61.383,1 hr 1 mins,1.25,30,ESTIMATED,,,35.811613,-78.754434,183
1200,37183054015.0,Fuquay-Varina Growers Market,23.259,29.073,46789.136,29.1 mi,3489,58.15,58 mins,1.25,30,ESTIMATED,,,35.864095,-78.567741,183
1201,37183054015.0,Pine Acres Community Center,23.304,29.13,46879.696,29.1 mi,3496,58.267,58 mins,1.25,30,ESTIMATED,,,35.864095,-78.567741,183
1202,37183054015.0,Sherrill’s University of Cosmetology,4.717,5.896,9489.436,5.9 mi,708,11.8,12 mins,1.25,30,ESTIMATED,,,35.864095,-78.567741,183
1203,37183054015.0,Raleigh Church of Christ,10.63,13.288,21385.062,13.3 mi,1595,26.583,27 mins,1.25,30,ESTIMATED,,,35.864095,-78.567741,183
1204,37183054015.0,The Rock Church,3.319,4.148,6676.009,4.1 mi,498,8.3,8 mins,1.25,30,ESTIMATED,,,35.864095,-78.567741,183
1205,37183054015.0,Regeneration Temple,2.586,3.232,5201.22,3.2 mi,388,6.467,6 mins,1.25,30,ESTIMATED,,,35.864095,-78.567741,183
1206,37183054015.0,Redeeming Love Missionary Baptist Church,8.097,10.121,16288.315,10.1 mi,1215,20.25,20 mins,1.25,30,ESTIMATED,,,35.864095,-78.567741,183
1207,37183054015.0,Historic Oak View Park,6.491,8.113,13056.812,8.1 mi,974,16.233,16 mins,1.25,30,ESTIMATED,,,35.864095,-78.567741,183
1208,37183054015.0,Poe Center for Health Ed.,5.934,7.417,11937.257,7.4 mi,890,14.833,15 mins,1.25,30,ESTIMATED,,,35.864095,-78.567741,183
1209,37183054015.0,New Hope Baptist Church,1.48,1.85,2977.526,1.9 mi,222,3.7,4 mins,1.25,30,ESTIMATED,,,35.864095,-78.567741,183
1210,37183054015.0,Wake County Public Health,5.91,7.388,11889.891,7.4 mi,887,14.783,15 mins,1.25,30,ESTIMATED,,,35.864095,-78.567741,183
1211,37183054015.0,Peach Road Community Center,9.708,12.135,19530.09,12.1 mi,1456,24.267,24 mins,1.25,30,ESTIMATED,,,35.864095,-78.567741,183
1212,37183054015.0,Wake County Northern Regional Center,7.986,9.983,16065.319,10.0 mi,1198,19.967,20 mins,1.25,30,ESTIMATED,,,35.864095,-78.567741,183
1213,37183054015.0,Wendell Parks and Recreation,11.862,14.827,23862.497,14.8 mi,1779,29.65,30 mins,1.25,30,ESTIMATED,,,35.864095,-78.567741,183
1214,37183054015.0,Beech Bluff County Park,20.241,25.301,40717.591,25.3 mi,3036,50.6,51 mins,1.25,30,ESTIMATED,,,35.864095,-78.567741,183
1215,37183054015.0,Wakefield Missionary Baptist,14.115,17.644,28395.6,17.6 mi,2117,35.283,35 mins,1.25,30,ESTIMATED,,,35.864095,-78.567741,183
1216,37183054111.0,Fuquay-Varina Growers Market,25.867,32.334,52036.895,32.3 mi,3880,64.667,1 hr 5 mins,1.25,30,ESTIMATED,,,35.849065,-78.472897,183
1217,37183054111.0,Pine Acres Community Center,25.901,32.377,52104.96,32.4 mi,3885,64.75,1 hr 5 mins,1.25,30,ESTIMATED,,,35.849065,-78.472897,183
1218,37183054111.0,Sherrill’s University of Cosmetology,7.265,9.081,14614.241,9.1 mi,1090,18.167,18 mins,1.25,30,ESTIMATED,,,35.849065,-78.472897,183
1219,37183054111.0,Raleigh Church of Christ,14.9,18.625,29973.795,18.6 mi,2235,37.25,37 mins,1.25,30,ESTIMATED,,,35.849065,-78.472897,183
1220,37183054111.0,The Rock Church,6.804,8.505,13688.208,8.5 mi,1021,17.017,17 mins,1.25,30,ESTIMATED,,,35.849065,-78.472897,183
1221,37183054111.0,Regeneration Temple,7.203,9.004,14491.089,9.0 mi,1081,18.017,18 mins,1.25,30,ESTIMATED,,,35.849065,-78.472897,183
1222,37183054111.0,Redeeming Love Missionary Baptist Church,9.582,11.978,19276.265,12.0 mi,1437,23.95,24 mins,1.25,30,ESTIMATED,,,35.849065,-78.472897,183
1223,37183054111.0,Historic Oak View Park,7.776,9.72,15642.351,9.7 mi,1166,19.433,19 mins,1.25,30,ESTIMATED,,,35.849065,-78.472897,183
1224,37183054111.0,Poe Center for Health Ed.,7.869,9.836,15830.094,9.8 mi,1180,19.667,20 mins,1.25,30,ESTIMATED,,,35.849065,-78.472897,183
1225,37183054111.0,New Hope Baptist Church,5.738,7.173,11543.439,7.2 mi,861,14.35,14 mins,1.25,30,ESTIMATED,,,35.849065,-78.472897,183
1226,37183054111.0,Wake County Public Health,7.96,9.95,16012.707,9.9 mi,1194,19.9,20 mins,1.25,30,ESTIMATED,,,35.849065,-78.472897,183
1227,37183054111.0,Peach Road Community Center,12.57,15.713,25286.84,15.7 mi,1886,31.433,31 mins,1.25,30,ESTIMATED,,,35.849065,-78.472897,183
1228,37183054111.0,Wake County Northern Regional Center,8.627,10.784,17355.038,10.8 mi,1294,21.567,22 mins,1.25,30,ESTIMATED,,,35.849065,-78.472897,183
1229,37183054111.0,Wendell Parks and Recreation,6.885,8.606,13850.027,8.6 mi,1033,17.217,17 mins,1.25,30,ESTIMATED,,,35.849065,-78.472897,183
1230,37183054111.0,Beech Bluff County Park,21.58,26.975,43411.583,27.0 mi,3237,53.95,54 mins,1.25,30,ESTIMATED,,,35.849065,-78.472897,183
1231,37183054111.0,Wakefield Missionary Baptist,8.728,10.91,17557.736,10.9 mi,1309,21.817,22 mins,1.25,30,ESTIMATED,,,35.849065,-78.472897,183
1232,37183053608.0,Fuquay-Varina Growers Market,18.842,23.552,37903.376,23.6 mi,2826,47.1,47 mins,1.25,30,ESTIMATED,,,35.854447,-78.854343,183
1233,37183053608.0,Pine Acres Community Center,18.911,23.639,38043.428,23.6 mi,2837,47.283,47 mins,1.25,30,ESTIMATED,,,35.854447,-78.854343,183
1234,37183053608.0,Sherrill’s University of Cosmetology,15.549,19.436,31279.067,19.4 mi,2332,38.867,39 mins,1.25,30,ESTIMATED,,,35.854447,-78.854343,183
1235,37183053608.0,Raleigh Church of Christ,9.166,11.457,18439.058,11.5 mi,1375,22.917,23 mins,1.25,30,ESTIMATED,,,35.854447,-78.854343,183
1236,37183053608.0,The Rock Church,15.082,18.852,30340.036,18.9 mi,2262,37.7,38 mins,1.25,30,ESTIMATED,,,35.854447,-78.854343,183
1237,37183053608.0,Regeneration Temple,14.247,17.809,28660.154,17.8 mi,2137,35.617,36 mins,1.25,30,ESTIMATED,,,35.854447,-78.854343,183
1238,37183053608.0,Redeeming Love Missionary Baptist Church,16.504,20.63,33200.775,20.6 mi,2476,41.267,41 mins,1.25,30,ESTIMATED,,,35.854447,-78.854343,183
1239,37183053608.0,Historic Oak View Park,16.861,21.076,33918.253,21.1 mi,2529,42.15,42 mins,1.25,30,ESTIMATED,,,35.854447,-78.854343,183
1240,37183053608.0,Poe Center for Health Ed.,16.023,20.029,32233.984,20.0 mi,2404,40.067,40 mins,1.25,30,ESTIMATED,,,35.854447,-78.854343,183
1241,37183053608.0,New Hope Baptist Church,15.656,19.57,31494.22,19.6 mi,2348,39.133,39 mins,1.25,30,ESTIMATED,,,35.854447,-78.854343,183
1242,37183053608.0,Wake County Public Health,15.864,19.83,31912.785,19.8 mi,2380,39.667,40 mins,1.25,30,ESTIMATED,,,35.854447,-78.854343,183
1243,37183053608.0,Peach Road Community Center,13.594,16.992,27346.37,17.0 mi,2039,33.983,34 mins,1.25,30,ESTIMATED,,,35.854447,-78.854343,183
1244,37183053608.0,Wake County Northern Regional Center,20.818,26.022,41878.39,26.0 mi,3123,52.05,52 mins,1.25,30,ESTIMATED,,,35.854447,-78.854343,183
1245,37183053608.0,Wendell Parks and Recreation,26.957,33.696,54229.17,33.7 mi,4044,67.4,1 hr 7 mins,1.25,30,ESTIMATED,,,35.854447,-78.854343,183
1246,37183053608.0,Beech Bluff County Park,21.017,26.272,42280.11,26.3 mi,3153,52.55,53 mins,1.25,30,ESTIMATED,,,35.854447,-78.854343,183
1247,37183053608.0,Wakefield Missionary Baptist,30.084,37.605,60519.792,37.6 mi,4513,75.217,1 hr 15 mins,1.25,30,ESTIMATED,,,35.854447,-78.854343,183
1248,37183053902.0,Fuquay-Varina Growers Market,31.876,39.845,64124.014,39.8 mi,4781,79.683,1 hr 20 mins,1.25,30,ESTIMATED,,,36.023628,-78.622655,183
1249,37183053902.0,Pine Acres Community Center,31.934,39.917,64240.682,39.9 mi,4790,79.833,1 hr 20 mins,1.25,30,ESTIMATED,,,36.023628,-78.622655,183
1250,37183053902.0,Sherrill’s University of Cosmetology,15.765,19.706,31713.35,19.7 mi,2365,39.417,39 mins,1.25,30,ESTIMATED,,,36.023628,-78.622655,183
1251,37183053902.0,Raleigh Church of Christ,18.038,22.548,36287.104,22.5 mi,2706,45.1,45 mins,1.25,30,ESTIMATED,,,36.023628,-78.622655,183
1252,37183053902.0,The Rock Church,14.256,17.82,28678.343,17.8 mi,2138,35.633,36 mins,1.25,30,ESTIMATED,,,36.023628,-78.622655,183
1253,37183053902.0,Regeneration Temple,12.887,16.109,25924.306,16.1 mi,1933,32.217,32 mins,1.25,30,ESTIMATED,,,36.023628,-78.622655,183
1254,37183053902.0,Redeeming Love Missionary Baptist Church,19.104,23.88,38431.053,23.9 mi,2866,47.767,48 mins,1.25,30,ESTIMATED,,,36.023628,-78.622655,183
1255,37183053902.0,Historic Oak View Park,17.738,22.172,35682.716,22.2 mi,2661,44.35,44 mins,1.25,30,ESTIMATED,,,36.023628,-78.622655,183
1256,37183053902.0,Poe Center for Health Ed.,17.027,21.284,34253.226,21.3 mi,2554,42.567,43 mins,1.25,30,ESTIMATED,,,36.023628,-78.622655,183
1257,37183053902.0,New Hope Baptist Church,12.725,15.906,25598.206,15.9 mi,1909,31.817,32 mins,1.25,30,ESTIMATED,,,36.023628,-78.622655,183
1258,37183053902.0,Wake County Public Health,16.96,21.199,34117.216,21.2 mi,2544,42.4,42 mins,1.25,30,ESTIMATED,,,36.023628,-78.622655,183
1259,37183053902.0,Peach Road Community Center,19.5,24.375,39227.903,24.4 mi,2925,48.75,49 mins,1.25,30,ESTIMATED,,,36.023628,-78.622655,183
1260,37183053902.0,Wake County Northern Regional Center,7.264,9.08,14612.428,9.1 mi,1090,18.167,18 mins,1.25,30,ESTIMATED,,,36.023628,-78.622655,183
1261,37183053902.0,Wendell Parks and Recreation,21.442,26.803,43135.421,26.8 mi,3216,53.6,54 mins,1.25,30,ESTIMATED,,,36.023628,-78.622655,183
1262,37183053902.0,Beech Bluff County Park,30.438,38.047,61230.902,38.0 mi,4566,76.1,1 hr 16 mins,1.25,30,ESTIMATED,,,36.023628,-78.622655,183
1263,37183053902.0,Wakefield Missionary Baptist,21.281,26.601,42810.622,26.6 mi,3192,53.2,53 mins,1.25,30,ESTIMATED,,,36.023628,-78.622655,183
1264,37183053415.0,Fuquay-Varina Growers Market,12.198,15.248,24539.136,15.2 mi,1830,30.5,30 mins,1.25,30,ESTIMATED,,,35.74861,-78.882785,183
1265,37183053415.0,Pine Acres Community Center,12.268,15.335,24679.359,15.3 mi,1840,30.667,31 mins,1.25,30,ESTIMATED,,,35.74861,-78.882785,183
1266,37183053415.0,Sherrill’s University of Cosmetology,16.984,21.23,34166.036,21.2 mi,2548,42.467,42 mins,1.25,30,ESTIMATED,,,35.74861,-78.882785,183
1267,37183053415.0,Raleigh Church of Christ,9.156,11.445,18419.467,11.4 mi,1373,22.883,23 mins,1.25,30,ESTIMATED,,,35.74861,-78.882785,183
1268,37183053415.0,The Rock Church,17.193,21.491,34586.389,21.5 mi,2579,42.983,43 mins,1.25,30,ESTIMATED,,,35.74861,-78.882785,183
1269,37183053415.0,Regeneration Temple,16.968,21.209,34133.316,21.2 mi,2545,42.417,42 mins,1.25,30,ESTIMATED,,,35.74861,-78.882785,183
1270,37183053415.0,Redeeming Love Missionary Baptist Church,16.392,20.49,32975.323,20.5 mi,2459,40.983,41 mins,1.25,30,ESTIMATED,,,35.74861,-78.882785,183
1271,37183053415.0,Historic Oak View Park,17.493,21.867,35191.32,21.9 mi,2624,43.733,44 mins,1.25,30,ESTIMATED,,,35.74861,-78.882785,183
1272,37183053415.0,Poe Center for Health Ed.,16.894,21.118,33985.614,21.1 mi,2534,42.233,42 mins,1.25,30,ESTIMATED,,,35.74861,-78.882785,183
1273,37183053415.0,New Hope Baptist Church,18.447,23.059,37109.351,23.1 mi,2767,46.117,46 mins,1.25,30,ESTIMATED,,,35.74861,-78.882785,183
1274,37183053415.0,Wake County Public Health,16.75,20.937,33694.901,20.9 mi,2512,41.867,42 mins,1.25,30,ESTIMATED,,,35.74861,-78.882785,183
1275,37183053415.0,Peach Road Community Center,12.793,15.991,25735.016,16.0 mi,1919,31.983,32 mins,1.25,30,ESTIMATED,,,35.74861,-78.882785,183
1276,37183053415.0,Wake County Northern Regional Center,25.846,32.307,51993.608,32.3 mi,3877,64.617,1 hr 5 mins,1.25,30,ESTIMATED,,,35.74861,-78.882785,183
1277,37183053415.0,Wendell Parks and Recreation,28.205,35.256,56738.9,35.3 mi,4231,70.517,1 hr 11 mins,1.25,30,ESTIMATED,,,35.74861,-78.882785,183
1278,37183053415.0,Beech Bluff County Park,16.046,20.058,32279.795,20.1 mi,2407,40.117,40 mins,1.25,30,ESTIMATED,,,35.74861,-78.882785,183
1279,37183053415.0,Wakefield Missionary Baptist,32.301,40.376,64979.237,40.4 mi,4845,80.75,1 hr 21 mins,1.25,30,ESTIMATED,,,35.74861,-78.882785,183
1280,37183054222.0,Fuquay-Varina Growers Market,30.535,38.169,61427.045,38.2 mi,4580,76.333,1 hr 16 mins,1.25,30,ESTIMATED,,,35.943915,-78.481826,183
1281,37183054222.0,Pine Acres Community Center,30.579,38.223,61514.426,38.2 mi,4587,76.45,1 hr 16 mins,1.25,30,ESTIMATED,,,35.943915,-78.481826,183
1282,37183054222.0,Sherrill’s University of Cosmetology,11.678,14.597,23492.189,14.6 mi,1752,29.2,29 mins,1.25,30,ESTIMATED,,,35.943915,-78.481826,183
1283,37183054222.0,Raleigh Church of Christ,17.821,22.276,35850.474,22.3 mi,2673,44.55,45 mins,1.25,30,ESTIMATED,,,35.943915,-78.481826,183
1284,37183054222.0,The Rock Church,10.491,13.114,21104.765,13.1 mi,1574,26.233,26 mins,1.25,30,ESTIMATED,,,35.943915,-78.481826,183
1285,37183054222.0,Regeneration Temple,9.896,12.37,19907.619,12.4 mi,1484,24.733,25 mins,1.25,30,ESTIMATED,,,35.943915,-78.481826,183
1286,37183054222.0,Redeeming Love Missionary Baptist Church,14.818,18.522,29809.059,18.5 mi,2223,37.05,37 mins,1.25,30,ESTIMATED,,,35.943915,-78.481826,183
1287,37183054222.0,Historic Oak View Park,13.019,16.273,26189.231,16.3 mi,1953,32.55,33 mins,1.25,30,ESTIMATED,,,35.943915,-78.481826,183
1288,37183054222.0,Poe Center for Health Ed.,12.733,15.916,25614.611,15.9 mi,1910,31.833,32 mins,1.25,30,ESTIMATED,,,35.943915,-78.481826,183
1289,37183054222.0,New Hope Baptist Church,8.682,10.853,17466.056,10.9 mi,1302,21.7,22 mins,1.25,30,ESTIMATED,,,35.943915,-78.481826,183
1290,37183054222.0,Wake County Public Health,12.758,15.947,25664.899,15.9 mi,1914,31.9,32 mins,1.25,30,ESTIMATED,,,35.943915,-78.481826,183
1291,37183054222.0,Peach Road Community Center,16.95,21.188,34098.037,21.2 mi,2543,42.383,42 mins,1.25,30,ESTIMATED,,,35.943915,-78.481826,183
1292,37183054222.0,Wake County Northern Regional Center,2.429,3.036,4886.74,3.0 mi,364,6.067,6 mins,1.25,30,ESTIMATED,,,35.943915,-78.481826,183
1293,37183054222.0,Wendell Parks and Recreation,12.488,15.61,25122.257,15.6 mi,1873,31.217,31 mins,1.25,30,ESTIMATED,,,35.943915,-78.481826,183
1294,37183054222.0,Beech Bluff County Park,27.126,33.908,54569.089,33.9 mi,4069,67.817,1 hr 8 mins,1.25,30,ESTIMATED,,,35.943915,-78.481826,183
1295,37183054222.0,Wakefield Missionary Baptist,11.679,14.599,23495.156,14.6 mi,1752,29.2,29 mins,1.25,30,ESTIMATED,,,35.943915,-78.481826,183
1296,37183054305.0,Fuquay-Varina Growers Market,32.183,40.229,64742.243,40.2 mi,4827,80.45,1 hr 20 mins,1.25,30,ESTIMATED,,,35.832809,-78.314191,183
1297,37183054305.0,Pine Acres Community Center,32.203,40.253,64781.591,40.3 mi,4830,80.5,1 hr 20 mins,1.25,30,ESTIMATED,,,35.832809,-78.314191,183
1298,37183054305.0,Sherrill’s University of Cosmetology,15.416,19.27,31011.645,19.3 mi,2312,38.533,39 mins,1.25,30,ESTIMATED,,,35.832809,-78.314191,183
1299,37183054305.0,Raleigh Church of Christ,23.241,29.051,46752.69,29.1 mi,3486,58.1,58 mins,1.25,30,ESTIMATED,,,35.832809,-78.314191,183
1300,37183054305.0,The Rock Church,15.403,19.254,30986.401,19.3 mi,2310,38.5,38 mins,1.25,30,ESTIMATED,,,35.832809,-78.314191,183
1301,37183054305.0,Regeneration Temple,16.057,20.071,32301.41,20.1 mi,2409,40.15,40 mins,1.25,30,ESTIMATED,,,35.832809,-78.314191,183
1302,37183054305.0,Redeeming Love Missionary Baptist Church,16.547,20.684,33286.868,20.7 mi,2482,41.367,41 mins,1.25,30,ESTIMATED,,,35.832809,-78.314191,183
1303,37183054305.0,Historic Oak View Park,15.076,18.845,30328.193,18.8 mi,2261,37.683,38 mins,1.25,30,ESTIMATED,,,35.832809,-78.314191,183
1304,37183054305.0,Poe Center for Health Ed.,15.556,19.445,31293.566,19.4 mi,2333,38.883,39 mins,1.25,30,ESTIMATED,,,35.832809,-78.314191,183
1305,37183054305.0,New Hope Baptist Church,14.634,18.293,29439.404,18.3 mi,2195,36.583,37 mins,1.25,30,ESTIMATED,,,35.832809,-78.314191,183
1306,37183054305.0,Wake County Public Health,15.692,19.615,31566.989,19.6 mi,2354,39.233,39 mins,1.25,30,ESTIMATED,,,35.832809,-78.314191,183
1307,37183054305.0,Peach Road Community Center,20.081,25.101,40396.295,25.1 mi,3012,50.2,50 mins,1.25,30,ESTIMATED,,,35.832809,-78.314191,183
1308,37183054305.0,Wake County Northern Regional Center,14.529,18.161,29226.906,18.2 mi,2179,36.317,36 mins,1.25,30,ESTIMATED,,,35.832809,-78.314191,183
1309,37183054305.0,Wendell Parks and Recreation,5.126,6.407,10311.254,6.4 mi,769,12.817,13 mins,1.25,30,ESTIMATED,,,35.832809,-78.314191,183
1310,37183054305.0,Beech Bluff County Park,26.675,33.344,53661.498,33.3 mi,4001,66.683,1 hr 7 mins,1.25,30,ESTIMATED,,,35.832809,-78.314191,183
1311,37183054305.0,Wakefield Missionary Baptist,0.514,0.643,1034.813,0.6 mi,77,1.283,1 mins,1.25,30,ESTIMATED,,,35.832809,-78.314191,183
1312,37183052811.0,Fuquay-Varina Growers Market,17.617,22.021,35439.455,22.0 mi,2643,44.05,44 mins,1.25,30,ESTIMATED,,,35.752403,-78.56309,183
1313,37183052811.0,Pine Acres Community Center,17.646,22.058,35499.102,22.1 mi,2647,44.117,44 mins,1.25,30,ESTIMATED,,,35.752403,-78.56309,183
1314,37183052811.0,Sherrill’s University of Cosmetology,3.362,4.202,6763.033,4.2 mi,504,8.4,8 mins,1.25,30,ESTIMATED,,,35.752403,-78.56309,183
1315,37183052811.0,Raleigh Church of Christ,9.099,11.374,18304.352,11.4 mi,1365,22.75,23 mins,1.25,30,ESTIMATED,,,35.752403,-78.56309,183
1316,37183052811.0,The Rock Church,4.829,6.036,9713.813,6.0 mi,724,12.067,12 mins,1.25,30,ESTIMATED,,,35.752403,-78.56309,183
1317,37183052811.0,Regeneration Temple,6.277,7.847,12627.814,7.8 mi,942,15.7,16 mins,1.25,30,ESTIMATED,,,35.752403,-78.56309,183
1318,37183052811.0,Redeeming Love Missionary Baptist Church,1.56,1.95,3138.666,2.0 mi,234,3.9,4 mins,1.25,30,ESTIMATED,,,35.752403,-78.56309,183
1319,37183052811.0,Historic Oak View Park,1.327,1.658,2668.824,1.7 mi,199,3.317,3 mins,1.25,30,ESTIMATED,,,35.752403,-78.56309,183
1320,37183052811.0,Poe Center for Health Ed.,2.186,2.733,4398.418,2.7 mi,328,5.467,5 mins,1.25,30,ESTIMATED,,,35.752403,-78.56309,183
1321,37183052811.0,New Hope Baptist Church,6.332,7.915,12738.0,7.9 mi,950,15.833,16 mins,1.25,30,ESTIMATED,,,35.752403,-78.56309,183
1322,37183052811.0,Wake County Public Health,2.311,2.889,4649.389,2.9 mi,347,5.783,6 mins,1.25,30,ESTIMATED,,,35.752403,-78.56309,183
1323,37183052811.0,Peach Road Community Center,5.186,6.482,10432.387,6.5 mi,778,12.967,13 mins,1.25,30,ESTIMATED,,,35.752403,-78.56309,183
1324,37183052811.0,Wake County Northern Regional Center,15.323,19.153,30824.483,19.2 mi,2298,38.3,38 mins,1.25,30,ESTIMATED,,,35.752403,-78.56309,183
1325,37183052811.0,Wendell Parks and Recreation,10.394,12.993,20909.866,13.0 mi,1559,25.983,26 mins,1.25,30,ESTIMATED,,,35.752403,-78.56309,183
1326,37183052811.0,Beech Bluff County Park,13.249,16.561,26652.422,16.6 mi,1987,33.117,33 mins,1.25,30,ESTIMATED,,,35.752403,-78.56309,183
1327,37183052811.0,Wakefield Missionary Baptist,15.029,18.787,30234.052,18.8 mi,2254,37.567,38 mins,1.25,30,ESTIMATED,,,35.752403,-78.56309,183
1328,37183054220.0,Fuquay-Varina Growers Market,28.393,35.492,57118.525,35.5 mi,4259,70.983,1 hr 11 mins,1.25,30,ESTIMATED,,,35.935488,-78.535119,183
1329,37183054220.0,Pine Acres Community Center,28.441,35.551,57213.768,35.6 mi,4266,71.1,1 hr 11 mins,1.25,30,ESTIMATED,,,35.935488,-78.535119,183
1330,37183054220.0,Sherrill’s University of Cosmetology,9.954,12.442,20023.287,12.4 mi,1493,24.883,25 mins,1.25,30,ESTIMATED,,,35.935488,-78.535119,183
1331,37183054220.0,Raleigh Church of Christ,15.256,19.07,30689.738,19.1 mi,2288,38.133,38 mins,1.25,30,ESTIMATED,,,35.935488,-78.535119,183
1332,37183054220.0,The Rock Church,8.578,10.723,17257.058,10.7 mi,1287,21.45,21 mins,1.25,30,ESTIMATED,,,35.935488,-78.535119,183
1333,37183054220.0,Regeneration Temple,7.676,9.595,15441.545,9.6 mi,1151,19.183,19 mins,1.25,30,ESTIMATED,,,35.935488,-78.535119,183
1334,37183054220.0,Redeeming Love Missionary Baptist Church,13.295,16.619,26745.977,16.6 mi,1994,33.233,33 mins,1.25,30,ESTIMATED,,,35.935488,-78.535119,183
1335,37183054220.0,Historic Oak View Park,11.604,14.504,23342.585,14.5 mi,1741,29.017,29 mins,1.25,30,ESTIMATED,,,35.935488,-78.535119,183
1336,37183054220.0,Poe Center for Health Ed.,11.137,13.921,22404.203,13.9 mi,1671,27.85,28 mins,1.25,30,ESTIMATED,,,35.935488,-78.535119,183
1337,37183054220.0,New Hope Baptist Church,6.737,8.421,13552.77,8.4 mi,1011,16.85,17 mins,1.25,30,ESTIMATED,,,35.935488,-78.535119,183
1338,37183054220.0,Wake County Public Health,11.128,13.909,22385.158,13.9 mi,1669,27.817,28 mins,1.25,30,ESTIMATED,,,35.935488,-78.535119,183
1339,37183054220.0,Peach Road Community Center,14.917,18.647,30009.236,18.6 mi,2238,37.3,37 mins,1.25,30,ESTIMATED,,,35.935488,-78.535119,183
1340,37183054220.0,Wake County Northern Regional Center,2.75,3.437,5531.853,3.4 mi,412,6.867,7 mins,1.25,30,ESTIMATED,,,35.935488,-78.535119,183
1341,37183054220.0,Wendell Parks and Recreation,13.63,17.037,27418.67,17.0 mi,2044,34.067,34 mins,1.25,30,ESTIMATED,,,35.935488,-78.535119,183
1342,37183054220.0,Beech Bluff County Park,25.497,31.871,51292.175,31.9 mi,3825,63.75,1 hr 4 mins,1.25,30,ESTIMATED,,,35.935488,-78.535119,183
1343,37183054220.0,Wakefield Missionary Baptist,13.862,17.328,27886.348,17.3 mi,2079,34.65,35 mins,1.25,30,ESTIMATED,,,35.935488,-78.535119,183
1344,37183054213.0,Fuquay-Varina Growers Market,28.436,35.545,57203.557,35.5 mi,4265,71.083,1 hr 11 mins,1.25,30,ESTIMATED,,,35.9488,-78.562267,183
1345,37183054213.0,Pine Acres Community Center,28.486,35.608,57305.104,35.6 mi,4273,71.217,1 hr 11 mins,1.25,30,ESTIMATED,,,35.9488,-78.562267,183
1346,37183054213.0,Sherrill’s University of Cosmetology,10.542,13.178,21207.876,13.2 mi,1581,26.35,26 mins,1.25,30,ESTIMATED,,,35.9488,-78.562267,183
1347,37183054213.0,Raleigh Church of Christ,14.975,18.719,30124.741,18.7 mi,2246,37.433,37 mins,1.25,30,ESTIMATED,,,35.9488,-78.562267,183
1348,37183054213.0,The Rock Church,9.079,11.349,18263.742,11.3 mi,1362,22.7,23 mins,1.25,30,ESTIMATED,,,35.9488,-78.562267,183
1349,37183054213.0,Regeneration Temple,7.956,9.945,16005.154,9.9 mi,1193,19.883,20 mins,1.25,30,ESTIMATED,,,35.9488,-78.562267,183
1350,37183054213.0,Redeeming Love Missionary Baptist Church,13.938,17.423,28039.658,17.4 mi,2091,34.85,35 mins,1.25,30,ESTIMATED,,,35.9488,-78.562267,183
1351,37183054213.0,Historic Oak View Park,12.351,15.438,24845.592,15.4 mi,1853,30.883,31 mins,1.25,30,ESTIMATED,,,35.9488,-78.562267,183
1352,37183054213.0,Poe Center for Health Ed.,11.78,14.725,23697.075,14.7 mi,1767,29.45,29 mins,1.25,30,ESTIMATED,,,35.9488,-78.562267,183
1353,37183054213.0,New Hope Baptist Church,7.309,9.137,14703.886,9.1 mi,1096,18.267,18 mins,1.25,30,ESTIMATED,,,35.9488,-78.562267,183
1354,37183054213.0,Wake County Public Health,11.747,14.684,23631.85,14.7 mi,1762,29.367,29 mins,1.25,30,ESTIMATED,,,35.9488,-78.562267,183
1355,37183054213.0,Peach Road Community Center,15.16,18.95,30496.58,18.9 mi,2274,37.9,38 mins,1.25,30,ESTIMATED,,,35.9488,-78.562267,183
1356,37183054213.0,Wake County Northern Regional Center,3.231,4.039,6500.121,4.0 mi,485,8.083,8 mins,1.25,30,ESTIMATED,,,35.9488,-78.562267,183
1357,37183054213.0,Wendell Parks and Recreation,15.314,19.142,30806.803,19.1 mi,2297,38.283,38 mins,1.25,30,ESTIMATED,,,35.9488,-78.562267,183
1358,37183054213.0,Beech Bluff County Park,25.945,32.431,52192.826,32.4 mi,3892,64.867,1 hr 5 mins,1.25,30,ESTIMATED,,,35.9488,-78.562267,183
1359,37183054213.0,Wakefield Missionary Baptist,15.636,19.545,31454.262,19.5 mi,2345,39.083,39 mins,1.25,30,ESTIMATED,,,35.9488,-78.562267,183
1360,37183054216.0,Fuquay-Varina Growers Market,29.365,36.706,59073.376,36.7 mi,4405,73.417,1 hr 13 mins,1.25,30,ESTIMATED,,,35.928631,-78.491429,183
1361,37183054216.0,Pine Acres Community Center,29.408,36.76,59160.069,36.8 mi,4411,73.517,1 hr 14 mins,1.25,30,ESTIMATED,,,35.928631,-78.491429,183
1362,37183054216.0,Sherrill’s University of Cosmetology,10.495,13.119,21112.306,13.1 mi,1574,26.233,26 mins,1.25,30,ESTIMATED,,,35.928631,-78.491429,183
1363,37183054216.0,Raleigh Church of Christ,16.731,20.914,33658.089,20.9 mi,2510,41.833,42 mins,1.25,30,ESTIMATED,,,35.928631,-78.491429,183
1364,37183054216.0,The Rock Church,9.319,11.648,18746.197,11.6 mi,1398,23.3,23 mins,1.25,30,ESTIMATED,,,35.928631,-78.491429,183
1365,37183054216.0,Regeneration Temple,8.759,10.949,17620.535,10.9 mi,1314,21.9,22 mins,1.25,30,ESTIMATED,,,35.928631,-78.491429,183
1366,37183054216.0,Redeeming Love Missionary Baptist Church,13.635,17.043,27428.442,17.0 mi,2045,34.083,34 mins,1.25,30,ESTIMATED,,,35.928631,-78.491429,183
1367,37183054216.0,Historic Oak View Park,11.837,14.796,23812.597,14.8 mi,1776,29.6,30 mins,1.25,30,ESTIMATED,,,35.928631,-78.491429,183
1368,37183054216.0,Poe Center for Health Ed.,11.548,14.435,23231.171,14.4 mi,1732,28.867,29 mins,1.25,30,ESTIMATED,,,35.928631,-78.491429,183
1369,37183054216.0,New Hope Baptist Church,7.518,9.398,15124.767,9.4 mi,1128,18.8,19 mins,1.25,30,ESTIMATED,,,35.928631,-78.491429,183
1370,37183054216.0,Wake County Public Health,11.573,14.466,23281.498,14.5 mi,1736,28.933,29 mins,1.25,30,ESTIMATED,,,35.928631,-78.491429,183
1371,37183054216.0,Peach Road Community Center,15.777,19.722,31739.115,19.7 mi,2367,39.45,39 mins,1.25,30,ESTIMATED,,,35.928631,-78.491429,183
1372,37183054216.0,Wake County Northern Regional Center,3.063,3.829,6161.852,3.8 mi,459,7.65,8 mins,1.25,30,ESTIMATED,,,35.928631,-78.491429,183
1373,37183054216.0,Wendell Parks and Recreation,11.826,14.783,23790.562,14.8 mi,1774,29.567,30 mins,1.25,30,ESTIMATED,,,35.928631,-78.491429,183
1374,37183054216.0,Beech Bluff County Park,25.943,32.429,52188.637,32.4 mi,3891,64.85,1 hr 5 mins,1.25,30,ESTIMATED,,,35.928631,-78.491429,183
1375,37183054216.0,Wakefield Missionary Baptist,11.512,14.39,23157.896,14.4 mi,1727,28.783,29 mins,1.25,30,ESTIMATED,,,35.928631,-78.491429,183
1376,37183053618.0,Fuquay-Varina Growers Market,19.438,24.297,39102.162,24.3 mi,2916,48.6,49 mins,1.25,30,ESTIMATED,,,35.855059,-78.898572,183
1377,37183053618.0,Pine Acres Community Center,19.508,24.385,39243.209,24.4 mi,2926,48.767,49 mins,1.25,30,ESTIMATED,,,35.855059,-78.898572,183
1378,37183053618.0,Sherrill’s University of Cosmetology,17.966,22.457,36141.518,22.5 mi,2695,44.917,45 mins,1.25,30,ESTIMATED,,,35.855059,-78.898572,183
1379,37183053618.0,Raleigh Church of Christ,11.275,14.094,22681.835,14.1 mi,1691,28.183,28 mins,1.25,30,ESTIMATED,,,35.855059,-78.898572,183
1380,37183053618.0,The Rock Church,17.537,21.921,35279.197,21.9 mi,2631,43.85,44 mins,1.25,30,ESTIMATED,,,35.855059,-78.898572,183
1381,37183053618.0,Regeneration Temple,16.72,20.9,33635.486,20.9 mi,2508,41.8,42 mins,1.25,30,ESTIMATED,,,35.855059,-78.898572,183
1382,37183053618.0,Redeeming Love Missionary Baptist Church,18.774,23.467,37766.302,23.5 mi,2816,46.933,47 mins,1.25,30,ESTIMATED,,,35.855059,-78.898572,183
1383,37183053618.0,Historic Oak View Park,19.218,24.023,38661.217,24.0 mi,2883,48.05,48 mins,1.25,30,ESTIMATED,,,35.855059,-78.898572,183
1384,37183053618.0,Poe Center for Health Ed.,18.397,22.996,37008.723,23.0 mi,2760,46.0,46 mins,1.25,30,ESTIMATED,,,35.855059,-78.898572,183
1385,37183053618.0,New Hope Baptist Church,18.132,22.665,36475.699,22.7 mi,2720,45.333,45 mins,1.25,30,ESTIMATED,,,35.855059,-78.898572,183
1386,37183053618.0,Wake County Public Health,18.237,22.797,36687.557,22.8 mi,2736,45.6,46 mins,1.25,30,ESTIMATED,,,35.855059,-78.898572,183
1387,37183053618.0,Peach Road Community Center,15.717,19.646,31617.844,19.6 mi,2358,39.3,39 mins,1.25,30,ESTIMATED,,,35.855059,-78.898572,183
1388,37183053618.0,Wake County Northern Regional Center,23.108,28.885,46485.834,28.9 mi,3466,57.767,58 mins,1.25,30,ESTIMATED,,,35.855059,-78.898572,183
1389,37183053618.0,Wendell Parks and Recreation,29.403,36.754,59149.967,36.8 mi,4410,73.5,1 hr 14 mins,1.25,30,ESTIMATED,,,35.855059,-78.898572,183
1390,37183053618.0,Beech Bluff County Park,22.32,27.9,44900.572,27.9 mi,3348,55.8,56 mins,1.25,30,ESTIMATED,,,35.855059,-78.898572,183
1391,37183053618.0,Wakefield Missionary Baptist,32.561,40.701,65502.71,40.7 mi,4884,81.4,1 hr 21 mins,1.25,30,ESTIMATED,,,35.855059,-78.898572,183
1392,37183053428.0,Fuquay-Varina Growers Market,10.573,13.216,21269.623,13.2 mi,1586,26.433,26 mins,1.25,30,ESTIMATED,,,35.705872,-78.916149,183
1393,37183053428.0,Pine Acres Community Center,10.638,13.298,21400.57,13.3 mi,1596,26.6,27 mins,1.25,30,ESTIMATED,,,35.705872,-78.916149,183
1394,37183053428.0,Sherrill’s University of Cosmetology,19.571,24.464,39371.154,24.5 mi,2936,48.933,49 mins,1.25,30,ESTIMATED,,,35.705872,-78.916149,183
1395,37183053428.0,Raleigh Church of Christ,11.859,14.824,23856.352,14.8 mi,1779,29.65,30 mins,1.25,30,ESTIMATED,,,35.705872,-78.916149,183
1396,37183053428.0,The Rock Church,19.961,24.951,40155.006,25.0 mi,2994,49.9,50 mins,1.25,30,ESTIMATED,,,35.705872,-78.916149,183
1397,37183053428.0,Regeneration Temple,19.896,24.87,40024.108,24.9 mi,2984,49.733,50 mins,1.25,30,ESTIMATED,,,35.705872,-78.916149,183
1398,37183053428.0,Redeeming Love Missionary Baptist Church,18.502,23.128,37220.44,23.1 mi,2775,46.25,46 mins,1.25,30,ESTIMATED,,,35.705872,-78.916149,183
1399,37183053428.0,Historic Oak View Park,19.811,24.764,39853.005,24.8 mi,2972,49.533,50 mins,1.25,30,ESTIMATED,,,35.705872,-78.916149,183
1400,37183053428.0,Poe Center for Health Ed.,19.313,24.142,38852.403,24.1 mi,2897,48.283,48 mins,1.25,30,ESTIMATED,,,35.705872,-78.916149,183
1401,37183053428.0,New Hope Baptist Church,21.352,26.69,42953.47,26.7 mi,3203,53.383,53 mins,1.25,30,ESTIMATED,,,35.705872,-78.916149,183
1402,37183053428.0,Wake County Public Health,19.18,23.975,38583.625,24.0 mi,2877,47.95,48 mins,1.25,30,ESTIMATED,,,35.705872,-78.916149,183
1403,37183053428.0,Peach Road Community Center,14.879,18.599,29931.79,18.6 mi,2232,37.2,37 mins,1.25,30,ESTIMATED,,,35.705872,-78.916149,183
1404,37183053428.0,Wake County Northern Regional Center,29.132,36.416,58605.153,36.4 mi,4370,72.833,1 hr 13 mins,1.25,30,ESTIMATED,,,35.705872,-78.916149,183
1405,37183053428.0,Wendell Parks and Recreation,30.45,38.062,61255.338,38.1 mi,4567,76.117,1 hr 16 mins,1.25,30,ESTIMATED,,,35.705872,-78.916149,183
1406,37183053428.0,Beech Bluff County Park,15.685,19.607,31553.786,19.6 mi,2353,39.217,39 mins,1.25,30,ESTIMATED,,,35.705872,-78.916149,183
1407,37183053428.0,Wakefield Missionary Baptist,34.812,43.514,70029.673,43.5 mi,5222,87.033,1 hr 27 mins,1.25,30,ESTIMATED,,,35.705872,-78.916149,183
1408,37183054021.0,Fuquay-Varina Growers Market,27.126,33.908,54569.503,33.9 mi,4069,67.817,1 hr 8 mins,1.25,30,ESTIMATED,,,35.931645,-78.572279,183
1409,37183054021.0,Pine Acres Community Center,27.177,33.971,54670.827,34.0 mi,4077,67.95,1 hr 8 mins,1.25,30,ESTIMATED,,,35.931645,-78.572279,183
1410,37183054021.0,Sherrill’s University of Cosmetology,9.305,11.631,18718.971,11.6 mi,1396,23.267,23 mins,1.25,30,ESTIMATED,,,35.931645,-78.572279,183
1411,37183054021.0,Raleigh Church of Christ,13.694,17.117,27547.102,17.1 mi,2054,34.233,34 mins,1.25,30,ESTIMATED,,,35.931645,-78.572279,183
1412,37183054021.0,The Rock Church,7.827,9.783,15744.46,9.8 mi,1174,19.567,20 mins,1.25,30,ESTIMATED,,,35.931645,-78.572279,183
1413,37183054021.0,Regeneration Temple,6.667,8.334,13411.731,8.3 mi,1000,16.667,17 mins,1.25,30,ESTIMATED,,,35.931645,-78.572279,183
1414,37183054021.0,Redeeming Love Missionary Baptist Church,12.704,15.88,25556.943,15.9 mi,1906,31.767,32 mins,1.25,30,ESTIMATED,,,35.931645,-78.572279,183
1415,37183054021.0,Historic Oak View Park,11.154,13.942,22437.397,13.9 mi,1673,27.883,28 mins,1.25,30,ESTIMATED,,,35.931645,-78.572279,183
1416,37183054021.0,Poe Center for Health Ed.,10.552,13.19,21227.797,13.2 mi,1583,26.383,26 mins,1.25,30,ESTIMATED,,,35.931645,-78.572279,183
1417,37183054021.0,New Hope Baptist Church,6.091,7.613,12252.191,7.6 mi,914,15.233,15 mins,1.25,30,ESTIMATED,,,35.931645,-78.572279,183
1418,37183054021.0,Wake County Public Health,10.514,13.142,21149.861,13.1 mi,1577,26.283,26 mins,1.25,30,ESTIMATED,,,35.931645,-78.572279,183
1419,37183054021.0,Peach Road Community Center,13.855,17.319,27871.608,17.3 mi,2078,34.633,35 mins,1.25,30,ESTIMATED,,,35.931645,-78.572279,183
1420,37183054021.0,Wake County Northern Regional Center,4.344,5.43,8738.76,5.4 mi,652,10.867,11 mins,1.25,30,ESTIMATED,,,35.931645,-78.572279,183
1421,37183054021.0,Wendell Parks and Recreation,14.845,18.556,29863.658,18.6 mi,2227,37.117,37 mins,1.25,30,ESTIMATED,,,35.931645,-78.572279,183
1422,37183054021.0,Beech Bluff County Park,24.658,30.822,49603.083,30.8 mi,3699,61.65,1 hr 2 mins,1.25,30,ESTIMATED,,,35.931645,-78.572279,183
1423,37183054021.0,Wakefield Missionary Baptist,15.612,19.515,31406.543,19.5 mi,2342,39.033,39 mins,1.25,30,ESTIMATED,,,35.931645,-78.572279,183
1424,37183052815.0,Fuquay-Varina Growers Market,14.076,17.595,28316.962,17.6 mi,2111,35.183,35 mins,1.25,30,ESTIMATED,,,35.71569,-78.607502,183
1425,37183052815.0,Pine Acres Community Center,14.105,17.631,28374.049,17.6 mi,2116,35.267,35 mins,1.25,30,ESTIMATED,,,35.71569,-78.607502,183
1426,37183052815.0,Sherrill’s University of Cosmetology,5.776,7.22,11619.523,7.2 mi,866,14.433,14 mins,1.25,30,ESTIMATED,,,35.71569,-78.607502,183
1427,37183052815.0,Raleigh Church of Christ,7.677,9.596,15443.16,9.6 mi,1152,19.2,19 mins,1.25,30,ESTIMATED,,,35.71569,-78.607502,183
1428,37183052815.0,The Rock Church,7.226,9.033,14536.681,9.0 mi,1084,18.067,18 mins,1.25,30,ESTIMATED,,,35.71569,-78.607502,183
1429,37183052815.0,Regeneration Temple,8.456,10.57,17011.263,10.6 mi,1268,21.133,21 mins,1.25,30,ESTIMATED,,,35.71569,-78.607502,183
1430,37183052815.0,Redeeming Love Missionary Baptist Church,2.452,3.064,4931.765,3.1 mi,368,6.133,6 mins,1.25,30,ESTIMATED,,,35.71569,-78.607502,183
1431,37183052815.0,Historic Oak View Park,4.263,5.329,8576.604,5.3 mi,640,10.667,11 mins,1.25,30,ESTIMATED,,,35.71569,-78.607502,183
1432,37183052815.0,Poe Center for Health Ed.,4.585,5.731,9223.82,5.7 mi,688,11.467,11 mins,1.25,30,ESTIMATED,,,35.71569,-78.607502,183
1433,37183052815.0,New Hope Baptist Church,9.017,11.271,18139.615,11.3 mi,1353,22.55,23 mins,1.25,30,ESTIMATED,,,35.71569,-78.607502,183
1434,37183052815.0,Wake County Public Health,4.591,5.739,9235.721,5.7 mi,689,11.483,11 mins,1.25,30,ESTIMATED,,,35.71569,-78.607502,183
1435,37183052815.0,Peach Road Community Center,3.239,4.048,6515.213,4.0 mi,486,8.1,8 mins,1.25,30,ESTIMATED,,,35.71569,-78.607502,183
1436,37183052815.0,Wake County Northern Regional Center,18.392,22.991,36999.657,23.0 mi,2759,45.983,46 mins,1.25,30,ESTIMATED,,,35.71569,-78.607502,183
1437,37183052815.0,Wendell Parks and Recreation,13.491,16.864,27140.222,16.9 mi,2024,33.733,34 mins,1.25,30,ESTIMATED,,,35.71569,-78.607502,183
1438,37183052815.0,Beech Bluff County Park,9.857,12.321,19829.338,12.3 mi,1479,24.65,25 mins,1.25,30,ESTIMATED,,,35.71569,-78.607502,183
1439,37183052815.0,Wakefield Missionary Baptist,18.378,22.973,36971.466,23.0 mi,2757,45.95,46 mins,1.25,30,ESTIMATED,,,35.71569,-78.607502,183
1440,37183052411.0,Fuquay-Varina Growers Market,13.974,17.467,28110.407,17.5 mi,2096,34.933,35 mins,1.25,30,ESTIMATED,,,35.781308,-78.738721,183
1441,37183052411.0,Pine Acres Community Center,14.034,17.543,28232.197,17.5 mi,2105,35.083,35 mins,1.25,30,ESTIMATED,,,35.781308,-78.738721,183
1442,37183052411.0,Sherrill’s University of Cosmetology,8.64,10.8,17380.772,10.8 mi,1296,21.6,22 mins,1.25,30,ESTIMATED,,,35.781308,-78.738721,183
1443,37183052411.0,Raleigh Church of Christ,0.975,1.219,1961.261,1.2 mi,146,2.433,2 mins,1.25,30,ESTIMATED,,,35.781308,-78.738721,183
1444,37183052411.0,The Rock Church,8.808,11.01,17718.74,11.0 mi,1321,22.017,22 mins,1.25,30,ESTIMATED,,,35.781308,-78.738721,183
1445,37183052411.0,Regeneration Temple,8.664,10.83,17428.715,10.8 mi,1300,21.667,22 mins,1.25,30,ESTIMATED,,,35.781308,-78.738721,183
1446,37183052411.0,Redeeming Love Missionary Baptist Church,8.618,10.772,17336.19,10.8 mi,1293,21.55,22 mins,1.25,30,ESTIMATED,,,35.781308,-78.738721,183
1447,37183052411.0,Historic Oak View Park,9.382,11.727,18873.082,11.7 mi,1407,23.45,23 mins,1.25,30,ESTIMATED,,,35.781308,-78.738721,183
1448,37183052411.0,Poe Center for Health Ed.,8.684,10.855,17469.214,10.9 mi,1303,21.717,22 mins,1.25,30,ESTIMATED,,,35.781308,-78.738721,183
1449,37183052411.0,New Hope Baptist Church,10.124,12.655,20366.917,12.7 mi,1519,25.317,25 mins,1.25,30,ESTIMATED,,,35.781308,-78.738721,183
1450,37183052411.0,Wake County Public Health,8.531,10.664,17162.198,10.7 mi,1280,21.333,21 mins,1.25,30,ESTIMATED,,,35.781308,-78.738721,183
1451,37183052411.0,Peach Road Community Center,5.413,6.766,10889.374,6.8 mi,812,13.533,14 mins,1.25,30,ESTIMATED,,,35.781308,-78.738721,183
1452,37183052411.0,Wake County Northern Regional Center,18.246,22.808,36705.482,22.8 mi,2737,45.617,46 mins,1.25,30,ESTIMATED,,,35.781308,-78.738721,183
1453,37183052411.0,Wendell Parks and Recreation,20.027,25.033,40287.152,25.0 mi,3004,50.067,50 mins,1.25,30,ESTIMATED,,,35.781308,-78.738721,183
1454,37183052411.0,Beech Bluff County Park,13.934,17.418,28030.817,17.4 mi,2090,34.833,35 mins,1.25,30,ESTIMATED,,,35.781308,-78.738721,183
1455,37183052411.0,Wakefield Missionary Baptist,23.945,29.932,48170.617,29.9 mi,3592,59.867,1 hr,1.25,30,ESTIMATED,,,35.781308,-78.738721,183
1456,37183053435.0,Fuquay-Varina Growers Market,11.213,14.016,22557.369,14.0 mi,1682,28.033,28 mins,1.25,30,ESTIMATED,,,35.745683,-78.830857,183
1457,37183053435.0,Pine Acres Community Center,11.283,14.103,22697.293,14.1 mi,1692,28.2,28 mins,1.25,30,ESTIMATED,,,35.745683,-78.830857,183
1458,37183053435.0,Sherrill’s University of Cosmetology,14.192,17.741,28550.683,17.7 mi,2129,35.483,35 mins,1.25,30,ESTIMATED,,,35.745683,-78.830857,183
1459,37183053435.0,Raleigh Church of Christ,6.395,7.994,12865.515,8.0 mi,959,15.983,16 mins,1.25,30,ESTIMATED,,,35.745683,-78.830857,183
1460,37183053435.0,The Rock Church,14.495,18.119,29159.34,18.1 mi,2174,36.233,36 mins,1.25,30,ESTIMATED,,,35.745683,-78.830857,183
1461,37183053435.0,Regeneration Temple,14.385,17.981,28937.488,18.0 mi,2158,35.967,36 mins,1.25,30,ESTIMATED,,,35.745683,-78.830857,183
1462,37183053435.0,Redeeming Love Missionary Baptist Church,13.482,16.852,27120.587,16.9 mi,2022,33.7,34 mins,1.25,30,ESTIMATED,,,35.745683,-78.830857,183
1463,37183053435.0,Historic Oak View Park,14.617,18.271,29404.905,18.3 mi,2193,36.55,37 mins,1.25,30,ESTIMATED,,,35.745683,-78.830857,183
1464,37183053435.0,Poe Center for Health Ed.,14.043,17.553,28249.289,17.6 mi,2106,35.1,35 mins,1.25,30,ESTIMATED,,,35.745683,-78.830857,183
1465,37183053435.0,New Hope Baptist Church,15.846,19.808,31877.813,19.8 mi,2377,39.617,40 mins,1.25,30,ESTIMATED,,,35.745683,-78.830857,183
1466,37183053435.0,Wake County Public Health,13.901,17.376,27964.443,17.4 mi,2085,34.75,35 mins,1.25,30,ESTIMATED,,,35.745683,-78.830857,183
1467,37183053435.0,Peach Road Community Center,9.877,12.346,19868.45,12.3 mi,1481,24.683,25 mins,1.25,30,ESTIMATED,,,35.745683,-78.830857,183
1468,37183053435.0,Wake County Northern Regional Center,23.698,29.622,47671.903,29.6 mi,3555,59.25,59 mins,1.25,30,ESTIMATED,,,35.745683,-78.830857,183
1469,37183053435.0,Wendell Parks and Recreation,25.325,31.656,50945.154,31.7 mi,3799,63.317,1 hr 3 mins,1.25,30,ESTIMATED,,,35.745683,-78.830857,183
1470,37183053435.0,Beech Bluff County Park,13.96,17.45,28082.389,17.4 mi,2094,34.9,35 mins,1.25,30,ESTIMATED,,,35.745683,-78.830857,183
1471,37183053435.0,Wakefield Missionary Baptist,29.497,36.871,59337.549,36.9 mi,4424,73.733,1 hr 14 mins,1.25,30,ESTIMATED,,,35.745683,-78.830857,183
1472,37183052903.0,Fuquay-Varina Growers Market,10.431,13.038,20983.366,13.0 mi,1565,26.083,26 mins,1.25,30,ESTIMATED,,,35.652536,-78.633874,183
1473,37183052903.0,Pine Acres Community Center,10.444,13.055,21009.259,13.1 mi,1567,26.117,26 mins,1.25,30,ESTIMATED,,,35.652536,-78.633874,183
1474,37183052903.0,Sherrill’s University of Cosmetology,10.367,12.958,20854.349,13.0 mi,1555,25.917,26 mins,1.25,30,ESTIMATED,,,35.652536,-78.633874,183
1475,37183052903.0,Raleigh Church of Christ,9.854,12.318,19823.842,12.3 mi,1478,24.633,25 mins,1.25,30,ESTIMATED,,,35.652536,-78.633874,183
1476,37183052903.0,The Rock Church,11.788,14.735,23713.96,14.7 mi,1768,29.467,29 mins,1.25,30,ESTIMATED,,,35.652536,-78.633874,183
1477,37183052903.0,Regeneration Temple,12.945,16.181,26041.394,16.2 mi,1942,32.367,32 mins,1.25,30,ESTIMATED,,,35.652536,-78.633874,183
1478,37183052903.0,Redeeming Love Missionary Baptist Church,7.055,8.819,14192.355,8.8 mi,1058,17.633,18 mins,1.25,30,ESTIMATED,,,35.652536,-78.633874,183
1479,37183052903.0,Historic Oak View Park,8.843,11.054,17788.961,11.1 mi,1326,22.1,22 mins,1.25,30,ESTIMATED,,,35.652536,-78.633874,183
1480,37183052903.0,Poe Center for Health Ed.,9.192,11.489,18490.437,11.5 mi,1379,22.983,23 mins,1.25,30,ESTIMATED,,,35.652536,-78.633874,183
1481,37183052903.0,New Hope Baptist Church,13.601,17.001,27361.175,17.0 mi,2040,34.0,34 mins,1.25,30,ESTIMATED,,,35.652536,-78.633874,183
1482,37183052903.0,Wake County Public Health,9.193,11.492,18494.161,11.5 mi,1379,22.983,23 mins,1.25,30,ESTIMATED,,,35.652536,-78.633874,183
1483,37183052903.0,Peach Road Community Center,6.333,7.916,12739.193,7.9 mi,950,15.833,16 mins,1.25,30,ESTIMATED,,,35.652536,-78.633874,183
1484,37183052903.0,Wake County Northern Regional Center,22.999,28.748,46265.781,28.7 mi,3450,57.5,58 mins,1.25,30,ESTIMATED,,,35.652536,-78.633874,183
1485,37183052903.0,Wendell Parks and Recreation,16.769,20.961,33733.29,21.0 mi,2515,41.917,42 mins,1.25,30,ESTIMATED,,,35.652536,-78.633874,183
1486,37183052903.0,Beech Bluff County Park,5.288,6.61,10637.524,6.6 mi,793,13.217,13 mins,1.25,30,ESTIMATED,,,35.652536,-78.633874,183
1487,37183052903.0,Wakefield Missionary Baptist,21.957,27.446,44170.713,27.4 mi,3294,54.9,55 mins,1.25,30,ESTIMATED,,,35.652536,-78.633874,183
1488,37183053513.0,Fuquay-Varina Growers Market,14.92,18.65,30014.597,18.7 mi,2238,37.3,37 mins,1.25,30,ESTIMATED,,,35.801071,-78.788984,183
1489,37183053513.0,Pine Acres Community Center,14.987,18.733,30148.388,18.7 mi,2248,37.467,37 mins,1.25,30,ESTIMATED,,,35.801071,-78.788984,183
1490,37183053513.0,Sherrill’s University of Cosmetology,11.386,14.233,22905.717,14.2 mi,1708,28.467,28 mins,1.25,30,ESTIMATED,,,35.801071,-78.788984,183
1491,37183053513.0,Raleigh Church of Christ,4.105,5.131,8258.288,5.1 mi,616,10.267,10 mins,1.25,30,ESTIMATED,,,35.801071,-78.788984,183
1492,37183053513.0,The Rock Church,11.296,14.119,22722.947,14.1 mi,1694,28.233,28 mins,1.25,30,ESTIMATED,,,35.801071,-78.788984,183
1493,37183053513.0,Regeneration Temple,10.848,13.56,21822.478,13.6 mi,1627,27.117,27 mins,1.25,30,ESTIMATED,,,35.801071,-78.788984,183
1494,37183053513.0,Redeeming Love Missionary Baptist Church,11.709,14.636,23554.749,14.6 mi,1756,29.267,29 mins,1.25,30,ESTIMATED,,,35.801071,-78.788984,183
1495,37183053513.0,Historic Oak View Park,12.352,15.44,24847.857,15.4 mi,1853,30.883,31 mins,1.25,30,ESTIMATED,,,35.801071,-78.788984,183
1496,37183053513.0,Poe Center for Health Ed.,11.597,14.497,23330.366,14.5 mi,1740,29.0,29 mins,1.25,30,ESTIMATED,,,35.801071,-78.788984,183
1497,37183053513.0,New Hope Baptist Church,12.335,15.419,24814.029,15.4 mi,1850,30.833,31 mins,1.25,30,ESTIMATED,,,35.801071,-78.788984,183
1498,37183053513.0,Wake County Public Health,11.44,14.301,23014.489,14.3 mi,1716,28.6,29 mins,1.25,30,ESTIMATED,,,35.801071,-78.788984,183
1499,37183053513.0,Peach Road Community Center,8.539,10.674,17178.619,10.7 mi,1281,21.35,21 mins,1.25,30,ESTIMATED,,,35.801071,-78.788984,183
1500,37183053513.0,Wake County Northern Regional Center,19.464,24.329,39154.526,24.3 mi,2920,48.667,49 mins,1.25,30,ESTIMATED,,,35.801071,-78.788984,183
1501,37183053513.0,Wendell Parks and Recreation,22.877,28.596,46020.973,28.6 mi,3432,57.2,57 mins,1.25,30,ESTIMATED,,,35.801071,-78.788984,183
1502,37183053513.0,Beech Bluff County Park,16.116,20.145,32420.645,20.1 mi,2417,40.283,40 mins,1.25,30,ESTIMATED,,,35.801071,-78.788984,183
1503,37183053513.0,Wakefield Missionary Baptist,26.55,33.188,53410.872,33.2 mi,3983,66.383,1 hr 6 mins,1.25,30,ESTIMATED,,,35.801071,-78.788984,183
1504,37183050500.0,Fuquay-Varina Growers Market,17.64,22.05,35485.753,22.0 mi,2646,44.1,44 mins,1.25,30,ESTIMATED,,,35.795459,-78.621643,183
1505,37183050500.0,Pine Acres Community Center,17.684,22.105,35575.352,22.1 mi,2653,44.217,44 mins,1.25,30,ESTIMATED,,,35.795459,-78.621643,183
1506,37183050500.0,Sherrill’s University of Cosmetology,2.01,2.513,4044.424,2.5 mi,302,5.033,5 mins,1.25,30,ESTIMATED,,,35.795459,-78.621643,183
1507,37183050500.0,Raleigh Church of Christ,5.839,7.299,11746.0,7.3 mi,876,14.6,15 mins,1.25,30,ESTIMATED,,,35.795459,-78.621643,183
1508,37183050500.0,The Rock Church,2.47,3.088,4968.855,3.1 mi,371,6.183,6 mins,1.25,30,ESTIMATED,,,35.795459,-78.621643,183
1509,37183050500.0,Regeneration Temple,3.16,3.951,6357.833,4.0 mi,474,7.9,8 mins,1.25,30,ESTIMATED,,,35.795459,-78.621643,183
1510,37183050500.0,Redeeming Love Missionary Baptist Church,3.694,4.617,7430.143,4.6 mi,554,9.233,9 mins,1.25,30,ESTIMATED,,,35.795459,-78.621643,183
1511,37183050500.0,Historic Oak View Park,3.288,4.11,6614.117,4.1 mi,493,8.217,8 mins,1.25,30,ESTIMATED,,,35.795459,-78.621643,183
1512,37183050500.0,Poe Center for Health Ed.,2.399,2.999,4825.905,3.0 mi,360,6.0,6 mins,1.25,30,ESTIMATED,,,35.795459,-78.621643,183
1513,37183050500.0,New Hope Baptist Church,4.222,5.277,8492.536,5.3 mi,633,10.55,11 mins,1.25,30,ESTIMATED,,,35.795459,-78.621643,183
1514,37183050500.0,Wake County Public Health,2.242,2.802,4509.828,2.8 mi,336,5.6,6 mins,1.25,30,ESTIMATED,,,35.795459,-78.621643,183
1515,37183050500.0,Peach Road Community Center,4.097,5.122,8242.422,5.1 mi,615,10.25,10 mins,1.25,30,ESTIMATED,,,35.795459,-78.621643,183
1516,37183050500.0,Wake County Northern Regional Center,13.567,16.959,27292.842,17.0 mi,2035,33.917,34 mins,1.25,30,ESTIMATED,,,35.795459,-78.621643,183
1517,37183050500.0,Wendell Parks and Recreation,13.492,16.866,27142.536,16.9 mi,2024,33.733,34 mins,1.25,30,ESTIMATED,,,35.795459,-78.621643,183
1518,37183050500.0,Beech Bluff County Park,14.863,18.579,29899.939,18.6 mi,2229,37.15,37 mins,1.25,30,ESTIMATED,,,35.795459,-78.621643,183
1519,37183050500.0,Wakefield Missionary Baptist,17.314,21.642,34829.342,21.6 mi,2597,43.283,43 mins,1.25,30,ESTIMATED,,,35.795459,-78.621643,183
1520,37183050900.0,Fuquay-Varina Growers Market,15.584,19.481,31350.906,19.5 mi,2338,38.967,39 mins,1.25,30,ESTIMATED,,,35.768454,-78.638068,183
1521,37183050900.0,Pine Acres Community Center,15.628,19.535,31438.392,19.5 mi,2344,39.067,39 mins,1.25,30,ESTIMATED,,,35.768454,-78.638068,183
1522,37183050900.0,Sherrill’s University of Cosmetology,3.546,4.432,7132.839,4.4 mi,532,8.867,9 mins,1.25,30,ESTIMATED,,,35.768454,-78.638068,183
1523,37183050900.0,Raleigh Church of Christ,4.779,5.973,9613.36,6.0 mi,717,11.95,12 mins,1.25,30,ESTIMATED,,,35.768454,-78.638068,183
1524,37183050900.0,The Rock Church,4.466,5.582,8984.134,5.6 mi,670,11.167,11 mins,1.25,30,ESTIMATED,,,35.768454,-78.638068,183
1525,37183050900.0,Regeneration Temple,5.237,6.546,10535.402,6.5 mi,786,13.1,13 mins,1.25,30,ESTIMATED,,,35.768454,-78.638068,183
1526,37183050900.0,Redeeming Love Missionary Baptist Church,3.008,3.76,6051.719,3.8 mi,451,7.517,8 mins,1.25,30,ESTIMATED,,,35.768454,-78.638068,183
1527,37183050900.0,Historic Oak View Park,3.71,4.638,7464.298,4.6 mi,557,9.283,9 mins,1.25,30,ESTIMATED,,,35.768454,-78.638068,183
1528,37183050900.0,Poe Center for Health Ed.,3.13,3.913,6297.477,3.9 mi,470,7.833,8 mins,1.25,30,ESTIMATED,,,35.768454,-78.638068,183
1529,37183050900.0,New Hope Baptist Church,6.273,7.841,12618.31,7.8 mi,941,15.683,16 mins,1.25,30,ESTIMATED,,,35.768454,-78.638068,183
1530,37183050900.0,Wake County Public Health,2.996,3.745,6026.462,3.7 mi,449,7.483,7 mins,1.25,30,ESTIMATED,,,35.768454,-78.638068,183
1531,37183050900.0,Peach Road Community Center,2.017,2.521,4057.478,2.5 mi,303,5.05,5 mins,1.25,30,ESTIMATED,,,35.768454,-78.638068,183
1532,37183050900.0,Wake County Northern Regional Center,15.648,19.56,31477.966,19.6 mi,2347,39.117,39 mins,1.25,30,ESTIMATED,,,35.768454,-78.638068,183
1533,37183050900.0,Wendell Parks and Recreation,14.419,18.023,29005.606,18.0 mi,2163,36.05,36 mins,1.25,30,ESTIMATED,,,35.768454,-78.638068,183
1534,37183050900.0,Beech Bluff County Park,12.851,16.064,25852.019,16.1 mi,1928,32.133,32 mins,1.25,30,ESTIMATED,,,35.768454,-78.638068,183
1535,37183050900.0,Wakefield Missionary Baptist,18.627,23.284,37472.506,23.3 mi,2794,46.567,47 mins,1.25,30,ESTIMATED,,,35.768454,-78.638068,183
1536,37183054106.0,Fuquay-Varina Growers Market,19.409,24.261,39044.468,24.3 mi,2911,48.517,49 mins,1.25,30,ESTIMATED,,,35.782108,-78.553367,183
1537,37183054106.0,Pine Acres Community Center,19.442,24.303,39111.847,24.3 mi,2916,48.6,49 mins,1.25,30,ESTIMATED,,,35.782108,-78.553367,183
1538,37183054106.0,Sherrill’s University of Cosmetology,2.106,2.632,4235.863,2.6 mi,316,5.267,5 mins,1.25,30,ESTIMATED,,,35.782108,-78.553367,183
1539,37183054106.0,Raleigh Church of Christ,9.512,11.89,19135.711,11.9 mi,1427,23.783,24 mins,1.25,30,ESTIMATED,,,35.782108,-78.553367,183
1540,37183054106.0,The Rock Church,3.233,4.042,6504.466,4.0 mi,485,8.083,8 mins,1.25,30,ESTIMATED,,,35.782108,-78.553367,183
1541,37183054106.0,Regeneration Temple,4.685,5.856,9424.418,5.9 mi,703,11.717,12 mins,1.25,30,ESTIMATED,,,35.782108,-78.553367,183
1542,37183054106.0,Redeeming Love Missionary Baptist Church,3.124,3.905,6285.077,3.9 mi,469,7.817,8 mins,1.25,30,ESTIMATED,,,35.782108,-78.553367,183
1543,37183054106.0,Historic Oak View Park,1.325,1.657,2665.882,1.7 mi,199,3.317,3 mins,1.25,30,ESTIMATED,,,35.782108,-78.553367,183
1544,37183054106.0,Poe Center for Health Ed.,1.719,2.148,3457.483,2.1 mi,258,4.3,4 mins,1.25,30,ESTIMATED,,,35.782108,-78.553367,183
1545,37183054106.0,New Hope Baptist Church,4.415,5.519,8882.013,5.5 mi,662,11.033,11 mins,1.25,30,ESTIMATED,,,35.782108,-78.553367,183
1546,37183054106.0,Wake County Public Health,1.865,2.331,3751.8,2.3 mi,280,4.667,5 mins,1.25,30,ESTIMATED,,,35.782108,-78.553367,183
1547,37183054106.0,Peach Road Community Center,6.307,7.884,12687.517,7.9 mi,946,15.767,16 mins,1.25,30,ESTIMATED,,,35.782108,-78.553367,183
1548,37183054106.0,Wake County Northern Regional Center,13.205,16.506,26563.873,16.5 mi,1981,33.017,33 mins,1.25,30,ESTIMATED,,,35.782108,-78.553367,183
1549,37183054106.0,Wendell Parks and Recreation,9.637,12.046,19386.56,12.0 mi,1446,24.1,24 mins,1.25,30,ESTIMATED,,,35.782108,-78.553367,183
1550,37183054106.0,Beech Bluff County Park,15.313,19.141,30804.32,19.1 mi,2297,38.283,38 mins,1.25,30,ESTIMATED,,,35.782108,-78.553367,183
1551,37183054106.0,Wakefield Missionary Baptist,13.804,17.255,27768.998,17.3 mi,2071,34.517,35 mins,1.25,30,ESTIMATED,,,35.782108,-78.553367,183
1552,37183052901.0,Fuquay-Varina Growers Market,8.109,10.136,16311.798,10.1 mi,1216,20.267,20 mins,1.25,30,ESTIMATED,,,35.574225,-78.656513,183
1553,37183052901.0,Pine Acres Community Center,8.083,10.104,16260.675,10.1 mi,1212,20.2,20 mins,1.25,30,ESTIMATED,,,35.574225,-78.656513,183
1554,37183052901.0,Sherrill’s University of Cosmetology,15.923,19.904,32032.013,19.9 mi,2388,39.8,40 mins,1.25,30,ESTIMATED,,,35.574225,-78.656513,183
1555,37183052901.0,Raleigh Church of Christ,14.397,17.996,28961.897,18.0 mi,2160,36.0,36 mins,1.25,30,ESTIMATED,,,35.574225,-78.656513,183
1556,37183052901.0,The Rock Church,17.346,21.682,34894.506,21.7 mi,2602,43.367,43 mins,1.25,30,ESTIMATED,,,35.574225,-78.656513,183
1557,37183052901.0,Regeneration Temple,18.488,23.111,37192.939,23.1 mi,2773,46.217,46 mins,1.25,30,ESTIMATED,,,35.574225,-78.656513,183
1558,37183052901.0,Redeeming Love Missionary Baptist Church,12.59,15.738,25327.662,15.7 mi,1889,31.483,31 mins,1.25,30,ESTIMATED,,,35.574225,-78.656513,183
1559,37183052901.0,Historic Oak View Park,14.35,17.938,28867.951,17.9 mi,2153,35.883,36 mins,1.25,30,ESTIMATED,,,35.574225,-78.656513,183
1560,37183052901.0,Poe Center for Health Ed.,14.739,18.424,29649.873,18.4 mi,2211,36.85,37 mins,1.25,30,ESTIMATED,,,35.574225,-78.656513,183
1561,37183052901.0,New Hope Baptist Church,19.159,23.949,38541.777,23.9 mi,2874,47.9,48 mins,1.25,30,ESTIMATED,,,35.574225,-78.656513,183
1562,37183052901.0,Wake County Public Health,14.745,18.431,29662.135,18.4 mi,2212,36.867,37 mins,1.25,30,ESTIMATED,,,35.574225,-78.656513,183
1563,37183052901.0,Peach Road Community Center,11.634,14.543,23404.327,14.5 mi,1745,29.083,29 mins,1.25,30,ESTIMATED,,,35.574225,-78.656513,183
1564,37183052901.0,Wake County Northern Regional Center,28.545,35.681,57423.18,35.7 mi,4282,71.367,1 hr 11 mins,1.25,30,ESTIMATED,,,35.574225,-78.656513,183
1565,37183052901.0,Wendell Parks and Recreation,21.106,26.383,42458.736,26.4 mi,3166,52.767,53 mins,1.25,30,ESTIMATED,,,35.574225,-78.656513,183
1566,37183052901.0,Beech Bluff County Park,1.499,1.873,3014.819,1.9 mi,225,3.75,4 mins,1.25,30,ESTIMATED,,,35.574225,-78.656513,183
1567,37183052901.0,Wakefield Missionary Baptist,26.427,33.034,53162.875,33.0 mi,3964,66.067,1 hr 6 mins,1.25,30,ESTIMATED,,,35.574225,-78.656513,183
1568,37183054402.0,Fuquay-Varina Growers Market,26.041,32.551,52386.496,32.6 mi,3906,65.1,1 hr 5 mins,1.25,30,ESTIMATED,,,35.767346,-78.393885,183
1569,37183054402.0,Pine Acres Community Center,26.057,32.571,52418.163,32.6 mi,3909,65.15,1 hr 5 mins,1.25,30,ESTIMATED,,,35.767346,-78.393885,183
1570,37183054402.0,Sherrill’s University of Cosmetology,10.959,13.698,22045.489,13.7 mi,1644,27.4,27 mins,1.25,30,ESTIMATED,,,35.767346,-78.393885,183
1571,37183054402.0,Raleigh Church of Christ,18.451,23.064,37118.053,23.1 mi,2768,46.133,46 mins,1.25,30,ESTIMATED,,,35.767346,-78.393885,183
1572,37183054402.0,The Rock Church,11.486,14.358,23106.479,14.4 mi,1723,28.717,29 mins,1.25,30,ESTIMATED,,,35.767346,-78.393885,183
1573,37183054402.0,Regeneration Temple,12.578,15.723,25303.858,15.7 mi,1887,31.45,31 mins,1.25,30,ESTIMATED,,,35.767346,-78.393885,183
1574,37183054402.0,Redeeming Love Missionary Baptist Church,11.1,13.875,22329.277,13.9 mi,1665,27.75,28 mins,1.25,30,ESTIMATED,,,35.767346,-78.393885,183
1575,37183054402.0,Historic Oak View Park,9.983,12.478,20081.909,12.5 mi,1497,24.95,25 mins,1.25,30,ESTIMATED,,,35.767346,-78.393885,183
1576,37183054402.0,Poe Center for Health Ed.,10.679,13.349,21482.469,13.3 mi,1602,26.7,27 mins,1.25,30,ESTIMATED,,,35.767346,-78.393885,183
1577,37183054402.0,New Hope Baptist Church,11.439,14.298,23011.186,14.3 mi,1716,28.6,29 mins,1.25,30,ESTIMATED,,,35.767346,-78.393885,183
1578,37183054402.0,Wake County Public Health,10.834,13.543,21794.815,13.5 mi,1625,27.083,27 mins,1.25,30,ESTIMATED,,,35.767346,-78.393885,183
1579,37183054402.0,Peach Road Community Center,14.728,18.41,29628.148,18.4 mi,2209,36.817,37 mins,1.25,30,ESTIMATED,,,35.767346,-78.393885,183
1580,37183054402.0,Wake County Northern Regional Center,15.463,19.329,31106.332,19.3 mi,2319,38.65,39 mins,1.25,30,ESTIMATED,,,35.767346,-78.393885,183
1581,37183054402.0,Wendell Parks and Recreation,1.259,1.574,2533.181,1.6 mi,189,3.15,3 mins,1.25,30,ESTIMATED,,,35.767346,-78.393885,183
1582,37183054402.0,Beech Bluff County Park,20.359,25.448,40954.962,25.4 mi,3054,50.9,51 mins,1.25,30,ESTIMATED,,,35.767346,-78.393885,183
1583,37183054402.0,Wakefield Missionary Baptist,6.585,8.231,13246.52,8.2 mi,988,16.467,16 mins,1.25,30,ESTIMATED,,,35.767346,-78.393885,183
1584,37183053525.0,Fuquay-Varina Growers Market,13.372,16.715,26900.893,16.7 mi,2006,33.433,33 mins,1.25,30,ESTIMATED,,,35.778496,-78.814772,183
1585,37183053525.0,Pine Acres Community Center,13.441,16.801,27038.571,16.8 mi,2016,33.6,34 mins,1.25,30,ESTIMATED,,,35.778496,-78.814772,183
1586,37183053525.0,Sherrill’s University of Cosmetology,12.897,16.121,25944.62,16.1 mi,1935,32.25,32 mins,1.25,30,ESTIMATED,,,35.778496,-78.814772,183
1587,37183053525.0,Raleigh Church of Christ,5.156,6.445,10371.739,6.4 mi,773,12.883,13 mins,1.25,30,ESTIMATED,,,35.778496,-78.814772,183
1588,37183053525.0,The Rock Church,12.981,16.226,26112.666,16.2 mi,1947,32.45,32 mins,1.25,30,ESTIMATED,,,35.778496,-78.814772,183
1589,37183053525.0,Regeneration Temple,12.675,15.844,25498.123,15.8 mi,1901,31.683,32 mins,1.25,30,ESTIMATED,,,35.778496,-78.814772,183
1590,37183053525.0,Redeeming Love Missionary Baptist Church,12.747,15.934,25642.579,15.9 mi,1912,31.867,32 mins,1.25,30,ESTIMATED,,,35.778496,-78.814772,183
1591,37183053525.0,Historic Oak View Park,13.626,17.032,27410.731,17.0 mi,2044,34.067,34 mins,1.25,30,ESTIMATED,,,35.778496,-78.814772,183
1592,37183053525.0,Poe Center for Health Ed.,12.946,16.182,26042.995,16.2 mi,1942,32.367,32 mins,1.25,30,ESTIMATED,,,35.778496,-78.814772,183
1593,37183053525.0,New Hope Baptist Church,14.16,17.699,28484.486,17.7 mi,2124,35.4,35 mins,1.25,30,ESTIMATED,,,35.778496,-78.814772,183
1594,37183053525.0,Wake County Public Health,12.794,15.993,25737.866,16.0 mi,1919,31.983,32 mins,1.25,30,ESTIMATED,,,35.778496,-78.814772,183
1595,37183053525.0,Peach Road Community Center,9.307,11.634,18722.46,11.6 mi,1396,23.267,23 mins,1.25,30,ESTIMATED,,,35.778496,-78.814772,183
1596,37183053525.0,Wake County Northern Regional Center,21.56,26.95,43371.044,26.9 mi,3234,53.9,54 mins,1.25,30,ESTIMATED,,,35.778496,-78.814772,183
1597,37183053525.0,Wendell Parks and Recreation,24.291,30.364,48866.244,30.4 mi,3644,60.733,1 hr 1 mins,1.25,30,ESTIMATED,,,35.778496,-78.814772,183
1598,37183053525.0,Beech Bluff County Park,15.35,19.188,30879.42,19.2 mi,2303,38.383,38 mins,1.25,30,ESTIMATED,,,35.778496,-78.814772,183
1599,37183053525.0,Wakefield Missionary Baptist,28.184,35.23,56696.926,35.2 mi,4228,70.467,1 hr 10 mins,1.25,30,ESTIMATED,,,35.778496,-78.814772,183
1600,37183053520.0,Fuquay-Varina Growers Market,15.078,18.847,30331.379,18.8 mi,2262,37.7,38 mins,1.25,30,ESTIMATED,,,35.802514,-78.774124,183
1601,37183053520.0,Pine Acres Community Center,15.143,18.929,30462.522,18.9 mi,2271,37.85,38 mins,1.25,30,ESTIMATED,,,35.802514,-78.774124,183
1602,37183053520.0,Sherrill’s University of Cosmetology,10.557,13.196,21236.483,13.2 mi,1583,26.383,26 mins,1.25,30,ESTIMATED,,,35.802514,-78.774124,183
1603,37183053520.0,Raleigh Church of Christ,3.426,4.282,6891.518,4.3 mi,514,8.567,9 mins,1.25,30,ESTIMATED,,,35.802514,-78.774124,183
1604,37183053520.0,The Rock Church,10.457,13.071,21035.86,13.1 mi,1569,26.15,26 mins,1.25,30,ESTIMATED,,,35.802514,-78.774124,183
1605,37183053520.0,Regeneration Temple,10.016,12.52,20148.241,12.5 mi,1502,25.033,25 mins,1.25,30,ESTIMATED,,,35.802514,-78.774124,183
1606,37183053520.0,Redeeming Love Missionary Baptist Church,10.954,13.692,22035.81,13.7 mi,1643,27.383,27 mins,1.25,30,ESTIMATED,,,35.802514,-78.774124,183
1607,37183053520.0,Historic Oak View Park,11.551,14.439,23236.997,14.4 mi,1733,28.883,29 mins,1.25,30,ESTIMATED,,,35.802514,-78.774124,183
1608,37183053520.0,Poe Center for Health Ed.,10.787,13.483,21699.164,13.5 mi,1618,26.967,27 mins,1.25,30,ESTIMATED,,,35.802514,-78.774124,183
1609,37183053520.0,New Hope Baptist Church,11.503,14.379,23140.335,14.4 mi,1725,28.75,29 mins,1.25,30,ESTIMATED,,,35.802514,-78.774124,183
1610,37183053520.0,Wake County Public Health,10.629,13.286,21382.223,13.3 mi,1594,26.567,27 mins,1.25,30,ESTIMATED,,,35.802514,-78.774124,183
1611,37183053520.0,Peach Road Community Center,7.867,9.834,15826.694,9.8 mi,1180,19.667,20 mins,1.25,30,ESTIMATED,,,35.802514,-78.774124,183
1612,37183053520.0,Wake County Northern Regional Center,18.743,23.429,37704.683,23.4 mi,2811,46.85,47 mins,1.25,30,ESTIMATED,,,35.802514,-78.774124,183
1613,37183053520.0,Wendell Parks and Recreation,22.051,27.564,44360.039,27.6 mi,3308,55.133,55 mins,1.25,30,ESTIMATED,,,35.802514,-78.774124,183
1614,37183053520.0,Beech Bluff County Park,15.91,19.888,32006.701,19.9 mi,2387,39.783,40 mins,1.25,30,ESTIMATED,,,35.802514,-78.774124,183
1615,37183053520.0,Wakefield Missionary Baptist,25.712,32.14,51723.958,32.1 mi,3857,64.283,1 hr 4 mins,1.25,30,ESTIMATED,,,35.802514,-78.774124,183
1616,37183053723.0,Fuquay-Varina Growers Market,22.703,28.379,45671.754,28.4 mi,3405,56.75,57 mins,1.25,30,ESTIMATED,,,35.892246,-78.655609,183
1617,37183053723.0,Pine Acres Community Center,22.759,28.449,45784.514,28.4 mi,3414,56.9,57 mins,1.25,30,ESTIMATED,,,35.892246,-78.655609,183
1618,37183053723.0,Sherrill’s University of Cosmetology,7.628,9.535,15345.788,9.5 mi,1144,19.067,19 mins,1.25,30,ESTIMATED,,,35.892246,-78.655609,183
1619,37183053723.0,Raleigh Church of Christ,8.903,11.129,17909.784,11.1 mi,1335,22.25,22 mins,1.25,30,ESTIMATED,,,35.892246,-78.655609,183
1620,37183053723.0,The Rock Church,6.291,7.864,12655.541,7.9 mi,944,15.733,16 mins,1.25,30,ESTIMATED,,,35.892246,-78.655609,183
1621,37183053723.0,Regeneration Temple,4.847,6.059,9751.079,6.1 mi,727,12.117,12 mins,1.25,30,ESTIMATED,,,35.892246,-78.655609,183
1622,37183053723.0,Redeeming Love Missionary Baptist Church,10.59,13.237,21303.533,13.2 mi,1588,26.467,26 mins,1.25,30,ESTIMATED,,,35.892246,-78.655609,183
1623,37183053723.0,Historic Oak View Park,9.647,12.059,19406.866,12.1 mi,1447,24.117,24 mins,1.25,30,ESTIMATED,,,35.892246,-78.655609,183
1624,37183053723.0,Poe Center for Health Ed.,8.785,10.981,17671.89,11.0 mi,1318,21.967,22 mins,1.25,30,ESTIMATED,,,35.892246,-78.655609,183
1625,37183053723.0,New Hope Baptist Church,5.625,7.031,11315.435,7.0 mi,844,14.067,14 mins,1.25,30,ESTIMATED,,,35.892246,-78.655609,183
1626,37183053723.0,Wake County Public Health,8.672,10.84,17445.447,10.8 mi,1301,21.683,22 mins,1.25,30,ESTIMATED,,,35.892246,-78.655609,183
1627,37183053723.0,Peach Road Community Center,10.339,12.924,20799.667,12.9 mi,1551,25.85,26 mins,1.25,30,ESTIMATED,,,35.892246,-78.655609,183
1628,37183053723.0,Wake County Northern Regional Center,9.723,12.154,19559.916,12.2 mi,1458,24.3,24 mins,1.25,30,ESTIMATED,,,35.892246,-78.655609,183
1629,37183053723.0,Wendell Parks and Recreation,17.127,21.408,34453.29,21.4 mi,2569,42.817,43 mins,1.25,30,ESTIMATED,,,35.892246,-78.655609,183
1630,37183053723.0,Beech Bluff County Park,21.236,26.545,42719.475,26.5 mi,3185,53.083,53 mins,1.25,30,ESTIMATED,,,35.892246,-78.655609,183
1631,37183053723.0,Wakefield Missionary Baptist,19.277,24.096,38778.201,24.1 mi,2891,48.183,48 mins,1.25,30,ESTIMATED,,,35.892246,-78.655609,183
1632,37183053505.0,Fuquay-Varina Growers Market,12.263,15.329,24669.804,15.3 mi,1839,30.65,31 mins,1.25,30,ESTIMATED,,,35.759468,-78.757973,183
1633,37183053505.0,Pine Acres Community Center,12.326,15.407,24795.317,15.4 mi,1849,30.817,31 mins,1.25,30,ESTIMATED,,,35.759468,-78.757973,183
1634,37183053505.0,Sherrill’s University of Cosmetology,9.998,12.498,20113.254,12.5 mi,1500,25.0,25 mins,1.25,30,ESTIMATED,,,35.759468,-78.757973,183
1635,37183053505.0,Raleigh Church of Christ,2.258,2.823,4542.938,2.8 mi,339,5.65,6 mins,1.25,30,ESTIMATED,,,35.759468,-78.757973,183
1636,37183053505.0,The Rock Church,10.348,12.935,20817.195,12.9 mi,1552,25.867,26 mins,1.25,30,ESTIMATED,,,35.759468,-78.757973,183
1637,37183053505.0,Regeneration Temple,10.345,12.931,20810.055,12.9 mi,1552,25.867,26 mins,1.25,30,ESTIMATED,,,35.759468,-78.757973,183
1638,37183053505.0,Redeeming Love Missionary Baptist Church,9.424,11.78,18957.4,11.8 mi,1414,23.567,24 mins,1.25,30,ESTIMATED,,,35.759468,-78.757973,183
1639,37183053505.0,Historic Oak View Park,10.457,13.072,21037.034,13.1 mi,1569,26.15,26 mins,1.25,30,ESTIMATED,,,35.759468,-78.757973,183
1640,37183053505.0,Poe Center for Health Ed.,9.858,12.322,19831.045,12.3 mi,1479,24.65,25 mins,1.25,30,ESTIMATED,,,35.759468,-78.757973,183
1641,37183053505.0,New Hope Baptist Church,11.778,14.722,23693.542,14.7 mi,1767,29.45,29 mins,1.25,30,ESTIMATED,,,35.759468,-78.757973,183
1642,37183053505.0,Wake County Public Health,9.715,12.143,19542.49,12.1 mi,1457,24.283,24 mins,1.25,30,ESTIMATED,,,35.759468,-78.757973,183
1643,37183053505.0,Peach Road Community Center,5.903,7.378,11874.314,7.4 mi,885,14.75,15 mins,1.25,30,ESTIMATED,,,35.759468,-78.757973,183
1644,37183053505.0,Wake County Northern Regional Center,20.082,25.102,40398.423,25.1 mi,3012,50.2,50 mins,1.25,30,ESTIMATED,,,35.759468,-78.757973,183
1645,37183053505.0,Wendell Parks and Recreation,21.168,26.461,42584.135,26.5 mi,3175,52.917,53 mins,1.25,30,ESTIMATED,,,35.759468,-78.757973,183
1646,37183053505.0,Beech Bluff County Park,12.806,16.007,25760.739,16.0 mi,1921,32.017,32 mins,1.25,30,ESTIMATED,,,35.759468,-78.757973,183
1647,37183053505.0,Wakefield Missionary Baptist,25.3,31.625,50896.006,31.6 mi,3795,63.25,1 hr 3 mins,1.25,30,ESTIMATED,,,35.759468,-78.757973,183
1648,37183053524.0,Fuquay-Varina Growers Market,13.827,17.284,27815.52,17.3 mi,2074,34.567,35 mins,1.25,30,ESTIMATED,,,35.78544,-78.800719,183
1649,37183053524.0,Pine Acres Community Center,13.894,17.368,27951.154,17.4 mi,2084,34.733,35 mins,1.25,30,ESTIMATED,,,35.78544,-78.800719,183
1650,37183053524.0,Sherrill’s University of Cosmetology,12.071,15.088,24282.569,15.1 mi,1811,30.183,30 mins,1.25,30,ESTIMATED,,,35.78544,-78.800719,183
1651,37183053524.0,Raleigh Church of Christ,4.417,5.522,8886.357,5.5 mi,663,11.05,11 mins,1.25,30,ESTIMATED,,,35.78544,-78.800719,183
1652,37183053524.0,The Rock Church,12.111,15.139,24363.445,15.1 mi,1817,30.283,30 mins,1.25,30,ESTIMATED,,,35.78544,-78.800719,183
1653,37183053524.0,Regeneration Temple,11.776,14.72,23689.165,14.7 mi,1766,29.433,29 mins,1.25,30,ESTIMATED,,,35.78544,-78.800719,183
1654,37183053524.0,Redeeming Love Missionary Baptist Church,12.062,15.078,24265.754,15.1 mi,1809,30.15,30 mins,1.25,30,ESTIMATED,,,35.78544,-78.800719,183
1655,37183053524.0,Historic Oak View Park,12.869,16.086,25887.305,16.1 mi,1930,32.167,32 mins,1.25,30,ESTIMATED,,,35.78544,-78.800719,183
1656,37183053524.0,Poe Center for Health Ed.,12.165,15.206,24472.423,15.2 mi,1825,30.417,30 mins,1.25,30,ESTIMATED,,,35.78544,-78.800719,183
1657,37183053524.0,New Hope Baptist Church,13.262,16.577,26678.199,16.6 mi,1989,33.15,33 mins,1.25,30,ESTIMATED,,,35.78544,-78.800719,183
1658,37183053524.0,Wake County Public Health,12.012,15.015,24163.586,15.0 mi,1802,30.033,30 mins,1.25,30,ESTIMATED,,,35.78544,-78.800719,183
1659,37183053524.0,Peach Road Community Center,8.701,10.876,17503.597,10.9 mi,1305,21.75,22 mins,1.25,30,ESTIMATED,,,35.78544,-78.800719,183
1660,37183053524.0,Wake County Northern Regional Center,20.644,25.805,41528.566,25.8 mi,3097,51.617,52 mins,1.25,30,ESTIMATED,,,35.78544,-78.800719,183
1661,37183053524.0,Wendell Parks and Recreation,23.502,29.377,47278.109,29.4 mi,3525,58.75,59 mins,1.25,30,ESTIMATED,,,35.78544,-78.800719,183
1662,37183053524.0,Beech Bluff County Park,15.404,19.255,30987.396,19.3 mi,2311,38.517,39 mins,1.25,30,ESTIMATED,,,35.78544,-78.800719,183
1663,37183053524.0,Wakefield Missionary Baptist,27.334,34.168,54988.198,34.2 mi,4100,68.333,1 hr 8 mins,1.25,30,ESTIMATED,,,35.78544,-78.800719,183
1664,37183053106.0,Fuquay-Varina Growers Market,1.118,1.397,2249.043,1.4 mi,168,2.8,3 mins,1.25,30,ESTIMATED,,,35.588704,-78.819619,183
1665,37183053106.0,Pine Acres Community Center,1.153,1.441,2318.979,1.4 mi,173,2.883,3 mins,1.25,30,ESTIMATED,,,35.588704,-78.819619,183
1666,37183053106.0,Sherrill’s University of Cosmetology,19.495,24.368,39216.895,24.4 mi,2924,48.733,49 mins,1.25,30,ESTIMATED,,,35.588704,-78.819619,183
1667,37183053106.0,Raleigh Church of Christ,14.002,17.503,28167.602,17.5 mi,2100,35.0,35 mins,1.25,30,ESTIMATED,,,35.588704,-78.819619,183
1668,37183053106.0,The Rock Church,20.53,25.662,41299.649,25.7 mi,3079,51.317,51 mins,1.25,30,ESTIMATED,,,35.588704,-78.819619,183
1669,37183053106.0,Regeneration Temple,21.15,26.437,42546.528,26.4 mi,3172,52.867,53 mins,1.25,30,ESTIMATED,,,35.588704,-78.819619,183
1670,37183053106.0,Redeeming Love Missionary Baptist Church,16.945,21.182,34088.708,21.2 mi,2542,42.367,42 mins,1.25,30,ESTIMATED,,,35.588704,-78.819619,183
1671,37183053106.0,Historic Oak View Park,18.723,23.404,37664.842,23.4 mi,2808,46.8,47 mins,1.25,30,ESTIMATED,,,35.588704,-78.819619,183
1672,37183053106.0,Poe Center for Health Ed.,18.665,23.331,37547.352,23.3 mi,2800,46.667,47 mins,1.25,30,ESTIMATED,,,35.588704,-78.819619,183
1673,37183053106.0,New Hope Baptist Church,22.318,27.898,44897.391,27.9 mi,3348,55.8,56 mins,1.25,30,ESTIMATED,,,35.588704,-78.819619,183
1674,37183053106.0,Wake County Public Health,18.592,23.24,37401.332,23.2 mi,2789,46.483,46 mins,1.25,30,ESTIMATED,,,35.588704,-78.819619,183
1675,37183053106.0,Peach Road Community Center,14.096,17.62,28356.126,17.6 mi,2114,35.233,35 mins,1.25,30,ESTIMATED,,,35.588704,-78.819619,183
1676,37183053106.0,Wake County Northern Regional Center,31.528,39.409,63423.311,39.4 mi,4729,78.817,1 hr 19 mins,1.25,30,ESTIMATED,,,35.588704,-78.819619,183
1677,37183053106.0,Wendell Parks and Recreation,28.0,35.001,56327.853,35.0 mi,4200,70.0,1 hr 10 mins,1.25,30,ESTIMATED,,,35.588704,-78.819619,183
1678,37183053106.0,Beech Bluff County Park,7.888,9.86,15867.55,9.9 mi,1183,19.717,20 mins,1.25,30,ESTIMATED,,,35.588704,-78.819619,183
1679,37183053106.0,Wakefield Missionary Baptist,33.082,41.352,66549.848,41.4 mi,4962,82.7,1 hr 23 mins,1.25,30,ESTIMATED,,,35.588704,-78.819619,183
1680,37183053105.0,Fuquay-Varina Growers Market,1.694,2.118,3407.97,2.1 mi,254,4.233,4 mins,1.25,30,ESTIMATED,,,35.607596,-78.787563,183
1681,37183053105.0,Pine Acres Community Center,1.748,2.185,3515.964,2.2 mi,262,4.367,4 mins,1.25,30,ESTIMATED,,,35.607596,-78.787563,183
1682,37183053105.0,Sherrill’s University of Cosmetology,17.324,21.655,34849.61,21.7 mi,2599,43.317,43 mins,1.25,30,ESTIMATED,,,35.607596,-78.787563,183
1683,37183053105.0,Raleigh Church of Christ,12.156,15.195,24453.588,15.2 mi,1823,30.383,30 mins,1.25,30,ESTIMATED,,,35.607596,-78.787563,183
1684,37183053105.0,The Rock Church,18.39,22.988,36995.317,23.0 mi,2759,45.983,46 mins,1.25,30,ESTIMATED,,,35.607596,-78.787563,183
1685,37183053105.0,Regeneration Temple,19.055,23.819,38333.349,23.8 mi,2858,47.633,48 mins,1.25,30,ESTIMATED,,,35.607596,-78.787563,183
1686,37183053105.0,Redeeming Love Missionary Baptist Church,14.73,18.412,29631.864,18.4 mi,2209,36.817,37 mins,1.25,30,ESTIMATED,,,35.607596,-78.787563,183
1687,37183053105.0,Historic Oak View Park,16.514,20.642,33219.907,20.6 mi,2477,41.283,41 mins,1.25,30,ESTIMATED,,,35.607596,-78.787563,183
1688,37183053105.0,Poe Center for Health Ed.,16.471,20.589,33134.98,20.6 mi,2471,41.183,41 mins,1.25,30,ESTIMATED,,,35.607596,-78.787563,183
1689,37183053105.0,New Hope Baptist Church,20.192,25.24,40619.99,25.2 mi,3029,50.483,50 mins,1.25,30,ESTIMATED,,,35.607596,-78.787563,183
1690,37183053105.0,Wake County Public Health,16.402,20.502,32995.178,20.5 mi,2460,41.0,41 mins,1.25,30,ESTIMATED,,,35.607596,-78.787563,183
1691,37183053105.0,Peach Road Community Center,11.94,14.925,24019.0,14.9 mi,1791,29.85,30 mins,1.25,30,ESTIMATED,,,35.607596,-78.787563,183
1692,37183053105.0,Wake County Northern Regional Center,29.46,36.824,59263.177,36.8 mi,4419,73.65,1 hr 14 mins,1.25,30,ESTIMATED,,,35.607596,-78.787563,183
1693,37183053105.0,Wendell Parks and Recreation,25.795,32.244,51892.185,32.2 mi,3869,64.483,1 hr 4 mins,1.25,30,ESTIMATED,,,35.607596,-78.787563,183
1694,37183053105.0,Beech Bluff County Park,6.271,7.839,12615.964,7.8 mi,941,15.683,16 mins,1.25,30,ESTIMATED,,,35.607596,-78.787563,183
1695,37183053105.0,Wakefield Missionary Baptist,30.864,38.58,62088.106,38.6 mi,4630,77.167,1 hr 17 mins,1.25,30,ESTIMATED,,,35.607596,-78.787563,183
1696,37183052404.0,Fuquay-Varina Growers Market,13.939,17.424,28041.326,17.4 mi,2091,34.85,35 mins,1.25,30,ESTIMATED,,,35.771628,-78.70488,183
1697,37183052404.0,Pine Acres Community Center,13.994,17.493,28151.651,17.5 mi,2099,34.983,35 mins,1.25,30,ESTIMATED,,,35.771628,-78.70488,183
1698,37183052404.0,Sherrill’s University of Cosmetology,6.906,8.632,13891.743,8.6 mi,1036,17.267,17 mins,1.25,30,ESTIMATED,,,35.771628,-78.70488,183
1699,37183052404.0,Raleigh Church of Christ,1.043,1.304,2098.91,1.3 mi,157,2.617,3 mins,1.25,30,ESTIMATED,,,35.771628,-78.70488,183
1700,37183052404.0,The Rock Church,7.296,9.119,14676.238,9.1 mi,1094,18.233,18 mins,1.25,30,ESTIMATED,,,35.771628,-78.70488,183
1701,37183052404.0,Regeneration Temple,7.418,9.273,14923.26,9.3 mi,1113,18.55,19 mins,1.25,30,ESTIMATED,,,35.771628,-78.70488,183
1702,37183052404.0,Redeeming Love Missionary Baptist Church,6.613,8.266,13303.594,8.3 mi,992,16.533,17 mins,1.25,30,ESTIMATED,,,35.771628,-78.70488,183
1703,37183052404.0,Historic Oak View Park,7.454,9.318,14996.066,9.3 mi,1118,18.633,19 mins,1.25,30,ESTIMATED,,,35.771628,-78.70488,183
1704,37183052404.0,Poe Center for Health Ed.,6.806,8.508,13692.248,8.5 mi,1021,17.017,17 mins,1.25,30,ESTIMATED,,,35.771628,-78.70488,183
1705,37183052404.0,New Hope Baptist Church,8.806,11.007,17714.26,11.0 mi,1321,22.017,22 mins,1.25,30,ESTIMATED,,,35.771628,-78.70488,183
1706,37183052404.0,Wake County Public Health,6.659,8.324,13395.676,8.3 mi,999,16.65,17 mins,1.25,30,ESTIMATED,,,35.771628,-78.70488,183
1707,37183052404.0,Peach Road Community Center,3.452,4.314,6943.45,4.3 mi,518,8.633,9 mins,1.25,30,ESTIMATED,,,35.771628,-78.70488,183
1708,37183052404.0,Wake County Northern Regional Center,17.495,21.869,35194.388,21.9 mi,2624,43.733,44 mins,1.25,30,ESTIMATED,,,35.771628,-78.70488,183
1709,37183052404.0,Wendell Parks and Recreation,18.146,22.683,36504.554,22.7 mi,2722,45.367,45 mins,1.25,30,ESTIMATED,,,35.771628,-78.70488,183
1710,37183052404.0,Beech Bluff County Park,12.94,16.175,26031.407,16.2 mi,1941,32.35,32 mins,1.25,30,ESTIMATED,,,35.771628,-78.70488,183
1711,37183052404.0,Wakefield Missionary Baptist,22.212,27.765,44683.725,27.8 mi,3332,55.533,56 mins,1.25,30,ESTIMATED,,,35.771628,-78.70488,183
1712,37183052101.0,Fuquay-Varina Growers Market,14.656,18.32,29483.78,18.3 mi,2198,36.633,37 mins,1.25,30,ESTIMATED,,,35.740213,-78.62178,183
1713,37183052101.0,Pine Acres Community Center,14.692,18.365,29556.373,18.4 mi,2204,36.733,37 mins,1.25,30,ESTIMATED,,,35.740213,-78.62178,183
1714,37183052101.0,Sherrill’s University of Cosmetology,4.436,5.545,8924.375,5.5 mi,665,11.083,11 mins,1.25,30,ESTIMATED,,,35.740213,-78.62178,183
1715,37183052101.0,Raleigh Church of Christ,6.17,7.713,12412.341,7.7 mi,926,15.433,15 mins,1.25,30,ESTIMATED,,,35.740213,-78.62178,183
1716,37183052101.0,The Rock Church,5.762,7.202,11590.789,7.2 mi,864,14.4,14 mins,1.25,30,ESTIMATED,,,35.740213,-78.62178,183
1717,37183052101.0,Regeneration Temple,6.855,8.569,13790.612,8.6 mi,1028,17.133,17 mins,1.25,30,ESTIMATED,,,35.740213,-78.62178,183
1718,37183052101.0,Redeeming Love Missionary Baptist Church,1.844,2.305,3709.903,2.3 mi,277,4.617,5 mins,1.25,30,ESTIMATED,,,35.740213,-78.62178,183
1719,37183052101.0,Historic Oak View Park,3.481,4.351,7001.904,4.4 mi,522,8.7,9 mins,1.25,30,ESTIMATED,,,35.740213,-78.62178,183
1720,37183052101.0,Poe Center for Health Ed.,3.433,4.292,6907.02,4.3 mi,515,8.583,9 mins,1.25,30,ESTIMATED,,,35.740213,-78.62178,183
1721,37183052101.0,New Hope Baptist Church,7.602,9.503,15292.954,9.5 mi,1140,19.0,19 mins,1.25,30,ESTIMATED,,,35.740213,-78.62178,183
1722,37183052101.0,Wake County Public Health,3.381,4.227,6801.978,4.2 mi,507,8.45,8 mins,1.25,30,ESTIMATED,,,35.740213,-78.62178,183
1723,37183052101.0,Peach Road Community Center,1.858,2.322,3737.494,2.3 mi,279,4.65,5 mins,1.25,30,ESTIMATED,,,35.740213,-78.62178,183
1724,37183052101.0,Wake County Northern Regional Center,17.055,21.319,34309.298,21.3 mi,2558,42.633,43 mins,1.25,30,ESTIMATED,,,35.740213,-78.62178,183
1725,37183052101.0,Wendell Parks and Recreation,13.789,17.236,27738.113,17.2 mi,2068,34.467,34 mins,1.25,30,ESTIMATED,,,35.740213,-78.62178,183
1726,37183052101.0,Beech Bluff County Park,11.167,13.958,22463.642,14.0 mi,1675,27.917,28 mins,1.25,30,ESTIMATED,,,35.740213,-78.62178,183
1727,37183052101.0,Wakefield Missionary Baptist,18.389,22.986,36993.058,23.0 mi,2758,45.967,46 mins,1.25,30,ESTIMATED,,,35.740213,-78.62178,183
1728,37183054017.0,Fuquay-Varina Growers Market,23.593,29.492,47462.099,29.5 mi,3539,58.983,59 mins,1.25,30,ESTIMATED,,,35.88109,-78.589936,183
1729,37183054017.0,Pine Acres Community Center,23.642,29.553,47560.153,29.6 mi,3546,59.1,59 mins,1.25,30,ESTIMATED,,,35.88109,-78.589936,183
1730,37183054017.0,Sherrill’s University of Cosmetology,5.786,7.232,11638.725,7.2 mi,868,14.467,14 mins,1.25,30,ESTIMATED,,,35.88109,-78.589936,183
1731,37183054017.0,Raleigh Church of Christ,10.425,13.031,20971.803,13.0 mi,1564,26.067,26 mins,1.25,30,ESTIMATED,,,35.88109,-78.589936,183
1732,37183054017.0,The Rock Church,4.28,5.351,8610.814,5.4 mi,642,10.7,11 mins,1.25,30,ESTIMATED,,,35.88109,-78.589936,183
1733,37183054017.0,Regeneration Temple,3.041,3.802,6118.383,3.8 mi,456,7.6,8 mins,1.25,30,ESTIMATED,,,35.88109,-78.589936,183
1734,37183054017.0,Redeeming Love Missionary Baptist Church,9.17,11.463,18447.916,11.5 mi,1376,22.933,23 mins,1.25,30,ESTIMATED,,,35.88109,-78.589936,183
1735,37183054017.0,Historic Oak View Park,7.727,9.658,15543.743,9.7 mi,1159,19.317,19 mins,1.25,30,ESTIMATED,,,35.88109,-78.589936,183
1736,37183054017.0,Poe Center for Health Ed.,7.048,8.81,14177.872,8.8 mi,1057,17.617,18 mins,1.25,30,ESTIMATED,,,35.88109,-78.589936,183
1737,37183054017.0,New Hope Baptist Church,2.725,3.406,5481.245,3.4 mi,409,6.817,7 mins,1.25,30,ESTIMATED,,,35.88109,-78.589936,183
1738,37183054017.0,Wake County Public Health,6.993,8.741,14067.245,8.7 mi,1049,17.483,17 mins,1.25,30,ESTIMATED,,,35.88109,-78.589936,183
1739,37183054017.0,Peach Road Community Center,10.235,12.794,20589.692,12.8 mi,1535,25.583,26 mins,1.25,30,ESTIMATED,,,35.88109,-78.589936,183
1740,37183054017.0,Wake County Northern Regional Center,7.577,9.471,15241.752,9.5 mi,1136,18.933,19 mins,1.25,30,ESTIMATED,,,35.88109,-78.589936,183
1741,37183054017.0,Wendell Parks and Recreation,13.52,16.9,27198.274,16.9 mi,2028,33.8,34 mins,1.25,30,ESTIMATED,,,35.88109,-78.589936,183
1742,37183054017.0,Beech Bluff County Park,21.029,26.287,42304.189,26.3 mi,3154,52.567,53 mins,1.25,30,ESTIMATED,,,35.88109,-78.589936,183
1743,37183054017.0,Wakefield Missionary Baptist,15.521,19.401,31223.628,19.4 mi,2328,38.8,39 mins,1.25,30,ESTIMATED,,,35.88109,-78.589936,183
1744,37183052706.0,Fuquay-Varina Growers Market,19.324,24.155,38874.003,24.2 mi,2899,48.317,48 mins,1.25,30,ESTIMATED,,,35.807729,-78.591355,183
1745,37183052706.0,Pine Acres Community Center,19.366,24.208,38958.341,24.2 mi,2905,48.417,48 mins,1.25,30,ESTIMATED,,,35.807729,-78.591355,183
1746,37183052706.0,Sherrill’s University of Cosmetology,0.776,0.97,1561.499,1.0 mi,116,1.933,2 mins,1.25,30,ESTIMATED,,,35.807729,-78.591355,183
1747,37183052706.0,Raleigh Church of Christ,7.7,9.625,15489.534,9.6 mi,1155,19.25,19 mins,1.25,30,ESTIMATED,,,35.807729,-78.591355,183
1748,37183052706.0,The Rock Church,0.804,1.005,1616.617,1.0 mi,121,2.017,2 mins,1.25,30,ESTIMATED,,,35.807729,-78.591355,183
1749,37183052706.0,Regeneration Temple,2.154,2.693,4333.669,2.7 mi,323,5.383,5 mins,1.25,30,ESTIMATED,,,35.807729,-78.591355,183
1750,37183052706.0,Redeeming Love Missionary Baptist Church,4.102,5.127,8251.701,5.1 mi,615,10.25,10 mins,1.25,30,ESTIMATED,,,35.807729,-78.591355,183
1751,37183052706.0,Historic Oak View Park,2.811,3.514,5655.69,3.5 mi,422,7.033,7 mins,1.25,30,ESTIMATED,,,35.807729,-78.591355,183
1752,37183052706.0,Poe Center for Health Ed.,2.015,2.519,4054.38,2.5 mi,302,5.033,5 mins,1.25,30,ESTIMATED,,,35.807729,-78.591355,183
1753,37183052706.0,New Hope Baptist Church,2.635,3.294,5301.104,3.3 mi,395,6.583,7 mins,1.25,30,ESTIMATED,,,35.807729,-78.591355,183
1754,37183052706.0,Wake County Public Health,1.94,2.425,3903.371,2.4 mi,291,4.85,5 mins,1.25,30,ESTIMATED,,,35.807729,-78.591355,183
1755,37183052706.0,Peach Road Community Center,5.735,7.169,11536.601,7.2 mi,860,14.333,14 mins,1.25,30,ESTIMATED,,,35.807729,-78.591355,183
1756,37183052706.0,Wake County Northern Regional Center,12.09,15.112,24320.847,15.1 mi,1813,30.217,30 mins,1.25,30,ESTIMATED,,,35.807729,-78.591355,183
1757,37183052706.0,Wendell Parks and Recreation,11.893,14.866,23924.149,14.9 mi,1784,29.733,30 mins,1.25,30,ESTIMATED,,,35.807729,-78.591355,183
1758,37183052706.0,Beech Bluff County Park,16.128,20.16,32444.365,20.2 mi,2419,40.317,40 mins,1.25,30,ESTIMATED,,,35.807729,-78.591355,183
1759,37183052706.0,Wakefield Missionary Baptist,15.502,19.377,31184.095,19.4 mi,2325,38.75,39 mins,1.25,30,ESTIMATED,,,35.807729,-78.591355,183
1760,37183052707.0,Fuquay-Varina Growers Market,20.567,25.708,41373.764,25.7 mi,3085,51.417,51 mins,1.25,30,ESTIMATED,,,35.820291,-78.575128,183
1761,37183052707.0,Pine Acres Community Center,20.608,25.76,41457.016,25.8 mi,3091,51.517,52 mins,1.25,30,ESTIMATED,,,35.820291,-78.575128,183
1762,37183052707.0,Sherrill’s University of Cosmetology,1.691,2.113,3400.922,2.1 mi,254,4.233,4 mins,1.25,30,ESTIMATED,,,35.820291,-78.575128,183
1763,37183052707.0,Raleigh Church of Christ,8.839,11.049,17781.32,11.0 mi,1326,22.1,22 mins,1.25,30,ESTIMATED,,,35.820291,-78.575128,183
1764,37183052707.0,The Rock Church,0.761,0.951,1530.012,1.0 mi,114,1.9,2 mins,1.25,30,ESTIMATED,,,35.820291,-78.575128,183
1765,37183052707.0,Regeneration Temple,1.885,2.357,3792.779,2.4 mi,283,4.717,5 mins,1.25,30,ESTIMATED,,,35.820291,-78.575128,183
1766,37183052707.0,Redeeming Love Missionary Baptist Church,5.043,6.304,10145.62,6.3 mi,757,12.617,13 mins,1.25,30,ESTIMATED,,,35.820291,-78.575128,183
1767,37183052707.0,Historic Oak View Park,3.464,4.33,6969.247,4.3 mi,520,8.667,9 mins,1.25,30,ESTIMATED,,,35.820291,-78.575128,183
1768,37183052707.0,Poe Center for Health Ed.,2.88,3.6,5793.884,3.6 mi,432,7.2,7 mins,1.25,30,ESTIMATED,,,35.820291,-78.575128,183
1769,37183052707.0,New Hope Baptist Church,1.605,2.007,3229.522,2.0 mi,241,4.017,4 mins,1.25,30,ESTIMATED,,,35.820291,-78.575128,183
1770,37183052707.0,Wake County Public Health,2.862,3.577,5756.659,3.6 mi,429,7.15,7 mins,1.25,30,ESTIMATED,,,35.820291,-78.575128,183
1771,37183052707.0,Peach Road Community Center,6.982,8.727,14045.046,8.7 mi,1047,17.45,17 mins,1.25,30,ESTIMATED,,,35.820291,-78.575128,183
1772,37183052707.0,Wake County Northern Regional Center,10.958,13.697,22043.976,13.7 mi,1644,27.4,27 mins,1.25,30,ESTIMATED,,,35.820291,-78.575128,183
1773,37183052707.0,Wendell Parks and Recreation,11.163,13.954,22457.325,14.0 mi,1675,27.917,28 mins,1.25,30,ESTIMATED,,,35.820291,-78.575128,183
1774,37183052707.0,Beech Bluff County Park,17.243,21.554,34687.881,21.6 mi,2586,43.1,43 mins,1.25,30,ESTIMATED,,,35.820291,-78.575128,183
1775,37183052707.0,Wakefield Missionary Baptist,14.495,18.119,29159.433,18.1 mi,2174,36.233,36 mins,1.25,30,ESTIMATED,,,35.820291,-78.575128,183
1776,37183052704.0,Fuquay-Varina Growers Market,21.194,26.492,42634.66,26.5 mi,3179,52.983,53 mins,1.25,30,ESTIMATED,,,35.841902,-78.593142,183
1777,37183052704.0,Pine Acres Community Center,21.239,26.549,42726.834,26.5 mi,3186,53.1,53 mins,1.25,30,ESTIMATED,,,35.841902,-78.593142,183
1778,37183052704.0,Sherrill’s University of Cosmetology,3.1,3.876,6237.107,3.9 mi,465,7.75,8 mins,1.25,30,ESTIMATED,,,35.841902,-78.593142,183
1779,37183052704.0,Raleigh Church of Christ,8.596,10.745,17292.062,10.7 mi,1289,21.483,21 mins,1.25,30,ESTIMATED,,,35.841902,-78.593142,183
1780,37183052704.0,The Rock Church,1.592,1.99,3203.277,2.0 mi,239,3.983,4 mins,1.25,30,ESTIMATED,,,35.841902,-78.593142,183
1781,37183052704.0,Regeneration Temple,0.507,0.634,1020.363,0.6 mi,76,1.267,1 mins,1.25,30,ESTIMATED,,,35.841902,-78.593142,183
1782,37183052704.0,Redeeming Love Missionary Baptist Church,6.464,8.081,13004.429,8.1 mi,970,16.167,16 mins,1.25,30,ESTIMATED,,,35.841902,-78.593142,183
1783,37183052704.0,Historic Oak View Park,5.094,6.367,10246.874,6.4 mi,764,12.733,13 mins,1.25,30,ESTIMATED,,,35.841902,-78.593142,183
1784,37183052704.0,Poe Center for Health Ed.,4.363,5.454,8777.341,5.5 mi,654,10.9,11 mins,1.25,30,ESTIMATED,,,35.841902,-78.593142,183
1785,37183052704.0,New Hope Baptist Church,1.015,1.269,2042.527,1.3 mi,152,2.533,3 mins,1.25,30,ESTIMATED,,,35.841902,-78.593142,183
1786,37183052704.0,Wake County Public Health,4.299,5.373,8647.294,5.4 mi,645,10.75,11 mins,1.25,30,ESTIMATED,,,35.841902,-78.593142,183
1787,37183052704.0,Peach Road Community Center,7.681,9.602,15452.622,9.6 mi,1152,19.2,19 mins,1.25,30,ESTIMATED,,,35.841902,-78.593142,183
1788,37183052704.0,Wake County Northern Regional Center,9.983,12.479,20083.278,12.5 mi,1498,24.967,25 mins,1.25,30,ESTIMATED,,,35.841902,-78.593142,183
1789,37183052704.0,Wendell Parks and Recreation,12.552,15.689,25249.693,15.7 mi,1883,31.383,31 mins,1.25,30,ESTIMATED,,,35.841902,-78.593142,183
1790,37183052704.0,Beech Bluff County Park,18.363,22.954,36940.81,23.0 mi,2754,45.9,46 mins,1.25,30,ESTIMATED,,,35.841902,-78.593142,183
1791,37183052704.0,Wakefield Missionary Baptist,15.44,19.3,31060.823,19.3 mi,2316,38.6,39 mins,1.25,30,ESTIMATED,,,35.841902,-78.593142,183
1792,37183052401.0,Fuquay-Varina Growers Market,15.702,19.627,31586.754,19.6 mi,2355,39.25,39 mins,1.25,30,ESTIMATED,,,35.803355,-78.721275,183
1793,37183052401.0,Pine Acres Community Center,15.761,19.701,31705.871,19.7 mi,2364,39.4,39 mins,1.25,30,ESTIMATED,,,35.803355,-78.721275,183
1794,37183052401.0,Sherrill’s University of Cosmetology,7.6,9.5,15289.046,9.5 mi,1140,19.0,19 mins,1.25,30,ESTIMATED,,,35.803355,-78.721275,183
1795,37183052401.0,Raleigh Church of Christ,1.927,2.408,3875.848,2.4 mi,289,4.817,5 mins,1.25,30,ESTIMATED,,,35.803355,-78.721275,183
1796,37183052401.0,The Rock Church,7.512,9.39,15111.617,9.4 mi,1127,18.783,19 mins,1.25,30,ESTIMATED,,,35.803355,-78.721275,183
1797,37183052401.0,Regeneration Temple,7.162,8.952,14406.812,9.0 mi,1074,17.9,18 mins,1.25,30,ESTIMATED,,,35.803355,-78.721275,183
1798,37183052401.0,Redeeming Love Missionary Baptist Church,8.259,10.323,16613.491,10.3 mi,1239,20.65,21 mins,1.25,30,ESTIMATED,,,35.803355,-78.721275,183
1799,37183052401.0,Historic Oak View Park,8.679,10.848,17458.847,10.8 mi,1302,21.7,22 mins,1.25,30,ESTIMATED,,,35.803355,-78.721275,183
1800,37183052401.0,Poe Center for Health Ed.,7.882,9.853,15856.699,9.9 mi,1182,19.7,20 mins,1.25,30,ESTIMATED,,,35.803355,-78.721275,183
1801,37183052401.0,New Hope Baptist Church,8.645,10.807,17391.695,10.8 mi,1297,21.617,22 mins,1.25,30,ESTIMATED,,,35.803355,-78.721275,183
1802,37183052401.0,Wake County Public Health,7.723,9.654,15537.072,9.7 mi,1159,19.317,19 mins,1.25,30,ESTIMATED,,,35.803355,-78.721275,183
1803,37183052401.0,Peach Road Community Center,5.614,7.017,11293.27,7.0 mi,842,14.033,14 mins,1.25,30,ESTIMATED,,,35.803355,-78.721275,183
1804,37183052401.0,Wake County Northern Regional Center,16.477,20.596,33146.768,20.6 mi,2472,41.2,41 mins,1.25,30,ESTIMATED,,,35.803355,-78.721275,183
1805,37183052401.0,Wendell Parks and Recreation,19.1,23.875,38423.622,23.9 mi,2865,47.75,48 mins,1.25,30,ESTIMATED,,,35.803355,-78.721275,183
1806,37183052401.0,Beech Bluff County Park,15.236,19.044,30649.048,19.0 mi,2285,38.083,38 mins,1.25,30,ESTIMATED,,,35.803355,-78.721275,183
1807,37183052401.0,Wakefield Missionary Baptist,22.761,28.451,45788.219,28.5 mi,3414,56.9,57 mins,1.25,30,ESTIMATED,,,35.803355,-78.721275,183
1808,37183053522.0,Fuquay-Varina Growers Market,15.693,19.617,31569.94,19.6 mi,2354,39.233,39 mins,1.25,30,ESTIMATED,,,35.81232,-78.809693,183
1809,37183053522.0,Pine Acres Community Center,15.761,19.702,31706.73,19.7 mi,2364,39.4,39 mins,1.25,30,ESTIMATED,,,35.81232,-78.809693,183
1810,37183053522.0,Sherrill’s University of Cosmetology,12.585,15.732,25317.761,15.7 mi,1888,31.467,31 mins,1.25,30,ESTIMATED,,,35.81232,-78.809693,183
1811,37183053522.0,Raleigh Church of Christ,5.491,6.863,11045.689,6.9 mi,824,13.733,14 mins,1.25,30,ESTIMATED,,,35.81232,-78.809693,183
1812,37183053522.0,The Rock Church,12.395,15.493,24934.195,15.5 mi,1859,30.983,31 mins,1.25,30,ESTIMATED,,,35.81232,-78.809693,183
1813,37183053522.0,Regeneration Temple,11.837,14.796,23812.15,14.8 mi,1776,29.6,30 mins,1.25,30,ESTIMATED,,,35.81232,-78.809693,183
1814,37183053522.0,Redeeming Love Missionary Baptist Church,13.059,16.323,26269.873,16.3 mi,1959,32.65,33 mins,1.25,30,ESTIMATED,,,35.81232,-78.809693,183
1815,37183053522.0,Historic Oak View Park,13.64,17.05,27439.384,17.1 mi,2046,34.1,34 mins,1.25,30,ESTIMATED,,,35.81232,-78.809693,183
1816,37183053522.0,Poe Center for Health Ed.,12.864,16.079,25877.253,16.1 mi,1930,32.167,32 mins,1.25,30,ESTIMATED,,,35.81232,-78.809693,183
1817,37183053522.0,New Hope Baptist Church,13.316,16.645,26787.712,16.6 mi,1997,33.283,33 mins,1.25,30,ESTIMATED,,,35.81232,-78.809693,183
1818,37183053522.0,Wake County Public Health,12.705,15.882,25558.901,15.9 mi,1906,31.767,32 mins,1.25,30,ESTIMATED,,,35.81232,-78.809693,183
1819,37183053522.0,Peach Road Community Center,9.93,12.413,19976.619,12.4 mi,1490,24.833,25 mins,1.25,30,ESTIMATED,,,35.81232,-78.809693,183
1820,37183053522.0,Wake County Northern Regional Center,19.967,24.959,40167.584,25.0 mi,2995,49.917,50 mins,1.25,30,ESTIMATED,,,35.81232,-78.809693,183
1821,37183053522.0,Wendell Parks and Recreation,24.088,30.11,48457.447,30.1 mi,3613,60.217,1 hr,1.25,30,ESTIMATED,,,35.81232,-78.809693,183
1822,37183053522.0,Beech Bluff County Park,17.296,21.619,34793.179,21.6 mi,2594,43.233,43 mins,1.25,30,ESTIMATED,,,35.81232,-78.809693,183
1823,37183053522.0,Wakefield Missionary Baptist,27.639,34.549,55600.496,34.5 mi,4146,69.1,1 hr 9 mins,1.25,30,ESTIMATED,,,35.81232,-78.809693,183
1824,37183052407.0,Fuquay-Varina Growers Market,14.609,18.261,29388.892,18.3 mi,2191,36.517,37 mins,1.25,30,ESTIMATED,,,35.783763,-78.710301,183
1825,37183052407.0,Pine Acres Community Center,14.666,18.332,29502.736,18.3 mi,2200,36.667,37 mins,1.25,30,ESTIMATED,,,35.783763,-78.710301,183
1826,37183052407.0,Sherrill’s University of Cosmetology,7.038,8.798,14159.2,8.8 mi,1056,17.6,18 mins,1.25,30,ESTIMATED,,,35.783763,-78.710301,183
1827,37183052407.0,Raleigh Church of Christ,0.907,1.134,1824.23,1.1 mi,136,2.267,2 mins,1.25,30,ESTIMATED,,,35.783763,-78.710301,183
1828,37183052407.0,The Rock Church,7.243,9.054,14571.212,9.1 mi,1086,18.1,18 mins,1.25,30,ESTIMATED,,,35.783763,-78.710301,183
1829,37183052407.0,Regeneration Temple,7.189,8.986,14461.694,9.0 mi,1078,17.967,18 mins,1.25,30,ESTIMATED,,,35.783763,-78.710301,183
1830,37183052407.0,Redeeming Love Missionary Baptist Church,7.15,8.937,14382.778,8.9 mi,1072,17.867,18 mins,1.25,30,ESTIMATED,,,35.783763,-78.710301,183
1831,37183052407.0,Historic Oak View Park,7.813,9.767,15718.101,9.8 mi,1172,19.533,20 mins,1.25,30,ESTIMATED,,,35.783763,-78.710301,183
1832,37183052407.0,Poe Center for Health Ed.,7.097,8.871,14275.941,8.9 mi,1064,17.733,18 mins,1.25,30,ESTIMATED,,,35.783763,-78.710301,183
1833,37183052407.0,New Hope Baptist Church,8.626,10.783,17353.433,10.8 mi,1294,21.567,22 mins,1.25,30,ESTIMATED,,,35.783763,-78.710301,183
1834,37183052407.0,Wake County Public Health,6.943,8.678,13966.467,8.7 mi,1041,17.35,17 mins,1.25,30,ESTIMATED,,,35.783763,-78.710301,183
1835,37183052407.0,Peach Road Community Center,4.216,5.27,8482.006,5.3 mi,632,10.533,11 mins,1.25,30,ESTIMATED,,,35.783763,-78.710301,183
1836,37183052407.0,Wake County Northern Regional Center,17.043,21.303,34284.426,21.3 mi,2556,42.6,43 mins,1.25,30,ESTIMATED,,,35.783763,-78.710301,183
1837,37183052407.0,Wendell Parks and Recreation,18.433,23.042,37082.04,23.0 mi,2765,46.083,46 mins,1.25,30,ESTIMATED,,,35.783763,-78.710301,183
1838,37183052407.0,Beech Bluff County Park,13.809,17.261,27778.756,17.3 mi,2071,34.517,35 mins,1.25,30,ESTIMATED,,,35.783763,-78.710301,183
1839,37183052407.0,Wakefield Missionary Baptist,22.347,27.934,44955.308,27.9 mi,3352,55.867,56 mins,1.25,30,ESTIMATED,,,35.783763,-78.710301,183
1840,37183053711.0,Fuquay-Varina Growers Market,21.885,27.356,44024.78,27.4 mi,3283,54.717,55 mins,1.25,30,ESTIMATED,,,35.893379,-78.709433,183
1841,37183053711.0,Pine Acres Community Center,21.946,27.432,44147.578,27.4 mi,3292,54.867,55 mins,1.25,30,ESTIMATED,,,35.893379,-78.709433,183
1842,37183053711.0,Sherrill’s University of Cosmetology,9.585,11.981,19281.323,12.0 mi,1438,23.967,24 mins,1.25,30,ESTIMATED,,,35.893379,-78.709433,183
1843,37183053711.0,Raleigh Church of Christ,8.179,10.224,16454.27,10.2 mi,1227,20.45,20 mins,1.25,30,ESTIMATED,,,35.893379,-78.709433,183
1844,37183053711.0,The Rock Church,8.489,10.612,17077.875,10.6 mi,1273,21.217,21 mins,1.25,30,ESTIMATED,,,35.893379,-78.709433,183
1845,37183053711.0,Regeneration Temple,7.189,8.986,14461.257,9.0 mi,1078,17.967,18 mins,1.25,30,ESTIMATED,,,35.893379,-78.709433,183
1846,37183053711.0,Redeeming Love Missionary Baptist Church,12.034,15.042,24208.144,15.0 mi,1805,30.083,30 mins,1.25,30,ESTIMATED,,,35.893379,-78.709433,183
1847,37183053711.0,Historic Oak View Park,11.478,14.348,23090.784,14.3 mi,1722,28.7,29 mins,1.25,30,ESTIMATED,,,35.893379,-78.709433,183
1848,37183053711.0,Poe Center for Health Ed.,10.57,13.213,21264.386,13.2 mi,1586,26.433,26 mins,1.25,30,ESTIMATED,,,35.893379,-78.709433,183
1849,37183053711.0,New Hope Baptist Church,8.271,10.339,16639.322,10.3 mi,1241,20.683,21 mins,1.25,30,ESTIMATED,,,35.893379,-78.709433,183
1850,37183053711.0,Wake County Public Health,10.433,13.041,20987.75,13.0 mi,1565,26.083,26 mins,1.25,30,ESTIMATED,,,35.893379,-78.709433,183
1851,37183053711.0,Peach Road Community Center,10.858,13.573,21843.511,13.6 mi,1629,27.15,27 mins,1.25,30,ESTIMATED,,,35.893379,-78.709433,183
1852,37183053711.0,Wake County Northern Regional Center,12.311,15.388,24765.203,15.4 mi,1847,30.783,31 mins,1.25,30,ESTIMATED,,,35.893379,-78.709433,183
1853,37183053711.0,Wendell Parks and Recreation,19.905,24.881,40041.883,24.9 mi,2986,49.767,50 mins,1.25,30,ESTIMATED,,,35.893379,-78.709433,183
1854,37183053711.0,Beech Bluff County Park,21.339,26.674,42928.143,26.7 mi,3201,53.35,53 mins,1.25,30,ESTIMATED,,,35.893379,-78.709433,183
1855,37183053711.0,Wakefield Missionary Baptist,22.256,27.821,44772.793,27.8 mi,3338,55.633,56 mins,1.25,30,ESTIMATED,,,35.893379,-78.709433,183
1856,37183053003.0,Fuquay-Varina Growers Market,11.481,14.351,23096.246,14.4 mi,1722,28.7,29 mins,1.25,30,ESTIMATED,,,35.745883,-78.747491,183
1857,37183053003.0,Pine Acres Community Center,11.541,14.427,23217.255,14.4 mi,1731,28.85,29 mins,1.25,30,ESTIMATED,,,35.745883,-78.747491,183
1858,37183053003.0,Sherrill’s University of Cosmetology,9.736,12.17,19585.726,12.2 mi,1460,24.333,24 mins,1.25,30,ESTIMATED,,,35.745883,-78.747491,183
1859,37183053003.0,Raleigh Church of Christ,2.468,3.086,4965.662,3.1 mi,370,6.167,6 mins,1.25,30,ESTIMATED,,,35.745883,-78.747491,183
1860,37183053003.0,The Rock Church,10.243,12.803,20605.084,12.8 mi,1536,25.6,26 mins,1.25,30,ESTIMATED,,,35.745883,-78.747491,183
1861,37183053003.0,Regeneration Temple,10.396,12.995,20913.737,13.0 mi,1559,25.983,26 mins,1.25,30,ESTIMATED,,,35.745883,-78.747491,183
1862,37183053003.0,Redeeming Love Missionary Baptist Church,8.807,11.009,17717.015,11.0 mi,1321,22.017,22 mins,1.25,30,ESTIMATED,,,35.745883,-78.747491,183
1863,37183053003.0,Historic Oak View Park,9.987,12.483,20090.188,12.5 mi,1498,24.967,25 mins,1.25,30,ESTIMATED,,,35.745883,-78.747491,183
1864,37183053003.0,Poe Center for Health Ed.,9.461,11.826,19032.024,11.8 mi,1419,23.65,24 mins,1.25,30,ESTIMATED,,,35.745883,-78.747491,183
1865,37183053003.0,New Hope Baptist Church,11.783,14.728,23702.725,14.7 mi,1767,29.45,29 mins,1.25,30,ESTIMATED,,,35.745883,-78.747491,183
1866,37183053003.0,Wake County Public Health,9.326,11.657,18760.378,11.7 mi,1399,23.317,23 mins,1.25,30,ESTIMATED,,,35.745883,-78.747491,183
1867,37183053003.0,Peach Road Community Center,5.204,6.505,10469.065,6.5 mi,781,13.017,13 mins,1.25,30,ESTIMATED,,,35.745883,-78.747491,183
1868,37183053003.0,Wake County Northern Regional Center,20.387,25.483,41011.35,25.5 mi,3058,50.967,51 mins,1.25,30,ESTIMATED,,,35.745883,-78.747491,183
1869,37183053003.0,Wendell Parks and Recreation,20.678,25.848,41597.706,25.8 mi,3102,51.7,52 mins,1.25,30,ESTIMATED,,,35.745883,-78.747491,183
1870,37183053003.0,Beech Bluff County Park,11.724,14.655,23584.88,14.7 mi,1759,29.317,29 mins,1.25,30,ESTIMATED,,,35.745883,-78.747491,183
1871,37183053003.0,Wakefield Missionary Baptist,24.957,31.196,50205.119,31.2 mi,3744,62.4,1 hr 2 mins,1.25,30,ESTIMATED,,,35.745883,-78.747491,183
1872,37183053720.0,Fuquay-Varina Growers Market,24.825,31.031,49940.041,31.0 mi,3724,62.067,1 hr 2 mins,1.25,30,ESTIMATED,,,35.938818,-78.720932,183
1873,37183053720.0,Pine Acres Community Center,24.888,31.11,50066.439,31.1 mi,3733,62.217,1 hr 2 mins,1.25,30,ESTIMATED,,,35.938818,-78.720932,183
1874,37183053720.0,Sherrill’s University of Cosmetology,12.355,15.444,24854.729,15.4 mi,1853,30.883,31 mins,1.25,30,ESTIMATED,,,35.938818,-78.720932,183
1875,37183053720.0,Raleigh Church of Christ,11.285,14.106,22701.247,14.1 mi,1693,28.217,28 mins,1.25,30,ESTIMATED,,,35.938818,-78.720932,183
1876,37183053720.0,The Rock Church,11.101,13.876,22331.096,13.9 mi,1665,27.75,28 mins,1.25,30,ESTIMATED,,,35.938818,-78.720932,183
1877,37183053720.0,Regeneration Temple,9.685,12.106,19483.266,12.1 mi,1453,24.217,24 mins,1.25,30,ESTIMATED,,,35.938818,-78.720932,183
1878,37183053720.0,Redeeming Love Missionary Baptist Church,15.052,18.815,30279.204,18.8 mi,2258,37.633,38 mins,1.25,30,ESTIMATED,,,35.938818,-78.720932,183
1879,37183053720.0,Historic Oak View Park,14.33,17.912,28826.794,17.9 mi,2149,35.817,36 mins,1.25,30,ESTIMATED,,,35.938818,-78.720932,183
1880,37183053720.0,Poe Center for Health Ed.,13.438,16.797,27032.132,16.8 mi,2016,33.6,34 mins,1.25,30,ESTIMATED,,,35.938818,-78.720932,183
1881,37183053720.0,New Hope Baptist Church,10.486,13.108,21094.842,13.1 mi,1573,26.217,26 mins,1.25,30,ESTIMATED,,,35.938818,-78.720932,183
1882,37183053720.0,Wake County Public Health,13.311,16.638,26777.035,16.6 mi,1997,33.283,33 mins,1.25,30,ESTIMATED,,,35.938818,-78.720932,183
1883,37183053720.0,Peach Road Community Center,14.054,17.568,28272.948,17.6 mi,2108,35.133,35 mins,1.25,30,ESTIMATED,,,35.938818,-78.720932,183
1884,37183053720.0,Wake County Northern Regional Center,11.948,14.935,24036.082,14.9 mi,1792,29.867,30 mins,1.25,30,ESTIMATED,,,35.938818,-78.720932,183
1885,37183053720.0,Wendell Parks and Recreation,21.864,27.33,43982.879,27.3 mi,3280,54.667,55 mins,1.25,30,ESTIMATED,,,35.938818,-78.720932,183
1886,37183053720.0,Beech Bluff County Park,24.523,30.654,49333.039,30.7 mi,3678,61.3,1 hr 1 mins,1.25,30,ESTIMATED,,,35.938818,-78.720932,183
1887,37183053720.0,Wakefield Missionary Baptist,23.598,29.497,47470.937,29.5 mi,3540,59.0,59 mins,1.25,30,ESTIMATED,,,35.938818,-78.720932,183
1888,37183053721.0,Fuquay-Varina Growers Market,23.661,29.576,47597.555,29.6 mi,3549,59.15,59 mins,1.25,30,ESTIMATED,,,35.918719,-78.703823,183
1889,37183053721.0,Pine Acres Community Center,23.722,29.652,47720.649,29.7 mi,3558,59.3,59 mins,1.25,30,ESTIMATED,,,35.918719,-78.703823,183
1890,37183053721.0,Sherrill’s University of Cosmetology,10.672,13.34,21467.872,13.3 mi,1601,26.683,27 mins,1.25,30,ESTIMATED,,,35.918719,-78.703823,183
1891,37183053721.0,Raleigh Church of Christ,9.953,12.441,20021.894,12.4 mi,1493,24.883,25 mins,1.25,30,ESTIMATED,,,35.918719,-78.703823,183
1892,37183053721.0,The Rock Church,9.43,11.788,18970.587,11.8 mi,1415,23.583,24 mins,1.25,30,ESTIMATED,,,35.918719,-78.703823,183
1893,37183053721.0,Regeneration Temple,8.026,10.033,16145.761,10.0 mi,1204,20.067,20 mins,1.25,30,ESTIMATED,,,35.918719,-78.703823,183
1894,37183053721.0,Redeeming Love Missionary Baptist Church,13.374,16.717,26903.805,16.7 mi,2006,33.433,33 mins,1.25,30,ESTIMATED,,,35.918719,-78.703823,183
1895,37183053721.0,Historic Oak View Park,12.643,15.804,25434.48,15.8 mi,1897,31.617,32 mins,1.25,30,ESTIMATED,,,35.918719,-78.703823,183
1896,37183053721.0,Poe Center for Health Ed.,11.751,14.689,23639.193,14.7 mi,1763,29.383,29 mins,1.25,30,ESTIMATED,,,35.918719,-78.703823,183
1897,37183053721.0,New Hope Baptist Church,8.883,11.103,17868.892,11.1 mi,1332,22.2,22 mins,1.25,30,ESTIMATED,,,35.918719,-78.703823,183
1898,37183053721.0,Wake County Public Health,11.624,14.53,23384.049,14.5 mi,1744,29.067,29 mins,1.25,30,ESTIMATED,,,35.918719,-78.703823,183
1899,37183053721.0,Peach Road Community Center,12.475,15.593,25095.207,15.6 mi,1871,31.183,31 mins,1.25,30,ESTIMATED,,,35.918719,-78.703823,183
1900,37183053721.0,Wake County Northern Regional Center,11.364,14.205,22861.218,14.2 mi,1705,28.417,28 mins,1.25,30,ESTIMATED,,,35.918719,-78.703823,183
1901,37183053721.0,Wendell Parks and Recreation,20.36,25.45,40957.973,25.5 mi,3054,50.9,51 mins,1.25,30,ESTIMATED,,,35.918719,-78.703823,183
1902,37183053721.0,Beech Bluff County Park,23.064,28.83,46397.951,28.8 mi,3460,57.667,58 mins,1.25,30,ESTIMATED,,,35.918719,-78.703823,183
1903,37183053721.0,Wakefield Missionary Baptist,22.306,27.882,44872.125,27.9 mi,3346,55.767,56 mins,1.25,30,ESTIMATED,,,35.918719,-78.703823,183
1904,37183053005.0,Fuquay-Varina Growers Market,9.035,11.293,18175.033,11.3 mi,1355,22.583,23 mins,1.25,30,ESTIMATED,,,35.714393,-78.774386,183
1905,37183053005.0,Pine Acres Community Center,9.098,11.373,18302.645,11.4 mi,1365,22.75,23 mins,1.25,30,ESTIMATED,,,35.714393,-78.774386,183
1906,37183053005.0,Sherrill’s University of Cosmetology,12.027,15.034,24195.444,15.0 mi,1804,30.067,30 mins,1.25,30,ESTIMATED,,,35.714393,-78.774386,183
1907,37183053005.0,Raleigh Church of Christ,5.116,6.395,10291.444,6.4 mi,767,12.783,13 mins,1.25,30,ESTIMATED,,,35.714393,-78.774386,183
1908,37183053005.0,The Rock Church,12.682,15.853,25512.471,15.9 mi,1902,31.7,32 mins,1.25,30,ESTIMATED,,,35.714393,-78.774386,183
1909,37183053005.0,Regeneration Temple,12.946,16.182,26042.848,16.2 mi,1942,32.367,32 mins,1.25,30,ESTIMATED,,,35.714393,-78.774386,183
1910,37183053005.0,Redeeming Love Missionary Baptist Church,10.579,13.224,21282.19,13.2 mi,1587,26.45,26 mins,1.25,30,ESTIMATED,,,35.714393,-78.774386,183
1911,37183053005.0,Historic Oak View Park,11.992,14.99,24123.434,15.0 mi,1799,29.983,30 mins,1.25,30,ESTIMATED,,,35.714393,-78.774386,183
1912,37183053005.0,Poe Center for Health Ed.,11.587,14.483,23308.728,14.5 mi,1738,28.967,29 mins,1.25,30,ESTIMATED,,,35.714393,-78.774386,183
1913,37183053005.0,New Hope Baptist Church,14.295,17.869,28757.963,17.9 mi,2144,35.733,36 mins,1.25,30,ESTIMATED,,,35.714393,-78.774386,183
1914,37183053005.0,Wake County Public Health,11.466,14.333,23065.942,14.3 mi,1720,28.667,29 mins,1.25,30,ESTIMATED,,,35.714393,-78.774386,183
1915,37183053005.0,Peach Road Community Center,6.986,8.733,14053.936,8.7 mi,1048,17.467,17 mins,1.25,30,ESTIMATED,,,35.714393,-78.774386,183
1916,37183053005.0,Wake County Northern Regional Center,23.022,28.778,46313.744,28.8 mi,3453,57.55,58 mins,1.25,30,ESTIMATED,,,35.714393,-78.774386,183
1917,37183053005.0,Wendell Parks and Recreation,22.532,28.165,45327.012,28.2 mi,3380,56.333,56 mins,1.25,30,ESTIMATED,,,35.714393,-78.774386,183
1918,37183053005.0,Beech Bluff County Park,10.383,12.979,20887.945,13.0 mi,1558,25.967,26 mins,1.25,30,ESTIMATED,,,35.714393,-78.774386,183
1919,37183053005.0,Wakefield Missionary Baptist,27.037,33.796,54389.15,33.8 mi,4056,67.6,1 hr 8 mins,1.25,30,ESTIMATED,,,35.714393,-78.774386,183
1920,37183053111.0,Fuquay-Varina Growers Market,6.365,7.957,12805.144,8.0 mi,955,15.917,16 mins,1.25,30,ESTIMATED,,,35.654379,-78.725149,183
1921,37183053111.0,Pine Acres Community Center,6.403,8.004,12881.437,8.0 mi,960,16.0,16 mins,1.25,30,ESTIMATED,,,35.654379,-78.725149,183
1922,37183053111.0,Sherrill’s University of Cosmetology,12.599,15.748,25344.596,15.7 mi,1890,31.5,32 mins,1.25,30,ESTIMATED,,,35.654379,-78.725149,183
1923,37183053111.0,Raleigh Church of Christ,8.37,10.462,16837.038,10.5 mi,1255,20.917,21 mins,1.25,30,ESTIMATED,,,35.654379,-78.725149,183
1924,37183053111.0,The Rock Church,13.72,17.15,27599.459,17.1 mi,2058,34.3,34 mins,1.25,30,ESTIMATED,,,35.654379,-78.725149,183
1925,37183053111.0,Regeneration Temple,14.475,18.094,29119.064,18.1 mi,2171,36.183,36 mins,1.25,30,ESTIMATED,,,35.654379,-78.725149,183
1926,37183053111.0,Redeeming Love Missionary Baptist Church,9.964,12.455,20043.941,12.5 mi,1495,24.917,25 mins,1.25,30,ESTIMATED,,,35.654379,-78.725149,183
1927,37183053111.0,Historic Oak View Park,11.746,14.682,23628.338,14.7 mi,1762,29.367,29 mins,1.25,30,ESTIMATED,,,35.654379,-78.725149,183
1928,37183053111.0,Poe Center for Health Ed.,11.715,14.644,23567.077,14.6 mi,1757,29.283,29 mins,1.25,30,ESTIMATED,,,35.654379,-78.725149,183
1929,37183053111.0,New Hope Baptist Church,15.542,19.428,31266.314,19.4 mi,2331,38.85,39 mins,1.25,30,ESTIMATED,,,35.654379,-78.725149,183
1930,37183053111.0,Wake County Public Health,11.649,14.562,23434.844,14.6 mi,1747,29.117,29 mins,1.25,30,ESTIMATED,,,35.654379,-78.725149,183
1931,37183053111.0,Peach Road Community Center,7.263,9.079,14610.489,9.1 mi,1089,18.15,18 mins,1.25,30,ESTIMATED,,,35.654379,-78.725149,183
1932,37183053111.0,Wake County Northern Regional Center,24.901,31.126,50091.87,31.1 mi,3735,62.25,1 hr 2 mins,1.25,30,ESTIMATED,,,35.654379,-78.725149,183
1933,37183053111.0,Wendell Parks and Recreation,21.217,26.521,42681.002,26.5 mi,3182,53.033,53 mins,1.25,30,ESTIMATED,,,35.654379,-78.725149,183
1934,37183053111.0,Beech Bluff County Park,5.411,6.764,10885.671,6.8 mi,812,13.533,14 mins,1.25,30,ESTIMATED,,,35.654379,-78.725149,183
1935,37183053111.0,Wakefield Missionary Baptist,26.204,32.755,52713.928,32.8 mi,3931,65.517,1 hr 6 mins,1.25,30,ESTIMATED,,,35.654379,-78.725149,183
1936,37183053006.0,Fuquay-Varina Growers Market,7.935,9.919,15963.54,9.9 mi,1190,19.833,20 mins,1.25,30,ESTIMATED,,,35.690176,-78.742503,183
1937,37183053006.0,Pine Acres Community Center,7.989,9.986,16071.592,10.0 mi,1198,19.967,20 mins,1.25,30,ESTIMATED,,,35.690176,-78.742503,183
1938,37183053006.0,Sherrill’s University of Cosmetology,11.493,14.366,23119.493,14.4 mi,1724,28.733,29 mins,1.25,30,ESTIMATED,,,35.690176,-78.742503,183
1939,37183053006.0,Raleigh Church of Christ,5.997,7.497,12064.614,7.5 mi,900,15.0,15 mins,1.25,30,ESTIMATED,,,35.690176,-78.742503,183
1940,37183053006.0,The Rock Church,12.404,15.504,24951.922,15.5 mi,1861,31.017,31 mins,1.25,30,ESTIMATED,,,35.690176,-78.742503,183
1941,37183053006.0,Regeneration Temple,12.938,16.173,26027.137,16.2 mi,1941,32.35,32 mins,1.25,30,ESTIMATED,,,35.690176,-78.742503,183
1942,37183053006.0,Redeeming Love Missionary Baptist Church,9.429,11.786,18967.816,11.8 mi,1414,23.567,24 mins,1.25,30,ESTIMATED,,,35.690176,-78.742503,183
1943,37183053006.0,Historic Oak View Park,11.051,13.814,22231.524,13.8 mi,1658,27.633,28 mins,1.25,30,ESTIMATED,,,35.690176,-78.742503,183
1944,37183053006.0,Poe Center for Health Ed.,10.819,13.523,21763.945,13.5 mi,1623,27.05,27 mins,1.25,30,ESTIMATED,,,35.690176,-78.742503,183
1945,37183053006.0,New Hope Baptist Church,14.153,17.692,28471.96,17.7 mi,2123,35.383,35 mins,1.25,30,ESTIMATED,,,35.690176,-78.742503,183
1946,37183053006.0,Wake County Public Health,10.722,13.403,21570.219,13.4 mi,1608,26.8,27 mins,1.25,30,ESTIMATED,,,35.690176,-78.742503,183
1947,37183053006.0,Peach Road Community Center,6.111,7.638,12292.624,7.6 mi,917,15.283,15 mins,1.25,30,ESTIMATED,,,35.690176,-78.742503,183
1948,37183053006.0,Wake County Northern Regional Center,23.291,29.114,46854.089,29.1 mi,3494,58.233,58 mins,1.25,30,ESTIMATED,,,35.690176,-78.742503,183
1949,37183053006.0,Wendell Parks and Recreation,21.231,26.539,42710.662,26.5 mi,3185,53.083,53 mins,1.25,30,ESTIMATED,,,35.690176,-78.742503,183
1950,37183053006.0,Beech Bluff County Park,8.056,10.07,16206.869,10.1 mi,1208,20.133,20 mins,1.25,30,ESTIMATED,,,35.690176,-78.742503,183
1951,37183053006.0,Wakefield Missionary Baptist,25.973,32.466,52249.061,32.5 mi,3896,64.933,1 hr 5 mins,1.25,30,ESTIMATED,,,35.690176,-78.742503,183
1952,37183053203.0,Fuquay-Varina Growers Market,5.784,7.23,11635.352,7.2 mi,868,14.467,14 mins,1.25,30,ESTIMATED,,,35.667555,-78.819418,183
1953,37183053203.0,Pine Acres Community Center,5.854,7.317,11775.8,7.3 mi,878,14.633,15 mins,1.25,30,ESTIMATED,,,35.667555,-78.819418,183
1954,37183053203.0,Sherrill’s University of Cosmetology,15.878,19.848,31942.226,19.8 mi,2382,39.7,40 mins,1.25,30,ESTIMATED,,,35.667555,-78.819418,183
1955,37183053203.0,Raleigh Church of Christ,9.217,11.522,18542.086,11.5 mi,1383,23.05,23 mins,1.25,30,ESTIMATED,,,35.667555,-78.819418,183
1956,37183053203.0,The Rock Church,16.65,20.812,33493.796,20.8 mi,2497,41.617,42 mins,1.25,30,ESTIMATED,,,35.667555,-78.819418,183
1957,37183053203.0,Regeneration Temple,16.998,21.247,34193.66,21.2 mi,2550,42.5,42 mins,1.25,30,ESTIMATED,,,35.667555,-78.819418,183
1958,37183053203.0,Redeeming Love Missionary Baptist Church,14.006,17.508,28175.929,17.5 mi,2101,35.017,35 mins,1.25,30,ESTIMATED,,,35.667555,-78.819418,183
1959,37183053203.0,Historic Oak View Park,15.591,19.489,31364.011,19.5 mi,2339,38.983,39 mins,1.25,30,ESTIMATED,,,35.667555,-78.819418,183
1960,37183053203.0,Poe Center for Health Ed.,15.302,19.128,30783.295,19.1 mi,2295,38.25,38 mins,1.25,30,ESTIMATED,,,35.667555,-78.819418,183
1961,37183053203.0,New Hope Baptist Church,18.315,22.894,36844.64,22.9 mi,2747,45.783,46 mins,1.25,30,ESTIMATED,,,35.667555,-78.819418,183
1962,37183053203.0,Wake County Public Health,15.196,18.995,30569.999,19.0 mi,2279,37.983,38 mins,1.25,30,ESTIMATED,,,35.667555,-78.819418,183
1963,37183053203.0,Peach Road Community Center,10.593,13.241,21310.068,13.2 mi,1589,26.483,26 mins,1.25,30,ESTIMATED,,,35.667555,-78.819418,183
1964,37183053203.0,Wake County Northern Regional Center,27.127,33.908,54570.108,33.9 mi,4069,67.817,1 hr 8 mins,1.25,30,ESTIMATED,,,35.667555,-78.819418,183
1965,37183053203.0,Wendell Parks and Recreation,25.819,32.274,51940.335,32.3 mi,3873,64.55,1 hr 5 mins,1.25,30,ESTIMATED,,,35.667555,-78.819418,183
1966,37183053203.0,Beech Bluff County Park,9.699,12.124,19511.294,12.1 mi,1455,24.25,24 mins,1.25,30,ESTIMATED,,,35.667555,-78.819418,183
1967,37183053203.0,Wakefield Missionary Baptist,30.556,38.195,61468.502,38.2 mi,4583,76.383,1 hr 16 mins,1.25,30,ESTIMATED,,,35.667555,-78.819418,183
1968,37183053425.0,Fuquay-Varina Growers Market,14.157,17.696,28478.454,17.7 mi,2123,35.383,35 mins,1.25,30,ESTIMATED,,,35.786927,-78.845139,183
1969,37183053425.0,Pine Acres Community Center,14.226,17.783,28618.775,17.8 mi,2134,35.567,36 mins,1.25,30,ESTIMATED,,,35.786927,-78.845139,183
1970,37183053425.0,Sherrill’s University of Cosmetology,14.55,18.187,29269.626,18.2 mi,2182,36.367,36 mins,1.25,30,ESTIMATED,,,35.786927,-78.845139,183
1971,37183053425.0,Raleigh Church of Christ,6.899,8.624,13878.179,8.6 mi,1035,17.25,17 mins,1.25,30,ESTIMATED,,,35.786927,-78.845139,183
1972,37183053425.0,The Rock Church,14.545,18.182,29260.647,18.2 mi,2182,36.367,36 mins,1.25,30,ESTIMATED,,,35.786927,-78.845139,183
1973,37183053425.0,Regeneration Temple,14.138,17.673,28441.695,17.7 mi,2121,35.35,35 mins,1.25,30,ESTIMATED,,,35.786927,-78.845139,183
1974,37183053425.0,Redeeming Love Missionary Baptist Church,14.524,18.155,29217.509,18.2 mi,2179,36.317,36 mins,1.25,30,ESTIMATED,,,35.786927,-78.845139,183
1975,37183053425.0,Historic Oak View Park,15.359,19.198,30896.809,19.2 mi,2304,38.4,38 mins,1.25,30,ESTIMATED,,,35.786927,-78.845139,183
1976,37183053425.0,Poe Center for Health Ed.,14.657,18.321,29485.045,18.3 mi,2199,36.65,37 mins,1.25,30,ESTIMATED,,,35.786927,-78.845139,183
1977,37183053425.0,New Hope Baptist Church,15.626,19.532,31433.944,19.5 mi,2344,39.067,39 mins,1.25,30,ESTIMATED,,,35.786927,-78.845139,183
1978,37183053425.0,Wake County Public Health,14.503,18.129,29176.071,18.1 mi,2176,36.267,36 mins,1.25,30,ESTIMATED,,,35.786927,-78.845139,183
1979,37183053425.0,Peach Road Community Center,11.103,13.879,22335.9,13.9 mi,1665,27.75,28 mins,1.25,30,ESTIMATED,,,35.786927,-78.845139,183
1980,37183053425.0,Wake County Northern Regional Center,22.593,28.241,45450.143,28.2 mi,3389,56.483,56 mins,1.25,30,ESTIMATED,,,35.786927,-78.845139,183
1981,37183053425.0,Wendell Parks and Recreation,25.992,32.49,52288.058,32.5 mi,3899,64.983,1 hr 5 mins,1.25,30,ESTIMATED,,,35.786927,-78.845139,183
1982,37183053425.0,Beech Bluff County Park,16.742,20.928,33680.512,20.9 mi,2511,41.85,42 mins,1.25,30,ESTIMATED,,,35.786927,-78.845139,183
1983,37183053425.0,Wakefield Missionary Baptist,29.789,37.236,59925.276,37.2 mi,4468,74.467,1 hr 14 mins,1.25,30,ESTIMATED,,,35.786927,-78.845139,183
1984,37183053603.0,Fuquay-Varina Growers Market,16.063,20.079,32313.387,20.1 mi,2409,40.15,40 mins,1.25,30,ESTIMATED,,,35.812024,-78.863582,183
1985,37183053603.0,Pine Acres Community Center,16.133,20.166,32454.201,20.2 mi,2420,40.333,40 mins,1.25,30,ESTIMATED,,,35.812024,-78.863582,183
1986,37183053603.0,Sherrill’s University of Cosmetology,15.596,19.495,31373.392,19.5 mi,2339,38.983,39 mins,1.25,30,ESTIMATED,,,35.812024,-78.863582,183
1987,37183053603.0,Raleigh Church of Christ,8.28,10.35,16656.592,10.3 mi,1242,20.7,21 mins,1.25,30,ESTIMATED,,,35.812024,-78.863582,183
1988,37183053603.0,The Rock Church,15.413,19.266,31005.854,19.3 mi,2312,38.533,39 mins,1.25,30,ESTIMATED,,,35.812024,-78.863582,183
1989,37183053603.0,Regeneration Temple,14.831,18.539,29835.744,18.5 mi,2225,37.083,37 mins,1.25,30,ESTIMATED,,,35.812024,-78.863582,183
1990,37183053603.0,Redeeming Love Missionary Baptist Church,15.928,19.91,32042.66,19.9 mi,2389,39.817,40 mins,1.25,30,ESTIMATED,,,35.812024,-78.863582,183
1991,37183053603.0,Historic Oak View Park,16.6,20.75,33393.349,20.7 mi,2490,41.5,42 mins,1.25,30,ESTIMATED,,,35.812024,-78.863582,183
1992,37183053603.0,Poe Center for Health Ed.,15.842,19.802,31868.233,19.8 mi,2376,39.6,40 mins,1.25,30,ESTIMATED,,,35.812024,-78.863582,183
1993,37183053603.0,New Hope Baptist Church,16.305,20.381,32800.766,20.4 mi,2446,40.767,41 mins,1.25,30,ESTIMATED,,,35.812024,-78.863582,183
1994,37183053603.0,Wake County Public Health,15.684,19.605,31551.579,19.6 mi,2353,39.217,39 mins,1.25,30,ESTIMATED,,,35.812024,-78.863582,183
1995,37183053603.0,Peach Road Community Center,12.649,15.812,25446.201,15.8 mi,1897,31.617,32 mins,1.25,30,ESTIMATED,,,35.812024,-78.863582,183
1996,37183053603.0,Wake County Northern Regional Center,22.565,28.206,45392.636,28.2 mi,3385,56.417,56 mins,1.25,30,ESTIMATED,,,35.812024,-78.863582,183
1997,37183053603.0,Wendell Parks and Recreation,27.097,33.871,54509.915,33.9 mi,4065,67.75,1 hr 8 mins,1.25,30,ESTIMATED,,,35.812024,-78.863582,183
1998,37183053603.0,Beech Bluff County Park,18.759,23.448,37736.393,23.4 mi,2814,46.9,47 mins,1.25,30,ESTIMATED,,,35.812024,-78.863582,183
1999,37183053603.0,Wakefield Missionary Baptist,30.653,38.316,61663.322,38.3 mi,4598,76.633,1 hr 17 mins,1.25,30,ESTIMATED,,,35.812024,-78.863582,183
2000,37183053423.0,Fuquay-Varina Growers Market,12.695,15.869,25538.559,15.9 mi,1904,31.733,32 mins,1.25,30,ESTIMATED,,,35.768323,-78.820384,183
2001,37183053423.0,Pine Acres Community Center,12.764,15.955,25677.043,16.0 mi,1915,31.917,32 mins,1.25,30,ESTIMATED,,,35.768323,-78.820384,183
2002,37183053423.0,Sherrill’s University of Cosmetology,13.299,16.623,26752.847,16.6 mi,1995,33.25,33 mins,1.25,30,ESTIMATED,,,35.768323,-78.820384,183
2003,37183053423.0,Raleigh Church of Christ,5.489,6.861,11042.072,6.9 mi,823,13.717,14 mins,1.25,30,ESTIMATED,,,35.768323,-78.820384,183
2004,37183053423.0,The Rock Church,13.455,16.818,27066.507,16.8 mi,2018,33.633,34 mins,1.25,30,ESTIMATED,,,35.768323,-78.820384,183
2005,37183053423.0,Regeneration Temple,13.213,16.516,26580.495,16.5 mi,1982,33.033,33 mins,1.25,30,ESTIMATED,,,35.768323,-78.820384,183
2006,37183053423.0,Redeeming Love Missionary Baptist Church,12.965,16.206,26080.829,16.2 mi,1945,32.417,32 mins,1.25,30,ESTIMATED,,,35.768323,-78.820384,183
2007,37183053423.0,Historic Oak View Park,13.93,17.412,28022.462,17.4 mi,2089,34.817,35 mins,1.25,30,ESTIMATED,,,35.768323,-78.820384,183
2008,37183053423.0,Poe Center for Health Ed.,13.283,16.603,26720.199,16.6 mi,1992,33.2,33 mins,1.25,30,ESTIMATED,,,35.768323,-78.820384,183
2009,37183053423.0,New Hope Baptist Church,14.693,18.366,29556.708,18.4 mi,2204,36.733,37 mins,1.25,30,ESTIMATED,,,35.768323,-78.820384,183
2010,37183053423.0,Wake County Public Health,13.134,16.417,26420.831,16.4 mi,1970,32.833,33 mins,1.25,30,ESTIMATED,,,35.768323,-78.820384,183
2011,37183053423.0,Peach Road Community Center,9.454,11.818,19018.708,11.8 mi,1418,23.633,24 mins,1.25,30,ESTIMATED,,,35.768323,-78.820384,183
2012,37183053423.0,Wake County Northern Regional Center,22.243,27.804,44745.794,27.8 mi,3336,55.6,56 mins,1.25,30,ESTIMATED,,,35.768323,-78.820384,183
2013,37183053423.0,Wendell Parks and Recreation,24.625,30.782,49538.326,30.8 mi,3694,61.567,1 hr 2 mins,1.25,30,ESTIMATED,,,35.768323,-78.820384,183
2014,37183053423.0,Beech Bluff County Park,14.909,18.636,29991.544,18.6 mi,2236,37.267,37 mins,1.25,30,ESTIMATED,,,35.768323,-78.820384,183
2015,37183053423.0,Wakefield Missionary Baptist,28.609,35.762,57553.018,35.8 mi,4291,71.517,1 hr 12 mins,1.25,30,ESTIMATED,,,35.768323,-78.820384,183
2016,37183053712.0,Fuquay-Varina Growers Market,22.361,27.951,44982.536,28.0 mi,3354,55.9,56 mins,1.25,30,ESTIMATED,,,35.896581,-78.690984,183
2017,37183053712.0,Pine Acres Community Center,22.42,28.025,45102.269,28.0 mi,3363,56.05,56 mins,1.25,30,ESTIMATED,,,35.896581,-78.690984,183
2018,37183053712.0,Sherrill’s University of Cosmetology,9.034,11.292,18173.323,11.3 mi,1355,22.583,23 mins,1.25,30,ESTIMATED,,,35.896581,-78.690984,183
2019,37183053712.0,Raleigh Church of Christ,8.554,10.693,17208.776,10.7 mi,1283,21.383,21 mins,1.25,30,ESTIMATED,,,35.896581,-78.690984,183
2020,37183053712.0,The Rock Church,7.841,9.801,15772.843,9.8 mi,1176,19.6,20 mins,1.25,30,ESTIMATED,,,35.896581,-78.690984,183
2021,37183053712.0,Regeneration Temple,6.474,8.093,13024.238,8.1 mi,971,16.183,16 mins,1.25,30,ESTIMATED,,,35.896581,-78.690984,183
2022,37183053712.0,Redeeming Love Missionary Baptist Church,11.687,14.609,23510.302,14.6 mi,1753,29.217,29 mins,1.25,30,ESTIMATED,,,35.896581,-78.690984,183
2023,37183053712.0,Historic Oak View Park,10.987,13.734,22102.076,13.7 mi,1648,27.467,27 mins,1.25,30,ESTIMATED,,,35.896581,-78.690984,183
2024,37183053712.0,Poe Center for Health Ed.,10.09,12.612,20296.899,12.6 mi,1513,25.217,25 mins,1.25,30,ESTIMATED,,,35.896581,-78.690984,183
2025,37183053712.0,New Hope Baptist Church,7.451,9.314,14989.075,9.3 mi,1118,18.633,19 mins,1.25,30,ESTIMATED,,,35.896581,-78.690984,183
2026,37183053712.0,Wake County Public Health,9.96,12.45,20036.412,12.5 mi,1494,24.9,25 mins,1.25,30,ESTIMATED,,,35.896581,-78.690984,183
2027,37183053712.0,Peach Road Community Center,10.831,13.538,21787.534,13.5 mi,1625,27.083,27 mins,1.25,30,ESTIMATED,,,35.896581,-78.690984,183
2028,37183053712.0,Wake County Northern Regional Center,11.286,14.108,22704.496,14.1 mi,1693,28.217,28 mins,1.25,30,ESTIMATED,,,35.896581,-78.690984,183
2029,37183053712.0,Wendell Parks and Recreation,19.045,23.807,38312.926,23.8 mi,2857,47.617,48 mins,1.25,30,ESTIMATED,,,35.896581,-78.690984,183
2030,37183053712.0,Beech Bluff County Park,21.504,26.88,43258.447,26.9 mi,3226,53.767,54 mins,1.25,30,ESTIMATED,,,35.896581,-78.690984,183
2031,37183053712.0,Wakefield Missionary Baptist,21.278,26.597,42804.17,26.6 mi,3192,53.2,53 mins,1.25,30,ESTIMATED,,,35.896581,-78.690984,183
2032,37183053805.0,Fuquay-Varina Growers Market,27.523,34.404,55368.096,34.4 mi,4128,68.8,1 hr 9 mins,1.25,30,ESTIMATED,,,35.954929,-78.617058,183
2033,37183053805.0,Pine Acres Community Center,27.579,34.473,55479.4,34.5 mi,4137,68.95,1 hr 9 mins,1.25,30,ESTIMATED,,,35.954929,-78.617058,183
2034,37183053805.0,Sherrill’s University of Cosmetology,11.022,13.778,22173.129,13.8 mi,1653,27.55,28 mins,1.25,30,ESTIMATED,,,35.954929,-78.617058,183
2035,37183053805.0,Raleigh Church of Christ,13.74,17.175,27641.182,17.2 mi,2061,34.35,34 mins,1.25,30,ESTIMATED,,,35.954929,-78.617058,183
2036,37183053805.0,The Rock Church,9.516,11.894,19142.302,11.9 mi,1427,23.783,24 mins,1.25,30,ESTIMATED,,,35.954929,-78.617058,183
2037,37183053805.0,Regeneration Temple,8.133,10.166,16361.384,10.2 mi,1220,20.333,20 mins,1.25,30,ESTIMATED,,,35.954929,-78.617058,183
2038,37183053805.0,Redeeming Love Missionary Baptist Church,14.35,17.937,28866.863,17.9 mi,2152,35.867,36 mins,1.25,30,ESTIMATED,,,35.954929,-78.617058,183
2039,37183053805.0,Historic Oak View Park,13.01,16.263,26172.395,16.3 mi,1952,32.533,33 mins,1.25,30,ESTIMATED,,,35.954929,-78.617058,183
2040,37183053805.0,Poe Center for Health Ed.,12.283,15.354,24709.547,15.4 mi,1842,30.7,31 mins,1.25,30,ESTIMATED,,,35.954929,-78.617058,183
2041,37183053805.0,New Hope Baptist Church,8.047,10.059,16188.123,10.1 mi,1207,20.117,20 mins,1.25,30,ESTIMATED,,,35.954929,-78.617058,183
2042,37183053805.0,Wake County Public Health,12.212,15.265,24567.01,15.3 mi,1832,30.533,31 mins,1.25,30,ESTIMATED,,,35.954929,-78.617058,183
2043,37183053805.0,Peach Road Community Center,14.822,18.527,29816.41,18.5 mi,2223,37.05,37 mins,1.25,30,ESTIMATED,,,35.954929,-78.617058,183
2044,37183053805.0,Wake County Northern Regional Center,6.033,7.541,12135.739,7.5 mi,905,15.083,15 mins,1.25,30,ESTIMATED,,,35.954929,-78.617058,183
2045,37183053805.0,Wendell Parks and Recreation,17.775,22.219,35757.694,22.2 mi,2666,44.433,44 mins,1.25,30,ESTIMATED,,,35.954929,-78.617058,183
2046,37183053805.0,Beech Bluff County Park,25.762,32.203,51825.847,32.2 mi,3864,64.4,1 hr 4 mins,1.25,30,ESTIMATED,,,35.954929,-78.617058,183
2047,37183053805.0,Wakefield Missionary Baptist,18.56,23.199,37335.96,23.2 mi,2784,46.4,46 mins,1.25,30,ESTIMATED,,,35.954929,-78.617058,183
2048,37183054016.0,Fuquay-Varina Growers Market,24.68,30.85,49647.681,30.8 mi,3702,61.7,1 hr 2 mins,1.25,30,ESTIMATED,,,35.897219,-78.58568,183
2049,37183054016.0,Pine Acres Community Center,24.729,30.911,49747.164,30.9 mi,3709,61.817,1 hr 2 mins,1.25,30,ESTIMATED,,,35.897219,-78.58568,183
2050,37183054016.0,Sherrill’s University of Cosmetology,6.895,8.619,13871.46,8.6 mi,1034,17.233,17 mins,1.25,30,ESTIMATED,,,35.897219,-78.58568,183
2051,37183054016.0,Raleigh Church of Christ,11.392,14.24,22917.192,14.2 mi,1709,28.483,28 mins,1.25,30,ESTIMATED,,,35.897219,-78.58568,183
2052,37183054016.0,The Rock Church,5.397,6.746,10856.476,6.7 mi,810,13.5,14 mins,1.25,30,ESTIMATED,,,35.897219,-78.58568,183
2053,37183054016.0,Regeneration Temple,4.181,5.226,8410.793,5.2 mi,627,10.45,10 mins,1.25,30,ESTIMATED,,,35.897219,-78.58568,183
2054,37183054016.0,Redeeming Love Missionary Baptist Church,10.288,12.86,20696.681,12.9 mi,1543,25.717,26 mins,1.25,30,ESTIMATED,,,35.897219,-78.58568,183
2055,37183054016.0,Historic Oak View Park,8.809,11.011,17720.355,11.0 mi,1321,22.017,22 mins,1.25,30,ESTIMATED,,,35.897219,-78.58568,183
2056,37183054016.0,Poe Center for Health Ed.,8.155,10.193,16404.281,10.2 mi,1223,20.383,20 mins,1.25,30,ESTIMATED,,,35.897219,-78.58568,183
2057,37183054016.0,New Hope Baptist Church,3.757,4.696,7557.093,4.7 mi,563,9.383,9 mins,1.25,30,ESTIMATED,,,35.897219,-78.58568,183
2058,37183054016.0,Wake County Public Health,8.105,10.131,16304.121,10.1 mi,1216,20.267,20 mins,1.25,30,ESTIMATED,,,35.897219,-78.58568,183
2059,37183054016.0,Peach Road Community Center,11.363,14.203,22858.185,14.2 mi,1704,28.4,28 mins,1.25,30,ESTIMATED,,,35.897219,-78.58568,183
2060,37183054016.0,Wake County Northern Regional Center,6.549,8.186,13174.089,8.2 mi,982,16.367,16 mins,1.25,30,ESTIMATED,,,35.897219,-78.58568,183
2061,37183054016.0,Wendell Parks and Recreation,13.917,17.396,27996.222,17.4 mi,2088,34.8,35 mins,1.25,30,ESTIMATED,,,35.897219,-78.58568,183
2062,37183054016.0,Beech Bluff County Park,22.168,27.71,44595.663,27.7 mi,3325,55.417,55 mins,1.25,30,ESTIMATED,,,35.897219,-78.58568,183
2063,37183054016.0,Wakefield Missionary Baptist,15.532,19.415,31246.044,19.4 mi,2330,38.833,39 mins,1.25,30,ESTIMATED,,,35.897219,-78.58568,183
2064,37183054113.0,Fuquay-Varina Growers Market,22.681,28.352,45627.393,28.4 mi,3402,56.7,57 mins,1.25,30,ESTIMATED,,,35.821203,-78.519024,183
2065,37183054113.0,Pine Acres Community Center,22.716,28.395,45697.91,28.4 mi,3407,56.783,57 mins,1.25,30,ESTIMATED,,,35.821203,-78.519024,183
2066,37183054113.0,Sherrill’s University of Cosmetology,4.089,5.111,8226.039,5.1 mi,613,10.217,10 mins,1.25,30,ESTIMATED,,,35.821203,-78.519024,183
2067,37183054113.0,Raleigh Church of Christ,11.852,14.815,23842.447,14.8 mi,1778,29.633,30 mins,1.25,30,ESTIMATED,,,35.821203,-78.519024,183
2068,37183054113.0,The Rock Church,3.902,4.878,7850.09,4.9 mi,585,9.75,10 mins,1.25,30,ESTIMATED,,,35.821203,-78.519024,183
2069,37183054113.0,Regeneration Temple,4.724,5.905,9502.791,5.9 mi,709,11.817,12 mins,1.25,30,ESTIMATED,,,35.821203,-78.519024,183
2070,37183054113.0,Redeeming Love Missionary Baptist Church,6.431,8.039,12937.649,8.0 mi,965,16.083,16 mins,1.25,30,ESTIMATED,,,35.821203,-78.519024,183
2071,37183054113.0,Historic Oak View Park,4.604,5.755,9261.668,5.8 mi,691,11.517,12 mins,1.25,30,ESTIMATED,,,35.821203,-78.519024,183
2072,37183054113.0,Poe Center for Health Ed.,4.648,5.81,9350.413,5.8 mi,697,11.617,12 mins,1.25,30,ESTIMATED,,,35.821203,-78.519024,183
2073,37183054113.0,New Hope Baptist Church,3.501,4.376,7042.223,4.4 mi,525,8.75,9 mins,1.25,30,ESTIMATED,,,35.821203,-78.519024,183
2074,37183054113.0,Wake County Public Health,4.738,5.922,9530.954,5.9 mi,711,11.85,12 mins,1.25,30,ESTIMATED,,,35.821203,-78.519024,183
2075,37183054113.0,Peach Road Community Center,9.348,11.686,18806.141,11.7 mi,1402,23.367,23 mins,1.25,30,ESTIMATED,,,35.821203,-78.519024,183
2076,37183054113.0,Wake County Northern Regional Center,10.297,12.872,20714.82,12.9 mi,1545,25.75,26 mins,1.25,30,ESTIMATED,,,35.821203,-78.519024,183
2077,37183054113.0,Wendell Parks and Recreation,8.16,10.2,16415.849,10.2 mi,1224,20.4,20 mins,1.25,30,ESTIMATED,,,35.821203,-78.519024,183
2078,37183054113.0,Beech Bluff County Park,18.603,23.254,37423.831,23.3 mi,2790,46.5,46 mins,1.25,30,ESTIMATED,,,35.821203,-78.519024,183
2079,37183054113.0,Wakefield Missionary Baptist,11.362,14.203,22857.088,14.2 mi,1704,28.4,28 mins,1.25,30,ESTIMATED,,,35.821203,-78.519024,183
2080,37183054203.0,Fuquay-Varina Growers Market,32.032,40.04,64437.46,40.0 mi,4805,80.083,1 hr 20 mins,1.25,30,ESTIMATED,,,35.999037,-78.542259,183
2081,37183054203.0,Pine Acres Community Center,32.083,40.104,64540.946,40.1 mi,4812,80.2,1 hr 20 mins,1.25,30,ESTIMATED,,,35.999037,-78.542259,183
2082,37183054203.0,Sherrill’s University of Cosmetology,14.142,17.678,28450.075,17.7 mi,2121,35.35,35 mins,1.25,30,ESTIMATED,,,35.999037,-78.542259,183
2083,37183054203.0,Raleigh Church of Christ,18.46,23.075,37135.037,23.1 mi,2769,46.15,46 mins,1.25,30,ESTIMATED,,,35.999037,-78.542259,183
2084,37183054203.0,The Rock Church,12.697,15.871,25542.616,15.9 mi,1905,31.75,32 mins,1.25,30,ESTIMATED,,,35.999037,-78.542259,183
2085,37183054203.0,Regeneration Temple,11.601,14.502,23338.064,14.5 mi,1740,29.0,29 mins,1.25,30,ESTIMATED,,,35.999037,-78.542259,183
2086,37183054203.0,Redeeming Love Missionary Baptist Church,17.529,21.911,35262.231,21.9 mi,2629,43.817,44 mins,1.25,30,ESTIMATED,,,35.999037,-78.542259,183
2087,37183054203.0,Historic Oak View Park,15.897,19.871,31979.316,19.9 mi,2385,39.75,40 mins,1.25,30,ESTIMATED,,,35.999037,-78.542259,183
2088,37183054203.0,Poe Center for Health Ed.,15.366,19.207,30911.353,19.2 mi,2305,38.417,38 mins,1.25,30,ESTIMATED,,,35.999037,-78.542259,183
2089,37183054203.0,New Hope Baptist Church,10.901,13.626,21929.364,13.6 mi,1635,27.25,27 mins,1.25,30,ESTIMATED,,,35.999037,-78.542259,183
2090,37183054203.0,Wake County Public Health,15.341,19.176,30861.215,19.2 mi,2301,38.35,38 mins,1.25,30,ESTIMATED,,,35.999037,-78.542259,183
2091,37183054203.0,Peach Road Community Center,18.805,23.506,37828.781,23.5 mi,2821,47.017,47 mins,1.25,30,ESTIMATED,,,35.999037,-78.542259,183
2092,37183054203.0,Wake County Northern Regional Center,2.663,3.328,5356.148,3.3 mi,399,6.65,7 mins,1.25,30,ESTIMATED,,,35.999037,-78.542259,183
2093,37183054203.0,Wendell Parks and Recreation,17.46,21.825,35123.319,21.8 mi,2619,43.65,44 mins,1.25,30,ESTIMATED,,,35.999037,-78.542259,183
2094,37183054203.0,Beech Bluff County Park,29.587,36.984,59519.317,37.0 mi,4438,73.967,1 hr 14 mins,1.25,30,ESTIMATED,,,35.999037,-78.542259,183
2095,37183054203.0,Wakefield Missionary Baptist,16.712,20.89,33619.469,20.9 mi,2507,41.783,42 mins,1.25,30,ESTIMATED,,,35.999037,-78.542259,183
2096,37183053724.0,Fuquay-Varina Growers Market,21.241,26.551,42729.811,26.6 mi,3186,53.1,53 mins,1.25,30,ESTIMATED,,,35.888429,-78.736941,183
2097,37183053724.0,Pine Acres Community Center,21.304,26.63,42856.964,26.6 mi,3196,53.267,53 mins,1.25,30,ESTIMATED,,,35.888429,-78.736941,183
2098,37183053724.0,Sherrill’s University of Cosmetology,10.543,13.179,21208.993,13.2 mi,1581,26.35,26 mins,1.25,30,ESTIMATED,,,35.888429,-78.736941,183
2099,37183053724.0,Raleigh Church of Christ,7.842,9.803,15776.322,9.8 mi,1176,19.6,20 mins,1.25,30,ESTIMATED,,,35.888429,-78.736941,183
2100,37183053724.0,The Rock Church,9.586,11.983,19284.543,12.0 mi,1438,23.967,24 mins,1.25,30,ESTIMATED,,,35.888429,-78.736941,183
2101,37183053724.0,Regeneration Temple,8.384,10.48,16865.937,10.5 mi,1258,20.967,21 mins,1.25,30,ESTIMATED,,,35.888429,-78.736941,183
2102,37183053724.0,Redeeming Love Missionary Baptist Church,12.689,15.861,25525.214,15.9 mi,1903,31.717,32 mins,1.25,30,ESTIMATED,,,35.888429,-78.736941,183
2103,37183053724.0,Historic Oak View Park,12.336,15.42,24815.395,15.4 mi,1850,30.833,31 mins,1.25,30,ESTIMATED,,,35.888429,-78.736941,183
2104,37183053724.0,Poe Center for Health Ed.,11.424,14.28,22982.235,14.3 mi,1714,28.567,29 mins,1.25,30,ESTIMATED,,,35.888429,-78.736941,183
2105,37183053724.0,New Hope Baptist Church,9.577,11.971,19265.773,12.0 mi,1437,23.95,24 mins,1.25,30,ESTIMATED,,,35.888429,-78.736941,183
2106,37183053724.0,Wake County Public Health,11.278,14.098,22687.805,14.1 mi,1692,28.2,28 mins,1.25,30,ESTIMATED,,,35.888429,-78.736941,183
2107,37183053724.0,Peach Road Community Center,11.077,13.847,22284.271,13.8 mi,1662,27.7,28 mins,1.25,30,ESTIMATED,,,35.888429,-78.736941,183
2108,37183053724.0,Wake County Northern Regional Center,13.852,17.315,27865.525,17.3 mi,2078,34.633,35 mins,1.25,30,ESTIMATED,,,35.888429,-78.736941,183
2109,37183053724.0,Wendell Parks and Recreation,21.215,26.519,42678.318,26.5 mi,3182,53.033,53 mins,1.25,30,ESTIMATED,,,35.888429,-78.736941,183
2110,37183053724.0,Beech Bluff County Park,21.179,26.473,42604.585,26.5 mi,3177,52.95,53 mins,1.25,30,ESTIMATED,,,35.888429,-78.736941,183
2111,37183053724.0,Wakefield Missionary Baptist,23.726,29.658,47729.886,29.7 mi,3559,59.317,59 mins,1.25,30,ESTIMATED,,,35.888429,-78.736941,183
2112,37183054219.0,Fuquay-Varina Growers Market,30.684,38.356,61727.365,38.4 mi,4603,76.717,1 hr 17 mins,1.25,30,ESTIMATED,,,35.959851,-78.506022,183
2113,37183054219.0,Pine Acres Community Center,30.731,38.414,61820.886,38.4 mi,4610,76.833,1 hr 17 mins,1.25,30,ESTIMATED,,,35.959851,-78.506022,183
2114,37183054219.0,Sherrill’s University of Cosmetology,12.08,15.1,24301.083,15.1 mi,1812,30.2,30 mins,1.25,30,ESTIMATED,,,35.959851,-78.506022,183
2115,37183054219.0,Raleigh Church of Christ,17.597,21.996,35399.909,22.0 mi,2640,44.0,44 mins,1.25,30,ESTIMATED,,,35.959851,-78.506022,183
2116,37183054219.0,The Rock Church,10.765,13.457,21656.409,13.5 mi,1615,26.917,27 mins,1.25,30,ESTIMATED,,,35.959851,-78.506022,183
2117,37183054219.0,Regeneration Temple,9.953,12.441,20021.85,12.4 mi,1493,24.883,25 mins,1.25,30,ESTIMATED,,,35.959851,-78.506022,183
2118,37183054219.0,Redeeming Love Missionary Baptist Church,15.358,19.198,30896.15,19.2 mi,2304,38.4,38 mins,1.25,30,ESTIMATED,,,35.959851,-78.506022,183
2119,37183054219.0,Historic Oak View Park,13.612,17.015,27382.975,17.0 mi,2042,34.033,34 mins,1.25,30,ESTIMATED,,,35.959851,-78.506022,183
2120,37183054219.0,Poe Center for Health Ed.,13.22,16.524,26593.55,16.5 mi,1983,33.05,33 mins,1.25,30,ESTIMATED,,,35.959851,-78.506022,183
2121,37183054219.0,New Hope Baptist Church,8.919,11.149,17942.979,11.1 mi,1338,22.3,22 mins,1.25,30,ESTIMATED,,,35.959851,-78.506022,183
2122,37183054219.0,Wake County Public Health,13.224,16.53,26602.481,16.5 mi,1984,33.067,33 mins,1.25,30,ESTIMATED,,,35.959851,-78.506022,183
2123,37183054219.0,Peach Road Community Center,17.167,21.459,34534.989,21.5 mi,2575,42.917,43 mins,1.25,30,ESTIMATED,,,35.959851,-78.506022,183
2124,37183054219.0,Wake County Northern Regional Center,0.757,0.946,1522.149,0.9 mi,113,1.883,2 mins,1.25,30,ESTIMATED,,,35.959851,-78.506022,183
2125,37183054219.0,Wendell Parks and Recreation,14.099,17.624,28362.713,17.6 mi,2115,35.25,35 mins,1.25,30,ESTIMATED,,,35.959851,-78.506022,183
2126,37183054219.0,Beech Bluff County Park,27.629,34.536,55580.6,34.5 mi,4144,69.067,1 hr 9 mins,1.25,30,ESTIMATED,,,35.959851,-78.506022,183
2127,37183054219.0,Wakefield Missionary Baptist,13.424,16.78,27004.248,16.8 mi,2014,33.567,34 mins,1.25,30,ESTIMATED,,,35.959851,-78.506022,183
2128,37183052810.0,Fuquay-Varina Growers Market,17.824,22.28,35856.591,22.3 mi,2674,44.567,45 mins,1.25,30,ESTIMATED,,,35.732011,-78.538986,183
2129,37183052810.0,Pine Acres Community Center,17.847,22.308,35901.905,22.3 mi,2677,44.617,45 mins,1.25,30,ESTIMATED,,,35.732011,-78.538986,183
2130,37183052810.0,Sherrill’s University of Cosmetology,5.228,6.534,10516.202,6.5 mi,784,13.067,13 mins,1.25,30,ESTIMATED,,,35.732011,-78.538986,183
2131,37183052810.0,Raleigh Church of Christ,10.74,13.425,21604.674,13.4 mi,1611,26.85,27 mins,1.25,30,ESTIMATED,,,35.732011,-78.538986,183
2132,37183052810.0,The Rock Church,6.633,8.291,13342.742,8.3 mi,995,16.583,17 mins,1.25,30,ESTIMATED,,,35.732011,-78.538986,183
2133,37183052810.0,Regeneration Temple,8.098,10.123,16290.959,10.1 mi,1215,20.25,20 mins,1.25,30,ESTIMATED,,,35.732011,-78.538986,183
2134,37183052810.0,Redeeming Love Missionary Baptist Church,3.1,3.875,6236.892,3.9 mi,465,7.75,8 mins,1.25,30,ESTIMATED,,,35.732011,-78.538986,183
2135,37183052810.0,Historic Oak View Park,3.222,4.027,6480.797,4.0 mi,483,8.05,8 mins,1.25,30,ESTIMATED,,,35.732011,-78.538986,183
2136,37183052810.0,Poe Center for Health Ed.,4.117,5.147,8282.942,5.1 mi,618,10.3,10 mins,1.25,30,ESTIMATED,,,35.732011,-78.538986,183
2137,37183052810.0,New Hope Baptist Church,7.967,9.958,16026.537,10.0 mi,1195,19.917,20 mins,1.25,30,ESTIMATED,,,35.732011,-78.538986,183
2138,37183052810.0,Wake County Public Health,4.25,5.313,8549.972,5.3 mi,638,10.633,11 mins,1.25,30,ESTIMATED,,,35.732011,-78.538986,183
2139,37183052810.0,Peach Road Community Center,6.535,8.169,13146.552,8.2 mi,980,16.333,16 mins,1.25,30,ESTIMATED,,,35.732011,-78.538986,183
2140,37183052810.0,Wake County Northern Regional Center,16.525,20.656,33243.117,20.7 mi,2479,41.317,41 mins,1.25,30,ESTIMATED,,,35.732011,-78.538986,183
2141,37183052810.0,Wendell Parks and Recreation,9.498,11.872,19106.841,11.9 mi,1425,23.75,24 mins,1.25,30,ESTIMATED,,,35.732011,-78.538986,183
2142,37183052810.0,Beech Bluff County Park,12.826,16.033,25802.735,16.0 mi,1924,32.067,32 mins,1.25,30,ESTIMATED,,,35.732011,-78.538986,183
2143,37183052810.0,Wakefield Missionary Baptist,14.476,18.095,29120.756,18.1 mi,2171,36.183,36 mins,1.25,30,ESTIMATED,,,35.732011,-78.538986,183
2144,37183053609.0,Fuquay-Varina Growers Market,18.355,22.944,36924.644,22.9 mi,2753,45.883,46 mins,1.25,30,ESTIMATED,,,35.850546,-78.818786,183
2145,37183053609.0,Pine Acres Community Center,18.423,23.029,37062.18,23.0 mi,2764,46.067,46 mins,1.25,30,ESTIMATED,,,35.850546,-78.818786,183
2146,37183053609.0,Sherrill’s University of Cosmetology,13.556,16.945,27270.371,16.9 mi,2033,33.883,34 mins,1.25,30,ESTIMATED,,,35.850546,-78.818786,183
2147,37183053609.0,Raleigh Church of Christ,7.468,9.335,15022.799,9.3 mi,1120,18.667,19 mins,1.25,30,ESTIMATED,,,35.850546,-78.818786,183
2148,37183053609.0,The Rock Church,13.073,16.342,26299.377,16.3 mi,1961,32.683,33 mins,1.25,30,ESTIMATED,,,35.850546,-78.818786,183
2149,37183053609.0,Regeneration Temple,12.241,15.301,24625.102,15.3 mi,1836,30.6,31 mins,1.25,30,ESTIMATED,,,35.850546,-78.818786,183
2150,37183053609.0,Redeeming Love Missionary Baptist Church,14.613,18.267,29397.639,18.3 mi,2192,36.533,37 mins,1.25,30,ESTIMATED,,,35.850546,-78.818786,183
2151,37183053609.0,Historic Oak View Park,14.904,18.631,29982.983,18.6 mi,2236,37.267,37 mins,1.25,30,ESTIMATED,,,35.850546,-78.818786,183
2152,37183053609.0,Poe Center for Health Ed.,14.057,17.572,28278.833,17.6 mi,2109,35.15,35 mins,1.25,30,ESTIMATED,,,35.850546,-78.818786,183
2153,37183053609.0,New Hope Baptist Church,13.655,17.069,27469.662,17.1 mi,2048,34.133,34 mins,1.25,30,ESTIMATED,,,35.850546,-78.818786,183
2154,37183053609.0,Wake County Public Health,13.898,17.372,27957.922,17.4 mi,2085,34.75,35 mins,1.25,30,ESTIMATED,,,35.850546,-78.818786,183
2155,37183053609.0,Peach Road Community Center,11.837,14.796,23811.303,14.8 mi,1775,29.583,30 mins,1.25,30,ESTIMATED,,,35.850546,-78.818786,183
2156,37183053609.0,Wake County Northern Regional Center,19.111,23.889,38445.081,23.9 mi,2867,47.783,48 mins,1.25,30,ESTIMATED,,,35.850546,-78.818786,183
2157,37183053609.0,Wendell Parks and Recreation,24.95,31.188,50192.015,31.2 mi,3743,62.383,1 hr 2 mins,1.25,30,ESTIMATED,,,35.850546,-78.818786,183
2158,37183053609.0,Beech Bluff County Park,19.915,24.893,40061.904,24.9 mi,2987,49.783,50 mins,1.25,30,ESTIMATED,,,35.850546,-78.818786,183
2159,37183053609.0,Wakefield Missionary Baptist,28.086,35.108,56500.582,35.1 mi,4213,70.217,1 hr 10 mins,1.25,30,ESTIMATED,,,35.850546,-78.818786,183
2160,37183053431.0,Fuquay-Varina Growers Market,8.478,10.598,17055.05,10.6 mi,1272,21.2,21 mins,1.25,30,ESTIMATED,,,35.706102,-78.82678,183
2161,37183053431.0,Pine Acres Community Center,8.548,10.685,17195.345,10.7 mi,1282,21.367,21 mins,1.25,30,ESTIMATED,,,35.706102,-78.82678,183
2162,37183053431.0,Sherrill’s University of Cosmetology,14.91,18.638,29995.057,18.6 mi,2237,37.283,37 mins,1.25,30,ESTIMATED,,,35.706102,-78.82678,183
2163,37183053431.0,Raleigh Church of Christ,7.547,9.433,15181.146,9.4 mi,1132,18.867,19 mins,1.25,30,ESTIMATED,,,35.706102,-78.82678,183
2164,37183053431.0,The Rock Church,15.469,19.336,31118.249,19.3 mi,2320,38.667,39 mins,1.25,30,ESTIMATED,,,35.706102,-78.82678,183
2165,37183053431.0,Regeneration Temple,15.605,19.506,31391.904,19.5 mi,2341,39.017,39 mins,1.25,30,ESTIMATED,,,35.706102,-78.82678,183
2166,37183053431.0,Redeeming Love Missionary Baptist Church,13.573,16.966,27304.154,17.0 mi,2036,33.933,34 mins,1.25,30,ESTIMATED,,,35.706102,-78.82678,183
2167,37183053431.0,Historic Oak View Park,14.964,18.705,30103.133,18.7 mi,2245,37.417,37 mins,1.25,30,ESTIMATED,,,35.706102,-78.82678,183
2168,37183053431.0,Poe Center for Health Ed.,14.531,18.164,29232.175,18.2 mi,2180,36.333,36 mins,1.25,30,ESTIMATED,,,35.706102,-78.82678,183
2169,37183053431.0,New Hope Baptist Church,17.005,21.256,34208.269,21.3 mi,2551,42.517,43 mins,1.25,30,ESTIMATED,,,35.706102,-78.82678,183
2170,37183053431.0,Wake County Public Health,14.406,18.008,28980.532,18.0 mi,2161,36.017,36 mins,1.25,30,ESTIMATED,,,35.706102,-78.82678,183
2171,37183053431.0,Peach Road Community Center,9.972,12.465,20060.861,12.5 mi,1496,24.933,25 mins,1.25,30,ESTIMATED,,,35.706102,-78.82678,183
2172,37183053431.0,Wake County Northern Regional Center,25.414,31.768,51125.332,31.8 mi,3812,63.533,1 hr 4 mins,1.25,30,ESTIMATED,,,35.706102,-78.82678,183
2173,37183053431.0,Wendell Parks and Recreation,25.526,31.908,51350.361,31.9 mi,3829,63.817,1 hr 4 mins,1.25,30,ESTIMATED,,,35.706102,-78.82678,183
2174,37183053431.0,Beech Bluff County Park,11.748,14.685,23632.639,14.7 mi,1762,29.367,29 mins,1.25,30,ESTIMATED,,,35.706102,-78.82678,183
2175,37183053431.0,Wakefield Missionary Baptist,30.006,37.508,60363.304,37.5 mi,4501,75.017,1 hr 15 mins,1.25,30,ESTIMATED,,,35.706102,-78.82678,183
2176,37183054020.0,Fuquay-Varina Growers Market,26.103,32.628,52510.036,32.6 mi,3915,65.25,1 hr 5 mins,1.25,30,ESTIMATED,,,35.913043,-78.568592,183
2177,37183054020.0,Pine Acres Community Center,26.151,32.689,52608.357,32.7 mi,3923,65.383,1 hr 5 mins,1.25,30,ESTIMATED,,,35.913043,-78.568592,183
2178,37183054020.0,Sherrill’s University of Cosmetology,8.047,10.059,16188.059,10.1 mi,1207,20.117,20 mins,1.25,30,ESTIMATED,,,35.913043,-78.568592,183
2179,37183054020.0,Raleigh Church of Christ,12.844,16.055,25838.632,16.1 mi,1927,32.117,32 mins,1.25,30,ESTIMATED,,,35.913043,-78.568592,183
2180,37183054020.0,The Rock Church,6.584,8.23,13244.562,8.2 mi,988,16.467,16 mins,1.25,30,ESTIMATED,,,35.913043,-78.568592,183
2181,37183054020.0,Regeneration Temple,5.492,6.865,11048.148,6.9 mi,824,13.733,14 mins,1.25,30,ESTIMATED,,,35.913043,-78.568592,183
2182,37183054020.0,Redeeming Love Missionary Baptist Church,11.444,14.305,23021.435,14.3 mi,1717,28.617,29 mins,1.25,30,ESTIMATED,,,35.913043,-78.568592,183
2183,37183054020.0,Historic Oak View Park,9.87,12.338,19855.331,12.3 mi,1481,24.683,25 mins,1.25,30,ESTIMATED,,,35.913043,-78.568592,183
2184,37183054020.0,Poe Center for Health Ed.,9.286,11.608,18681.333,11.6 mi,1393,23.217,23 mins,1.25,30,ESTIMATED,,,35.913043,-78.568592,183
2185,37183054020.0,New Hope Baptist Church,4.817,6.021,9690.407,6.0 mi,723,12.05,12 mins,1.25,30,ESTIMATED,,,35.913043,-78.568592,183
2186,37183054020.0,Wake County Public Health,9.253,11.566,18613.324,11.6 mi,1388,23.133,23 mins,1.25,30,ESTIMATED,,,35.913043,-78.568592,183
2187,37183054020.0,Peach Road Community Center,12.728,15.909,25603.821,15.9 mi,1909,31.817,32 mins,1.25,30,ESTIMATED,,,35.913043,-78.568592,183
2188,37183054020.0,Wake County Northern Regional Center,5.097,6.371,10253.181,6.4 mi,765,12.75,13 mins,1.25,30,ESTIMATED,,,35.913043,-78.568592,183
2189,37183054020.0,Wendell Parks and Recreation,13.827,17.284,27816.45,17.3 mi,2074,34.567,35 mins,1.25,30,ESTIMATED,,,35.913043,-78.568592,183
2190,37183054020.0,Beech Bluff County Park,23.467,29.334,47208.118,29.3 mi,3520,58.667,59 mins,1.25,30,ESTIMATED,,,35.913043,-78.568592,183
2191,37183054020.0,Wakefield Missionary Baptist,14.942,18.678,30059.046,18.7 mi,2241,37.35,37 mins,1.25,30,ESTIMATED,,,35.913043,-78.568592,183
2192,37183053209.0,Fuquay-Varina Growers Market,6.562,8.203,13201.378,8.2 mi,984,16.4,16 mins,1.25,30,ESTIMATED,,,35.614293,-78.911404,183
2193,37183053209.0,Pine Acres Community Center,6.602,8.252,13280.547,8.3 mi,990,16.5,16 mins,1.25,30,ESTIMATED,,,35.614293,-78.911404,183
2194,37183053209.0,Sherrill’s University of Cosmetology,22.22,27.775,44699.055,27.8 mi,3333,55.55,56 mins,1.25,30,ESTIMATED,,,35.614293,-78.911404,183
2195,37183053209.0,Raleigh Church of Christ,15.362,19.202,30902.9,19.2 mi,2304,38.4,38 mins,1.25,30,ESTIMATED,,,35.614293,-78.911404,183
2196,37183053209.0,The Rock Church,22.983,28.728,46233.606,28.7 mi,3447,57.45,57 mins,1.25,30,ESTIMATED,,,35.614293,-78.911404,183
2197,37183053209.0,Regeneration Temple,23.289,29.112,46850.5,29.1 mi,3493,58.217,58 mins,1.25,30,ESTIMATED,,,35.614293,-78.911404,183
2198,37183053209.0,Redeeming Love Missionary Baptist Church,20.254,25.318,40745.457,25.3 mi,3038,50.633,51 mins,1.25,30,ESTIMATED,,,35.614293,-78.911404,183
2199,37183053209.0,Historic Oak View Park,21.886,27.357,44026.868,27.4 mi,3283,54.717,55 mins,1.25,30,ESTIMATED,,,35.614293,-78.911404,183
2200,37183053209.0,Poe Center for Health Ed.,21.627,27.033,43505.699,27.0 mi,3244,54.067,54 mins,1.25,30,ESTIMATED,,,35.614293,-78.911404,183
2201,37183053209.0,New Hope Baptist Church,24.63,30.787,49546.904,30.8 mi,3694,61.567,1 hr 2 mins,1.25,30,ESTIMATED,,,35.614293,-78.911404,183
2202,37183053209.0,Wake County Public Health,21.524,26.904,43298.47,26.9 mi,3229,53.817,54 mins,1.25,30,ESTIMATED,,,35.614293,-78.911404,183
2203,37183053209.0,Peach Road Community Center,16.913,21.141,34023.17,21.1 mi,2537,42.283,42 mins,1.25,30,ESTIMATED,,,35.614293,-78.911404,183
2204,37183053209.0,Wake County Northern Regional Center,33.292,41.615,66972.449,41.6 mi,4994,83.233,1 hr 23 mins,1.25,30,ESTIMATED,,,35.614293,-78.911404,183
2205,37183053209.0,Wendell Parks and Recreation,31.928,39.91,64228.199,39.9 mi,4789,79.817,1 hr 20 mins,1.25,30,ESTIMATED,,,35.614293,-78.911404,183
2206,37183053209.0,Beech Bluff County Park,13.191,16.488,26535.474,16.5 mi,1979,32.983,33 mins,1.25,30,ESTIMATED,,,35.614293,-78.911404,183
2207,37183053209.0,Wakefield Missionary Baptist,36.776,45.969,73980.567,46.0 mi,5516,91.933,1 hr 32 mins,1.25,30,ESTIMATED,,,35.614293,-78.911404,183
2208,37183053616.0,Fuquay-Varina Growers Market,15.435,19.294,31051.163,19.3 mi,2315,38.583,39 mins,1.25,30,ESTIMATED,,,35.80608,-78.842323,183
2209,37183053616.0,Pine Acres Community Center,15.505,19.381,31191.077,19.4 mi,2326,38.767,39 mins,1.25,30,ESTIMATED,,,35.80608,-78.842323,183
2210,37183053616.0,Sherrill’s University of Cosmetology,14.385,17.981,28937.341,18.0 mi,2158,35.967,36 mins,1.25,30,ESTIMATED,,,35.80608,-78.842323,183
2211,37183053616.0,Raleigh Church of Christ,7.02,8.775,14122.638,8.8 mi,1053,17.55,18 mins,1.25,30,ESTIMATED,,,35.80608,-78.842323,183
2212,37183053616.0,The Rock Church,14.243,17.804,28652.624,17.8 mi,2136,35.6,36 mins,1.25,30,ESTIMATED,,,35.80608,-78.842323,183
2213,37183053616.0,Regeneration Temple,13.71,17.138,27580.608,17.1 mi,2057,34.283,34 mins,1.25,30,ESTIMATED,,,35.80608,-78.842323,183
2214,37183053616.0,Redeeming Love Missionary Baptist Church,14.67,18.338,29511.863,18.3 mi,2201,36.683,37 mins,1.25,30,ESTIMATED,,,35.80608,-78.842323,183
2215,37183053616.0,Historic Oak View Park,15.357,19.196,30892.969,19.2 mi,2304,38.4,38 mins,1.25,30,ESTIMATED,,,35.80608,-78.842323,183
2216,37183053616.0,Poe Center for Health Ed.,14.606,18.258,29382.855,18.3 mi,2191,36.517,37 mins,1.25,30,ESTIMATED,,,35.80608,-78.842323,183
2217,37183053616.0,New Hope Baptist Church,15.191,18.989,30559.077,19.0 mi,2279,37.983,38 mins,1.25,30,ESTIMATED,,,35.80608,-78.842323,183
2218,37183053616.0,Wake County Public Health,14.449,18.061,29067.134,18.1 mi,2167,36.117,36 mins,1.25,30,ESTIMATED,,,35.80608,-78.842323,183
2219,37183053616.0,Peach Road Community Center,11.391,14.239,22915.869,14.2 mi,1709,28.483,28 mins,1.25,30,ESTIMATED,,,35.80608,-78.842323,183
2220,37183053616.0,Wake County Northern Regional Center,21.743,27.178,43739.426,27.2 mi,3261,54.35,54 mins,1.25,30,ESTIMATED,,,35.80608,-78.842323,183
2221,37183053616.0,Wendell Parks and Recreation,25.881,32.351,52063.801,32.4 mi,3882,64.7,1 hr 5 mins,1.25,30,ESTIMATED,,,35.80608,-78.842323,183
2222,37183053616.0,Beech Bluff County Park,17.775,22.219,35758.136,22.2 mi,2666,44.433,44 mins,1.25,30,ESTIMATED,,,35.80608,-78.842323,183
2223,37183053616.0,Wakefield Missionary Baptist,29.495,36.868,59334.066,36.9 mi,4424,73.733,1 hr 14 mins,1.25,30,ESTIMATED,,,35.80608,-78.842323,183
2224,37183053613.0,Fuquay-Varina Growers Market,22.625,28.281,45514.617,28.3 mi,3394,56.567,57 mins,1.25,30,ESTIMATED,,,35.912723,-78.792782,183
2225,37183053613.0,Pine Acres Community Center,22.692,28.365,45649.419,28.4 mi,3404,56.733,57 mins,1.25,30,ESTIMATED,,,35.912723,-78.792782,183
2226,37183053613.0,Sherrill’s University of Cosmetology,14.063,17.578,28289.359,17.6 mi,2109,35.15,35 mins,1.25,30,ESTIMATED,,,35.912723,-78.792782,183
2227,37183053613.0,Raleigh Church of Christ,10.258,12.822,20635.703,12.8 mi,1539,25.65,26 mins,1.25,30,ESTIMATED,,,35.912723,-78.792782,183
2228,37183053613.0,The Rock Church,13.133,16.416,26418.911,16.4 mi,1970,32.833,33 mins,1.25,30,ESTIMATED,,,35.912723,-78.792782,183
2229,37183053613.0,Regeneration Temple,11.926,14.908,23991.934,14.9 mi,1789,29.817,30 mins,1.25,30,ESTIMATED,,,35.912723,-78.792782,183
2230,37183053613.0,Redeeming Love Missionary Baptist Church,16.044,20.055,32274.831,20.1 mi,2407,40.117,40 mins,1.25,30,ESTIMATED,,,35.912723,-78.792782,183
2231,37183053613.0,Historic Oak View Park,15.811,19.763,31806.116,19.8 mi,2372,39.533,40 mins,1.25,30,ESTIMATED,,,35.912723,-78.792782,183
2232,37183053613.0,Poe Center for Health Ed.,14.902,18.627,29977.985,18.6 mi,2235,37.25,37 mins,1.25,30,ESTIMATED,,,35.912723,-78.792782,183
2233,37183053613.0,New Hope Baptist Church,13.09,16.362,26332.286,16.4 mi,1963,32.717,33 mins,1.25,30,ESTIMATED,,,35.912723,-78.792782,183
2234,37183053613.0,Wake County Public Health,14.752,18.44,29676.971,18.4 mi,2213,36.883,37 mins,1.25,30,ESTIMATED,,,35.912723,-78.792782,183
2235,37183053613.0,Peach Road Community Center,14.069,17.586,28301.687,17.6 mi,2110,35.167,35 mins,1.25,30,ESTIMATED,,,35.912723,-78.792782,183
2236,37183053613.0,Wake County Northern Regional Center,16.263,20.329,32715.671,20.3 mi,2439,40.65,41 mins,1.25,30,ESTIMATED,,,35.912723,-78.792782,183
2237,37183053613.0,Wendell Parks and Recreation,24.732,30.915,49752.585,30.9 mi,3710,61.833,1 hr 2 mins,1.25,30,ESTIMATED,,,35.912723,-78.792782,183
2238,37183053613.0,Beech Bluff County Park,23.487,29.359,47249.293,29.4 mi,3523,58.717,59 mins,1.25,30,ESTIMATED,,,35.912723,-78.792782,183
2239,37183053613.0,Wakefield Missionary Baptist,27.083,33.854,54482.089,33.9 mi,4062,67.7,1 hr 8 mins,1.25,30,ESTIMATED,,,35.912723,-78.792782,183
2240,37183052509.0,Fuquay-Varina Growers Market,17.564,21.955,35333.291,22.0 mi,2635,43.917,44 mins,1.25,30,ESTIMATED,,,35.830373,-78.716904,183
2241,37183052509.0,Pine Acres Community Center,17.624,22.03,35453.636,22.0 mi,2644,44.067,44 mins,1.25,30,ESTIMATED,,,35.830373,-78.716904,183
2242,37183052509.0,Sherrill’s University of Cosmetology,7.688,9.61,15465.325,9.6 mi,1153,19.217,19 mins,1.25,30,ESTIMATED,,,35.830373,-78.716904,183
2243,37183052509.0,Raleigh Church of Christ,3.806,4.758,7656.604,4.8 mi,571,9.517,10 mins,1.25,30,ESTIMATED,,,35.830373,-78.716904,183
2244,37183052509.0,The Rock Church,7.228,9.035,14540.138,9.0 mi,1084,18.067,18 mins,1.25,30,ESTIMATED,,,35.830373,-78.716904,183
2245,37183052509.0,Regeneration Temple,6.526,8.157,13127.863,8.2 mi,979,16.317,16 mins,1.25,30,ESTIMATED,,,35.830373,-78.716904,183
2246,37183052509.0,Redeeming Love Missionary Baptist Church,9.073,11.341,18252.339,11.3 mi,1361,22.683,23 mins,1.25,30,ESTIMATED,,,35.830373,-78.716904,183
2247,37183052509.0,Historic Oak View Park,9.126,11.408,18359.186,11.4 mi,1369,22.817,23 mins,1.25,30,ESTIMATED,,,35.830373,-78.716904,183
2248,37183052509.0,Poe Center for Health Ed.,8.253,10.316,16602.355,10.3 mi,1238,20.633,21 mins,1.25,30,ESTIMATED,,,35.830373,-78.716904,183
2249,37183052509.0,New Hope Baptist Church,7.993,9.992,16079.981,10.0 mi,1199,19.983,20 mins,1.25,30,ESTIMATED,,,35.830373,-78.716904,183
2250,37183052509.0,Wake County Public Health,8.095,10.118,16283.855,10.1 mi,1214,20.233,20 mins,1.25,30,ESTIMATED,,,35.830373,-78.716904,183
2251,37183052509.0,Peach Road Community Center,6.993,8.741,14067.524,8.7 mi,1049,17.483,17 mins,1.25,30,ESTIMATED,,,35.830373,-78.716904,183
2252,37183052509.0,Wake County Northern Regional Center,15.041,18.801,30256.9,18.8 mi,2256,37.6,38 mins,1.25,30,ESTIMATED,,,35.830373,-78.716904,183
2253,37183052509.0,Wendell Parks and Recreation,19.086,23.858,38395.633,23.9 mi,2863,47.717,48 mins,1.25,30,ESTIMATED,,,35.830373,-78.716904,183
2254,37183052509.0,Beech Bluff County Park,17.05,21.313,34299.486,21.3 mi,2558,42.633,43 mins,1.25,30,ESTIMATED,,,35.830373,-78.716904,183
2255,37183052509.0,Wakefield Missionary Baptist,22.382,27.978,45026.415,28.0 mi,3357,55.95,56 mins,1.25,30,ESTIMATED,,,35.830373,-78.716904,183
2256,37183053901.0,Fuquay-Varina Growers Market,30.526,38.157,61407.979,38.2 mi,4579,76.317,1 hr 16 mins,1.25,30,ESTIMATED,,,35.990448,-78.582895,183
2257,37183053901.0,Pine Acres Community Center,30.58,38.225,61516.811,38.2 mi,4587,76.45,1 hr 16 mins,1.25,30,ESTIMATED,,,35.990448,-78.582895,183
2258,37183053901.0,Sherrill’s University of Cosmetology,13.338,16.672,26831.768,16.7 mi,2001,33.35,33 mins,1.25,30,ESTIMATED,,,35.990448,-78.582895,183
2259,37183053901.0,Raleigh Church of Christ,16.792,20.99,33779.916,21.0 mi,2519,41.983,42 mins,1.25,30,ESTIMATED,,,35.990448,-78.582895,183
2260,37183053901.0,The Rock Church,11.84,14.8,23818.399,14.8 mi,1776,29.6,30 mins,1.25,30,ESTIMATED,,,35.990448,-78.582895,183
2261,37183053901.0,Regeneration Temple,10.584,13.229,21290.708,13.2 mi,1588,26.467,26 mins,1.25,30,ESTIMATED,,,35.990448,-78.582895,183
2262,37183053901.0,Redeeming Love Missionary Baptist Church,16.732,20.915,33658.713,20.9 mi,2510,41.833,42 mins,1.25,30,ESTIMATED,,,35.990448,-78.582895,183
2263,37183053901.0,Historic Oak View Park,15.229,19.036,30635.572,19.0 mi,2284,38.067,38 mins,1.25,30,ESTIMATED,,,35.990448,-78.582895,183
2264,37183053901.0,Poe Center for Health Ed.,14.595,18.244,29361.384,18.2 mi,2189,36.483,36 mins,1.25,30,ESTIMATED,,,35.990448,-78.582895,183
2265,37183053901.0,New Hope Baptist Church,10.161,12.701,20439.976,12.7 mi,1524,25.4,25 mins,1.25,30,ESTIMATED,,,35.990448,-78.582895,183
2266,37183053901.0,Wake County Public Health,14.548,18.184,29264.96,18.2 mi,2182,36.367,36 mins,1.25,30,ESTIMATED,,,35.990448,-78.582895,183
2267,37183053901.0,Peach Road Community Center,17.591,21.989,35387.66,22.0 mi,2639,43.983,44 mins,1.25,30,ESTIMATED,,,35.990448,-78.582895,183
2268,37183053901.0,Wake County Northern Regional Center,4.268,5.335,8585.908,5.3 mi,640,10.667,11 mins,1.25,30,ESTIMATED,,,35.990448,-78.582895,183
2269,37183053901.0,Wendell Parks and Recreation,18.264,22.83,36741.488,22.8 mi,2740,45.667,46 mins,1.25,30,ESTIMATED,,,35.990448,-78.582895,183
2270,37183053901.0,Beech Bluff County Park,28.496,35.62,57325.137,35.6 mi,4274,71.233,1 hr 11 mins,1.25,30,ESTIMATED,,,35.990448,-78.582895,183
2271,37183053901.0,Wakefield Missionary Baptist,18.138,22.672,36487.169,22.7 mi,2721,45.35,45 mins,1.25,30,ESTIMATED,,,35.990448,-78.582895,183
2272,37183054218.0,Fuquay-Varina Growers Market,26.713,33.391,53737.392,33.4 mi,4007,66.783,1 hr 7 mins,1.25,30,ESTIMATED,,,35.897208,-78.518677,183
2273,37183054218.0,Pine Acres Community Center,26.756,33.445,53823.88,33.4 mi,4013,66.883,1 hr 7 mins,1.25,30,ESTIMATED,,,35.897208,-78.518677,183
2274,37183054218.0,Sherrill’s University of Cosmetology,7.854,9.818,15800.336,9.8 mi,1178,19.633,20 mins,1.25,30,ESTIMATED,,,35.897208,-78.518677,183
2275,37183054218.0,Raleigh Church of Christ,14.196,17.745,28558.262,17.7 mi,2129,35.483,35 mins,1.25,30,ESTIMATED,,,35.897208,-78.518677,183
2276,37183054218.0,The Rock Church,6.666,8.332,13409.6,8.3 mi,1000,16.667,17 mins,1.25,30,ESTIMATED,,,35.897208,-78.518677,183
2277,37183054218.0,Regeneration Temple,6.156,7.695,12383.217,7.7 mi,923,15.383,15 mins,1.25,30,ESTIMATED,,,35.897208,-78.518677,183
2278,37183054218.0,Redeeming Love Missionary Baptist Church,11.042,13.803,22213.894,13.8 mi,1656,27.6,28 mins,1.25,30,ESTIMATED,,,35.897208,-78.518677,183
2279,37183054218.0,Historic Oak View Park,9.267,11.584,18642.53,11.6 mi,1390,23.167,23 mins,1.25,30,ESTIMATED,,,35.897208,-78.518677,183
2280,37183054218.0,Poe Center for Health Ed.,8.932,11.165,17969.007,11.2 mi,1340,22.333,22 mins,1.25,30,ESTIMATED,,,35.897208,-78.518677,183
2281,37183054218.0,New Hope Baptist Church,4.873,6.091,9802.879,6.1 mi,731,12.183,12 mins,1.25,30,ESTIMATED,,,35.897208,-78.518677,183
2282,37183054218.0,Wake County Public Health,8.951,11.188,18006.102,11.2 mi,1343,22.383,22 mins,1.25,30,ESTIMATED,,,35.897208,-78.518677,183
2283,37183054218.0,Peach Road Community Center,13.124,16.406,26402.166,16.4 mi,1969,32.817,33 mins,1.25,30,ESTIMATED,,,35.897208,-78.518677,183
2284,37183054218.0,Wake County Northern Regional Center,5.055,6.318,10168.482,6.3 mi,758,12.633,13 mins,1.25,30,ESTIMATED,,,35.897208,-78.518677,183
2285,37183054218.0,Wendell Parks and Recreation,11.04,13.8,22209.278,13.8 mi,1656,27.6,28 mins,1.25,30,ESTIMATED,,,35.897208,-78.518677,183
2286,37183054218.0,Beech Bluff County Park,23.345,29.181,46962.168,29.2 mi,3502,58.367,58 mins,1.25,30,ESTIMATED,,,35.897208,-78.518677,183
2287,37183054218.0,Wakefield Missionary Baptist,11.944,14.93,24026.886,14.9 mi,1792,29.867,30 mins,1.25,30,ESTIMATED,,,35.897208,-78.518677,183
2288,37183052813.0,Fuquay-Varina Growers Market,13.981,17.476,28124.74,17.5 mi,2097,34.95,35 mins,1.25,30,ESTIMATED,,,35.672451,-78.575478,183
2289,37183052813.0,Pine Acres Community Center,13.992,17.491,28148.299,17.5 mi,2099,34.983,35 mins,1.25,30,ESTIMATED,,,35.672451,-78.575478,183
2290,37183052813.0,Sherrill’s University of Cosmetology,8.654,10.818,17409.297,10.8 mi,1298,21.633,22 mins,1.25,30,ESTIMATED,,,35.672451,-78.575478,183
2291,37183052813.0,Raleigh Church of Christ,10.911,13.639,21949.267,13.6 mi,1637,27.283,27 mins,1.25,30,ESTIMATED,,,35.672451,-78.575478,183
2292,37183052813.0,The Rock Church,10.163,12.703,20443.889,12.7 mi,1524,25.4,25 mins,1.25,30,ESTIMATED,,,35.672451,-78.575478,183
2293,37183052813.0,Regeneration Temple,11.523,14.404,23180.662,14.4 mi,1728,28.8,29 mins,1.25,30,ESTIMATED,,,35.672451,-78.575478,183
2294,37183052813.0,Redeeming Love Missionary Baptist Church,5.312,6.64,10686.443,6.6 mi,797,13.283,13 mins,1.25,30,ESTIMATED,,,35.672451,-78.575478,183
2295,37183052813.0,Historic Oak View Park,6.758,8.448,13594.952,8.4 mi,1014,16.9,17 mins,1.25,30,ESTIMATED,,,35.672451,-78.575478,183
2296,37183052813.0,Poe Center for Health Ed.,7.391,9.239,14868.253,9.2 mi,1109,18.483,18 mins,1.25,30,ESTIMATED,,,35.672451,-78.575478,183
2297,37183052813.0,New Hope Baptist Church,11.82,14.775,23778.406,14.8 mi,1773,29.55,30 mins,1.25,30,ESTIMATED,,,35.672451,-78.575478,183
2298,37183052813.0,Wake County Public Health,7.451,9.314,14989.497,9.3 mi,1118,18.633,19 mins,1.25,30,ESTIMATED,,,35.672451,-78.575478,183
2299,37183052813.0,Peach Road Community Center,6.579,8.224,13235.579,8.2 mi,987,16.45,16 mins,1.25,30,ESTIMATED,,,35.672451,-78.575478,183
2300,37183052813.0,Wake County Northern Regional Center,20.881,26.102,42006.646,26.1 mi,3132,52.2,52 mins,1.25,30,ESTIMATED,,,35.672451,-78.575478,183
2301,37183052813.0,Wendell Parks and Recreation,13.277,16.597,26709.991,16.6 mi,1992,33.2,33 mins,1.25,30,ESTIMATED,,,35.672451,-78.575478,183
2302,37183052813.0,Beech Bluff County Park,8.372,10.465,16841.282,10.5 mi,1256,20.933,21 mins,1.25,30,ESTIMATED,,,35.672451,-78.575478,183
2303,37183052813.0,Wakefield Missionary Baptist,18.517,23.146,37250.423,23.1 mi,2778,46.3,46 mins,1.25,30,ESTIMATED,,,35.672451,-78.575478,183
2304,37183054303.0,Fuquay-Varina Growers Market,30.876,38.595,62112.14,38.6 mi,4631,77.183,1 hr 17 mins,1.25,30,ESTIMATED,,,35.880946,-78.387336,183
2305,37183054303.0,Pine Acres Community Center,30.906,38.632,62172.86,38.6 mi,4636,77.267,1 hr 17 mins,1.25,30,ESTIMATED,,,35.880946,-78.387336,183
2306,37183054303.0,Sherrill’s University of Cosmetology,12.528,15.659,25201.397,15.7 mi,1879,31.317,31 mins,1.25,30,ESTIMATED,,,35.880946,-78.387336,183
2307,37183054303.0,Raleigh Church of Christ,20.159,25.199,40553.347,25.2 mi,3024,50.4,50 mins,1.25,30,ESTIMATED,,,35.880946,-78.387336,183
2308,37183054303.0,The Rock Church,12.055,15.068,24250.326,15.1 mi,1808,30.133,30 mins,1.25,30,ESTIMATED,,,35.880946,-78.387336,183
2309,37183054303.0,Regeneration Temple,12.316,15.395,24775.349,15.4 mi,1847,30.783,31 mins,1.25,30,ESTIMATED,,,35.880946,-78.387336,183
2310,37183054303.0,Redeeming Love Missionary Baptist Church,14.61,18.262,29390.026,18.3 mi,2191,36.517,37 mins,1.25,30,ESTIMATED,,,35.880946,-78.387336,183
2311,37183054303.0,Historic Oak View Park,12.863,16.079,25876.163,16.1 mi,1929,32.15,32 mins,1.25,30,ESTIMATED,,,35.880946,-78.387336,183
2312,37183054303.0,Poe Center for Health Ed.,13.06,16.325,26272.233,16.3 mi,1959,32.65,33 mins,1.25,30,ESTIMATED,,,35.880946,-78.387336,183
2313,37183054303.0,New Hope Baptist Church,10.828,13.536,21783.435,13.5 mi,1624,27.067,27 mins,1.25,30,ESTIMATED,,,35.880946,-78.387336,183
2314,37183054303.0,Wake County Public Health,13.162,16.452,26477.343,16.5 mi,1974,32.9,33 mins,1.25,30,ESTIMATED,,,35.880946,-78.387336,183
2315,37183054303.0,Peach Road Community Center,17.774,22.218,35755.69,22.2 mi,2666,44.433,44 mins,1.25,30,ESTIMATED,,,35.880946,-78.387336,183
2316,37183054303.0,Wake County Northern Regional Center,9.256,11.57,18620.125,11.6 mi,1388,23.133,23 mins,1.25,30,ESTIMATED,,,35.880946,-78.387336,183
2317,37183054303.0,Wendell Parks and Recreation,6.809,8.511,13697.166,8.5 mi,1021,17.017,17 mins,1.25,30,ESTIMATED,,,35.880946,-78.387336,183
2318,37183054303.0,Beech Bluff County Park,26.17,32.712,52644.66,32.7 mi,3925,65.417,1 hr 5 mins,1.25,30,ESTIMATED,,,35.880946,-78.387336,183
2319,37183054303.0,Wakefield Missionary Baptist,4.837,6.046,9730.584,6.0 mi,726,12.1,12 mins,1.25,30,ESTIMATED,,,35.880946,-78.387336,183
2320,37183054502.0,Fuquay-Varina Growers Market,14.261,17.827,28688.98,17.8 mi,2139,35.65,36 mins,1.25,30,ESTIMATED,,,35.750195,-78.647316,183
2321,37183054502.0,Pine Acres Community Center,14.303,17.879,28774.011,17.9 mi,2146,35.767,36 mins,1.25,30,ESTIMATED,,,35.750195,-78.647316,183
2322,37183054502.0,Sherrill’s University of Cosmetology,4.745,5.932,9546.303,5.9 mi,712,11.867,12 mins,1.25,30,ESTIMATED,,,35.750195,-78.647316,183
2323,37183054502.0,Raleigh Church of Christ,4.583,5.728,9218.745,5.7 mi,687,11.45,11 mins,1.25,30,ESTIMATED,,,35.750195,-78.647316,183
2324,37183054502.0,The Rock Church,5.789,7.237,11646.464,7.2 mi,868,14.467,14 mins,1.25,30,ESTIMATED,,,35.750195,-78.647316,183
2325,37183054502.0,Regeneration Temple,6.601,8.251,13278.843,8.3 mi,990,16.5,16 mins,1.25,30,ESTIMATED,,,35.750195,-78.647316,183
2326,37183054502.0,Redeeming Love Missionary Baptist Church,3.19,3.988,6417.99,4.0 mi,479,7.983,8 mins,1.25,30,ESTIMATED,,,35.750195,-78.647316,183
2327,37183054502.0,Historic Oak View Park,4.448,5.56,8948.014,5.6 mi,667,11.117,11 mins,1.25,30,ESTIMATED,,,35.750195,-78.647316,183
2328,37183054502.0,Poe Center for Health Ed.,4.085,5.107,8218.558,5.1 mi,613,10.217,10 mins,1.25,30,ESTIMATED,,,35.750195,-78.647316,183
2329,37183054502.0,New Hope Baptist Church,7.613,9.516,15314.084,9.5 mi,1142,19.033,19 mins,1.25,30,ESTIMATED,,,35.750195,-78.647316,183
2330,37183054502.0,Wake County Public Health,3.979,4.974,8004.325,5.0 mi,597,9.95,10 mins,1.25,30,ESTIMATED,,,35.750195,-78.647316,183
2331,37183054502.0,Peach Road Community Center,0.671,0.839,1349.862,0.8 mi,101,1.683,2 mins,1.25,30,ESTIMATED,,,35.750195,-78.647316,183
2332,37183054502.0,Wake County Northern Regional Center,17.007,21.259,34213.359,21.3 mi,2551,42.517,43 mins,1.25,30,ESTIMATED,,,35.750195,-78.647316,183
2333,37183054502.0,Wendell Parks and Recreation,15.072,18.84,30320.659,18.8 mi,2261,37.683,38 mins,1.25,30,ESTIMATED,,,35.750195,-78.647316,183
2334,37183054502.0,Beech Bluff County Park,11.52,14.4,23174.676,14.4 mi,1728,28.8,29 mins,1.25,30,ESTIMATED,,,35.750195,-78.647316,183
2335,37183054502.0,Wakefield Missionary Baptist,19.493,24.366,39213.351,24.4 mi,2924,48.733,49 mins,1.25,30,ESTIMATED,,,35.750195,-78.647316,183
2336,37183053620.0,Fuquay-Varina Growers Market,17.607,22.009,35419.405,22.0 mi,2641,44.017,44 mins,1.25,30,ESTIMATED,,,35.83505,-78.862618,183
2337,37183053620.0,Pine Acres Community Center,17.677,22.096,35559.995,22.1 mi,2652,44.2,44 mins,1.25,30,ESTIMATED,,,35.83505,-78.862618,183
2338,37183053620.0,Sherrill’s University of Cosmetology,15.723,19.654,31629.908,19.7 mi,2358,39.3,39 mins,1.25,30,ESTIMATED,,,35.83505,-78.862618,183
2339,37183053620.0,Raleigh Church of Christ,8.846,11.057,17795.272,11.1 mi,1327,22.117,22 mins,1.25,30,ESTIMATED,,,35.83505,-78.862618,183
2340,37183053620.0,The Rock Church,15.388,19.235,30955.916,19.2 mi,2308,38.467,38 mins,1.25,30,ESTIMATED,,,35.83505,-78.862618,183
2341,37183053620.0,Regeneration Temple,14.668,18.335,29507.054,18.3 mi,2200,36.667,37 mins,1.25,30,ESTIMATED,,,35.83505,-78.862618,183
2342,37183053620.0,Redeeming Love Missionary Baptist Church,16.387,20.483,32964.445,20.5 mi,2458,40.967,41 mins,1.25,30,ESTIMATED,,,35.83505,-78.862618,183
2343,37183053620.0,Historic Oak View Park,16.895,21.118,33986.844,21.1 mi,2534,42.233,42 mins,1.25,30,ESTIMATED,,,35.83505,-78.862618,183
2344,37183053620.0,Poe Center for Health Ed.,16.092,20.115,32371.192,20.1 mi,2414,40.233,40 mins,1.25,30,ESTIMATED,,,35.83505,-78.862618,183
2345,37183053620.0,New Hope Baptist Church,16.114,20.142,32415.283,20.1 mi,2417,40.283,40 mins,1.25,30,ESTIMATED,,,35.83505,-78.862618,183
2346,37183053620.0,Wake County Public Health,15.932,19.915,32050.735,19.9 mi,2390,39.833,40 mins,1.25,30,ESTIMATED,,,35.83505,-78.862618,183
2347,37183053620.0,Peach Road Community Center,13.285,16.606,26725.437,16.6 mi,1993,33.217,33 mins,1.25,30,ESTIMATED,,,35.83505,-78.862618,183
2348,37183053620.0,Wake County Northern Regional Center,21.788,27.234,43829.646,27.2 mi,3268,54.467,54 mins,1.25,30,ESTIMATED,,,35.83505,-78.862618,183
2349,37183053620.0,Wendell Parks and Recreation,27.205,34.006,54728.147,34.0 mi,4081,68.017,1 hr 8 mins,1.25,30,ESTIMATED,,,35.83505,-78.862618,183
2350,37183053620.0,Beech Bluff County Park,20.077,25.096,40387.819,25.1 mi,3011,50.183,50 mins,1.25,30,ESTIMATED,,,35.83505,-78.862618,183
2351,37183053620.0,Wakefield Missionary Baptist,30.536,38.17,61428.647,38.2 mi,4580,76.333,1 hr 16 mins,1.25,30,ESTIMATED,,,35.83505,-78.862618,183
2352,37183053011.0,Fuquay-Varina Growers Market,12.443,15.554,25031.81,15.6 mi,1866,31.1,31 mins,1.25,30,ESTIMATED,,,35.755392,-78.727245,183
2353,37183053011.0,Pine Acres Community Center,12.501,15.626,25147.086,15.6 mi,1875,31.25,31 mins,1.25,30,ESTIMATED,,,35.755392,-78.727245,183
2354,37183053011.0,Sherrill’s University of Cosmetology,8.441,10.552,16981.014,10.6 mi,1266,21.1,21 mins,1.25,30,ESTIMATED,,,35.755392,-78.727245,183
2355,37183053011.0,Raleigh Church of Christ,1.411,1.764,2838.109,1.8 mi,212,3.533,4 mins,1.25,30,ESTIMATED,,,35.755392,-78.727245,183
2356,37183053011.0,The Rock Church,8.931,11.164,17966.476,11.2 mi,1340,22.333,22 mins,1.25,30,ESTIMATED,,,35.755392,-78.727245,183
2357,37183053011.0,Regeneration Temple,9.098,11.373,18302.312,11.4 mi,1365,22.75,23 mins,1.25,30,ESTIMATED,,,35.755392,-78.727245,183
2358,37183053011.0,Redeeming Love Missionary Baptist Church,7.685,9.606,15459.699,9.6 mi,1153,19.217,19 mins,1.25,30,ESTIMATED,,,35.755392,-78.727245,183
2359,37183053011.0,Historic Oak View Park,8.769,10.961,17639.55,11.0 mi,1315,21.917,22 mins,1.25,30,ESTIMATED,,,35.755392,-78.727245,183
2360,37183053011.0,Poe Center for Health Ed.,8.207,10.259,16510.586,10.3 mi,1231,20.517,21 mins,1.25,30,ESTIMATED,,,35.755392,-78.727245,183
2361,37183053011.0,New Hope Baptist Church,10.476,13.095,21074.962,13.1 mi,1571,26.183,26 mins,1.25,30,ESTIMATED,,,35.755392,-78.727245,183
2362,37183053011.0,Wake County Public Health,8.069,10.086,16231.731,10.1 mi,1210,20.167,20 mins,1.25,30,ESTIMATED,,,35.755392,-78.727245,183
2363,37183053011.0,Peach Road Community Center,4.159,5.198,8365.693,5.2 mi,624,10.4,10 mins,1.25,30,ESTIMATED,,,35.755392,-78.727245,183
2364,37183053011.0,Wake County Northern Regional Center,19.155,23.944,38533.383,23.9 mi,2873,47.883,48 mins,1.25,30,ESTIMATED,,,35.755392,-78.727245,183
2365,37183053011.0,Wendell Parks and Recreation,19.477,24.346,39180.957,24.3 mi,2922,48.7,49 mins,1.25,30,ESTIMATED,,,35.755392,-78.727245,183
2366,37183053011.0,Beech Bluff County Park,12.043,15.054,24226.682,15.1 mi,1806,30.1,30 mins,1.25,30,ESTIMATED,,,35.755392,-78.727245,183
2367,37183053011.0,Wakefield Missionary Baptist,23.691,29.614,47659.682,29.6 mi,3554,59.233,59 mins,1.25,30,ESTIMATED,,,35.755392,-78.727245,183
2368,37183053727.0,Fuquay-Varina Growers Market,19.862,24.828,39956.653,24.8 mi,2979,49.65,50 mins,1.25,30,ESTIMATED,,,35.867519,-78.732658,183
2369,37183053727.0,Pine Acres Community Center,19.925,24.906,40082.305,24.9 mi,2989,49.817,50 mins,1.25,30,ESTIMATED,,,35.867519,-78.732658,183
2370,37183053727.0,Sherrill’s University of Cosmetology,9.544,11.93,19199.319,11.9 mi,1432,23.867,24 mins,1.25,30,ESTIMATED,,,35.867519,-78.732658,183
2371,37183053727.0,Raleigh Church of Christ,6.382,7.977,12837.559,8.0 mi,957,15.95,16 mins,1.25,30,ESTIMATED,,,35.867519,-78.732658,183
2372,37183053727.0,The Rock Church,8.732,10.915,17565.442,10.9 mi,1310,21.833,22 mins,1.25,30,ESTIMATED,,,35.867519,-78.732658,183
2373,37183053727.0,Regeneration Temple,7.663,9.578,15414.941,9.6 mi,1149,19.15,19 mins,1.25,30,ESTIMATED,,,35.867519,-78.732658,183
2374,37183053727.0,Redeeming Love Missionary Baptist Church,11.457,14.321,23047.44,14.3 mi,1719,28.65,29 mins,1.25,30,ESTIMATED,,,35.867519,-78.732658,183
2375,37183053727.0,Historic Oak View Park,11.238,14.048,22607.788,14.0 mi,1686,28.1,28 mins,1.25,30,ESTIMATED,,,35.867519,-78.732658,183
2376,37183053727.0,Poe Center for Health Ed.,10.332,12.916,20785.529,12.9 mi,1550,25.833,26 mins,1.25,30,ESTIMATED,,,35.867519,-78.732658,183
2377,37183053727.0,New Hope Baptist Church,8.976,11.22,18057.346,11.2 mi,1346,22.433,22 mins,1.25,30,ESTIMATED,,,35.867519,-78.732658,183
2378,37183053727.0,Wake County Public Health,10.181,12.726,20480.719,12.7 mi,1527,25.45,25 mins,1.25,30,ESTIMATED,,,35.867519,-78.732658,183
2379,37183053727.0,Peach Road Community Center,9.671,12.089,19455.859,12.1 mi,1451,24.183,24 mins,1.25,30,ESTIMATED,,,35.867519,-78.732658,183
2380,37183053727.0,Wake County Northern Regional Center,14.293,17.867,28753.641,17.9 mi,2144,35.733,36 mins,1.25,30,ESTIMATED,,,35.867519,-78.732658,183
2381,37183053727.0,Wendell Parks and Recreation,20.534,25.667,41307.332,25.7 mi,3080,51.333,51 mins,1.25,30,ESTIMATED,,,35.867519,-78.732658,183
2382,37183053727.0,Beech Bluff County Park,19.714,24.643,39658.657,24.6 mi,2957,49.283,49 mins,1.25,30,ESTIMATED,,,35.867519,-78.732658,183
2383,37183053727.0,Wakefield Missionary Baptist,23.329,29.161,46930.661,29.2 mi,3499,58.317,58 mins,1.25,30,ESTIMATED,,,35.867519,-78.732658,183
2384,37183054116.0,Fuquay-Varina Growers Market,23.293,29.117,46858.81,29.1 mi,3494,58.233,58 mins,1.25,30,ESTIMATED,,,35.849191,-78.541723,183
2385,37183054116.0,Pine Acres Community Center,23.334,29.168,46940.83,29.2 mi,3500,58.333,58 mins,1.25,30,ESTIMATED,,,35.849191,-78.541723,183
2386,37183054116.0,Sherrill’s University of Cosmetology,4.348,5.435,8747.115,5.4 mi,652,10.867,11 mins,1.25,30,ESTIMATED,,,35.849191,-78.541723,183
2387,37183054116.0,Raleigh Church of Christ,11.355,14.194,22843.101,14.2 mi,1703,28.383,28 mins,1.25,30,ESTIMATED,,,35.849191,-78.541723,183
2388,37183054116.0,The Rock Church,3.349,4.186,6736.15,4.2 mi,502,8.367,8 mins,1.25,30,ESTIMATED,,,35.849191,-78.541723,183
2389,37183054116.0,Regeneration Temple,3.397,4.247,6834.656,4.2 mi,510,8.5,8 mins,1.25,30,ESTIMATED,,,35.849191,-78.541723,183
2390,37183054116.0,Redeeming Love Missionary Baptist Church,7.483,9.353,15052.873,9.4 mi,1122,18.7,19 mins,1.25,30,ESTIMATED,,,35.849191,-78.541723,183
2391,37183054116.0,Historic Oak View Park,5.713,7.141,11492.288,7.1 mi,857,14.283,14 mins,1.25,30,ESTIMATED,,,35.849191,-78.541723,183
2392,37183054116.0,Poe Center for Health Ed.,5.38,6.725,10822.893,6.7 mi,807,13.45,13 mins,1.25,30,ESTIMATED,,,35.849191,-78.541723,183
2393,37183054116.0,New Hope Baptist Church,1.911,2.389,3844.797,2.4 mi,287,4.783,5 mins,1.25,30,ESTIMATED,,,35.849191,-78.541723,183
2394,37183054116.0,Wake County Public Health,5.405,6.756,10872.376,6.8 mi,811,13.517,14 mins,1.25,30,ESTIMATED,,,35.849191,-78.541723,183
2395,37183054116.0,Peach Road Community Center,9.715,12.144,19543.248,12.1 mi,1457,24.283,24 mins,1.25,30,ESTIMATED,,,35.849191,-78.541723,183
2396,37183054116.0,Wake County Northern Regional Center,8.53,10.663,17160.313,10.7 mi,1280,21.333,21 mins,1.25,30,ESTIMATED,,,35.849191,-78.541723,183
2397,37183054116.0,Wendell Parks and Recreation,10.093,12.616,20304.158,12.6 mi,1514,25.233,25 mins,1.25,30,ESTIMATED,,,35.849191,-78.541723,183
2398,37183054116.0,Beech Bluff County Park,19.786,24.733,39803.962,24.7 mi,2968,49.467,49 mins,1.25,30,ESTIMATED,,,35.849191,-78.541723,183
2399,37183054116.0,Wakefield Missionary Baptist,12.576,15.72,25298.604,15.7 mi,1886,31.433,31 mins,1.25,30,ESTIMATED,,,35.849191,-78.541723,183
2400,37183052814.0,Fuquay-Varina Growers Market,13.244,16.555,26643.136,16.6 mi,1987,33.117,33 mins,1.25,30,ESTIMATED,,,35.679273,-78.594592,183
2401,37183052814.0,Pine Acres Community Center,13.261,16.576,26675.965,16.6 mi,1989,33.15,33 mins,1.25,30,ESTIMATED,,,35.679273,-78.594592,183
2402,37183052814.0,Sherrill’s University of Cosmetology,8.178,10.222,16451.297,10.2 mi,1227,20.45,20 mins,1.25,30,ESTIMATED,,,35.679273,-78.594592,183
2403,37183052814.0,Raleigh Church of Christ,9.797,12.246,19707.775,12.2 mi,1470,24.5,24 mins,1.25,30,ESTIMATED,,,35.679273,-78.594592,183
2404,37183052814.0,The Rock Church,9.67,12.088,19453.394,12.1 mi,1451,24.183,24 mins,1.25,30,ESTIMATED,,,35.679273,-78.594592,183
2405,37183052814.0,Regeneration Temple,10.97,13.712,22067.137,13.7 mi,1645,27.417,27 mins,1.25,30,ESTIMATED,,,35.679273,-78.594592,183
2406,37183052814.0,Redeeming Love Missionary Baptist Church,4.779,5.974,9614.784,6.0 mi,717,11.95,12 mins,1.25,30,ESTIMATED,,,35.679273,-78.594592,183
2407,37183052814.0,Historic Oak View Park,6.411,8.014,12897.144,8.0 mi,962,16.033,16 mins,1.25,30,ESTIMATED,,,35.679273,-78.594592,183
2408,37183052814.0,Poe Center for Health Ed.,6.931,8.664,13943.287,8.7 mi,1040,17.333,17 mins,1.25,30,ESTIMATED,,,35.679273,-78.594592,183
2409,37183052814.0,New Hope Baptist Church,11.401,14.251,22935.494,14.3 mi,1710,28.5,28 mins,1.25,30,ESTIMATED,,,35.679273,-78.594592,183
2410,37183052814.0,Wake County Public Health,6.969,8.711,14018.858,8.7 mi,1045,17.417,17 mins,1.25,30,ESTIMATED,,,35.679273,-78.594592,183
2411,37183052814.0,Peach Road Community Center,5.527,6.909,11118.554,6.9 mi,829,13.817,14 mins,1.25,30,ESTIMATED,,,35.679273,-78.594592,183
2412,37183052814.0,Wake County Northern Regional Center,20.634,25.793,41509.379,25.8 mi,3095,51.583,52 mins,1.25,30,ESTIMATED,,,35.679273,-78.594592,183
2413,37183052814.0,Wendell Parks and Recreation,13.922,17.402,28006.333,17.4 mi,2088,34.8,35 mins,1.25,30,ESTIMATED,,,35.679273,-78.594592,183
2414,37183052814.0,Beech Bluff County Park,8.038,10.047,16169.357,10.0 mi,1206,20.1,20 mins,1.25,30,ESTIMATED,,,35.679273,-78.594592,183
2415,37183052814.0,Wakefield Missionary Baptist,19.088,23.86,38398.363,23.9 mi,2863,47.717,48 mins,1.25,30,ESTIMATED,,,35.679273,-78.594592,183
2416,37183053429.0,Fuquay-Varina Growers Market,11.257,14.071,22644.797,14.1 mi,1688,28.133,28 mins,1.25,30,ESTIMATED,,,35.743391,-78.848719,183
2417,37183053429.0,Pine Acres Community Center,11.327,14.158,22785.753,14.2 mi,1699,28.317,28 mins,1.25,30,ESTIMATED,,,35.743391,-78.848719,183
2418,37183053429.0,Sherrill’s University of Cosmetology,15.202,19.002,30581.397,19.0 mi,2280,38.0,38 mins,1.25,30,ESTIMATED,,,35.743391,-78.848719,183
2419,37183053429.0,Raleigh Church of Christ,7.397,9.246,14879.631,9.2 mi,1109,18.483,18 mins,1.25,30,ESTIMATED,,,35.743391,-78.848719,183
2420,37183053429.0,The Rock Church,15.49,19.362,31160.502,19.4 mi,2323,38.717,39 mins,1.25,30,ESTIMATED,,,35.743391,-78.848719,183
2421,37183053429.0,Regeneration Temple,15.355,19.194,30890.251,19.2 mi,2303,38.383,38 mins,1.25,30,ESTIMATED,,,35.743391,-78.848719,183
2422,37183053429.0,Redeeming Love Missionary Baptist Church,14.486,18.108,29141.623,18.1 mi,2173,36.217,36 mins,1.25,30,ESTIMATED,,,35.743391,-78.848719,183
2423,37183053429.0,Historic Oak View Park,15.63,19.538,31443.51,19.5 mi,2345,39.083,39 mins,1.25,30,ESTIMATED,,,35.743391,-78.848719,183
2424,37183053429.0,Poe Center for Health Ed.,15.057,18.821,30289.257,18.8 mi,2259,37.65,38 mins,1.25,30,ESTIMATED,,,35.743391,-78.848719,183
2425,37183053429.0,New Hope Baptist Church,16.822,21.027,33840.263,21.0 mi,2523,42.05,42 mins,1.25,30,ESTIMATED,,,35.743391,-78.848719,183
2426,37183053429.0,Wake County Public Health,14.915,18.644,30004.281,18.6 mi,2237,37.283,37 mins,1.25,30,ESTIMATED,,,35.743391,-78.848719,183
2427,37183053429.0,Peach Road Community Center,10.876,13.595,21879.476,13.6 mi,1631,27.183,27 mins,1.25,30,ESTIMATED,,,35.743391,-78.848719,183
2428,37183053429.0,Wake County Northern Regional Center,24.564,30.705,49414.163,30.7 mi,3685,61.417,1 hr 1 mins,1.25,30,ESTIMATED,,,35.743391,-78.848719,183
2429,37183053429.0,Wendell Parks and Recreation,26.337,32.922,52982.388,32.9 mi,3951,65.85,1 hr 6 mins,1.25,30,ESTIMATED,,,35.743391,-78.848719,183
2430,37183053429.0,Beech Bluff County Park,14.473,18.091,29114.555,18.1 mi,2171,36.183,36 mins,1.25,30,ESTIMATED,,,35.743391,-78.848719,183
2431,37183053429.0,Wakefield Missionary Baptist,30.508,38.135,61373.045,38.1 mi,4576,76.267,1 hr 16 mins,1.25,30,ESTIMATED,,,35.743391,-78.848719,183
2432,37183054120.0,Fuquay-Varina Growers Market,26.049,32.561,52401.681,32.6 mi,3907,65.117,1 hr 5 mins,1.25,30,ESTIMATED,,,35.869343,-78.494765,183
2433,37183054120.0,Pine Acres Community Center,26.087,32.609,52478.374,32.6 mi,3913,65.217,1 hr 5 mins,1.25,30,ESTIMATED,,,35.869343,-78.494765,183
2434,37183054120.0,Sherrill’s University of Cosmetology,7.122,8.903,14327.801,8.9 mi,1068,17.8,18 mins,1.25,30,ESTIMATED,,,35.869343,-78.494765,183
2435,37183054120.0,Raleigh Church of Christ,14.33,17.913,28827.406,17.9 mi,2150,35.833,36 mins,1.25,30,ESTIMATED,,,35.869343,-78.494765,183
2436,37183054120.0,The Rock Church,6.298,7.873,12669.755,7.9 mi,945,15.75,16 mins,1.25,30,ESTIMATED,,,35.869343,-78.494765,183
2437,37183054120.0,Regeneration Temple,6.321,7.901,12714.982,7.9 mi,948,15.8,16 mins,1.25,30,ESTIMATED,,,35.869343,-78.494765,183
2438,37183054120.0,Redeeming Love Missionary Baptist Church,9.931,12.414,19977.865,12.4 mi,1490,24.833,25 mins,1.25,30,ESTIMATED,,,35.869343,-78.494765,183
2439,37183054120.0,Historic Oak View Park,8.099,10.124,16292.23,10.1 mi,1215,20.25,20 mins,1.25,30,ESTIMATED,,,35.869343,-78.494765,183
2440,37183054120.0,Poe Center for Health Ed.,7.98,9.975,16052.662,10.0 mi,1197,19.95,20 mins,1.25,30,ESTIMATED,,,35.869343,-78.494765,183
2441,37183054120.0,New Hope Baptist Church,4.841,6.051,9738.037,6.1 mi,726,12.1,12 mins,1.25,30,ESTIMATED,,,35.869343,-78.494765,183
2442,37183054120.0,Wake County Public Health,8.038,10.047,16169.025,10.0 mi,1206,20.1,20 mins,1.25,30,ESTIMATED,,,35.869343,-78.494765,183
2443,37183054120.0,Peach Road Community Center,12.533,15.666,25212.549,15.7 mi,1880,31.333,31 mins,1.25,30,ESTIMATED,,,35.869343,-78.494765,183
2444,37183054120.0,Wake County Northern Regional Center,7.019,8.773,14119.28,8.8 mi,1053,17.55,18 mins,1.25,30,ESTIMATED,,,35.869343,-78.494765,183
2445,37183054120.0,Wendell Parks and Recreation,8.735,10.918,17571.499,10.9 mi,1310,21.833,22 mins,1.25,30,ESTIMATED,,,35.869343,-78.494765,183
2446,37183054120.0,Beech Bluff County Park,22.175,27.719,44609.81,27.7 mi,3326,55.433,55 mins,1.25,30,ESTIMATED,,,35.869343,-78.494765,183
2447,37183054120.0,Wakefield Missionary Baptist,10.136,12.67,20390.278,12.7 mi,1520,25.333,25 mins,1.25,30,ESTIMATED,,,35.869343,-78.494765,183
2448,37183052307.0,Fuquay-Varina Growers Market,13.303,16.629,26762.055,16.6 mi,1996,33.267,33 mins,1.25,30,ESTIMATED,,,35.760048,-78.700595,183
2449,37183052307.0,Pine Acres Community Center,13.356,16.696,26868.812,16.7 mi,2003,33.383,33 mins,1.25,30,ESTIMATED,,,35.760048,-78.700595,183
2450,37183052307.0,Sherrill’s University of Cosmetology,6.931,8.664,13942.747,8.7 mi,1040,17.333,17 mins,1.25,30,ESTIMATED,,,35.760048,-78.700595,183
2451,37183052307.0,Raleigh Church of Christ,1.643,2.054,3305.09,2.1 mi,246,4.1,4 mins,1.25,30,ESTIMATED,,,35.760048,-78.700595,183
2452,37183052307.0,The Rock Church,7.487,9.359,15061.163,9.4 mi,1123,18.717,19 mins,1.25,30,ESTIMATED,,,35.760048,-78.700595,183
2453,37183052307.0,Regeneration Temple,7.763,9.704,15616.893,9.7 mi,1164,19.4,19 mins,1.25,30,ESTIMATED,,,35.760048,-78.700595,183
2454,37183052307.0,Redeeming Love Missionary Baptist Church,6.228,7.785,12527.981,7.8 mi,934,15.567,16 mins,1.25,30,ESTIMATED,,,35.760048,-78.700595,183
2455,37183052307.0,Historic Oak View Park,7.248,9.06,14581.285,9.1 mi,1087,18.117,18 mins,1.25,30,ESTIMATED,,,35.760048,-78.700595,183
2456,37183052307.0,Poe Center for Health Ed.,6.679,8.349,13435.956,8.3 mi,1002,16.7,17 mins,1.25,30,ESTIMATED,,,35.760048,-78.700595,183
2457,37183052307.0,New Hope Baptist Church,9.094,11.368,18294.491,11.4 mi,1364,22.733,23 mins,1.25,30,ESTIMATED,,,35.760048,-78.700595,183
2458,37183052307.0,Wake County Public Health,6.54,8.175,13156.927,8.2 mi,981,16.35,16 mins,1.25,30,ESTIMATED,,,35.760048,-78.700595,183
2459,37183052307.0,Peach Road Community Center,2.838,3.547,5708.779,3.5 mi,426,7.1,7 mins,1.25,30,ESTIMATED,,,35.760048,-78.700595,183
2460,37183052307.0,Wake County Northern Regional Center,17.987,22.483,36183.367,22.5 mi,2698,44.967,45 mins,1.25,30,ESTIMATED,,,35.760048,-78.700595,183
2461,37183052307.0,Wendell Parks and Recreation,17.959,22.449,36127.825,22.4 mi,2694,44.9,45 mins,1.25,30,ESTIMATED,,,35.760048,-78.700595,183
2462,37183052307.0,Beech Bluff County Park,12.119,15.149,24380.004,15.1 mi,1818,30.3,30 mins,1.25,30,ESTIMATED,,,35.760048,-78.700595,183
2463,37183052307.0,Wakefield Missionary Baptist,22.164,27.705,44587.313,27.7 mi,3325,55.417,55 mins,1.25,30,ESTIMATED,,,35.760048,-78.700595,183
2464,37183053730.0,Fuquay-Varina Growers Market,21.718,27.148,43690.277,27.1 mi,3258,54.3,54 mins,1.25,30,ESTIMATED,,,35.873569,-78.645725,183
2465,37183053730.0,Pine Acres Community Center,21.772,27.216,43799.114,27.2 mi,3266,54.433,54 mins,1.25,30,ESTIMATED,,,35.873569,-78.645725,183
2466,37183053730.0,Sherrill’s University of Cosmetology,6.239,7.799,12551.747,7.8 mi,936,15.6,16 mins,1.25,30,ESTIMATED,,,35.873569,-78.645725,183
2467,37183053730.0,Raleigh Church of Christ,8.037,10.046,16167.591,10.0 mi,1206,20.1,20 mins,1.25,30,ESTIMATED,,,35.873569,-78.645725,183
2468,37183053730.0,The Rock Church,4.936,6.17,9929.594,6.2 mi,740,12.333,12 mins,1.25,30,ESTIMATED,,,35.873569,-78.645725,183
2469,37183053730.0,Regeneration Temple,3.52,4.4,7080.843,4.4 mi,528,8.8,9 mins,1.25,30,ESTIMATED,,,35.873569,-78.645725,183
2470,37183053730.0,Redeeming Love Missionary Baptist Church,9.188,11.485,18483.537,11.5 mi,1378,22.967,23 mins,1.25,30,ESTIMATED,,,35.873569,-78.645725,183
2471,37183053730.0,Historic Oak View Park,8.252,10.315,16599.747,10.3 mi,1238,20.633,21 mins,1.25,30,ESTIMATED,,,35.873569,-78.645725,183
2472,37183053730.0,Poe Center for Health Ed.,7.385,9.231,14855.734,9.2 mi,1108,18.467,18 mins,1.25,30,ESTIMATED,,,35.873569,-78.645725,183
2473,37183053730.0,New Hope Baptist Church,4.465,5.582,8982.682,5.6 mi,670,11.167,11 mins,1.25,30,ESTIMATED,,,35.873569,-78.645725,183
2474,37183053730.0,Wake County Public Health,7.271,9.088,14626.506,9.1 mi,1091,18.183,18 mins,1.25,30,ESTIMATED,,,35.873569,-78.645725,183
2475,37183053730.0,Peach Road Community Center,9.063,11.329,18232.049,11.3 mi,1359,22.65,23 mins,1.25,30,ESTIMATED,,,35.873569,-78.645725,183
2476,37183053730.0,Wake County Northern Regional Center,10.072,12.59,20261.879,12.6 mi,1511,25.183,25 mins,1.25,30,ESTIMATED,,,35.873569,-78.645725,183
2477,37183053730.0,Wendell Parks and Recreation,16.086,20.108,32360.739,20.1 mi,2413,40.217,40 mins,1.25,30,ESTIMATED,,,35.873569,-78.645725,183
2478,37183053730.0,Beech Bluff County Park,19.993,24.991,40218.594,25.0 mi,2999,49.983,50 mins,1.25,30,ESTIMATED,,,35.873569,-78.645725,183
2479,37183053730.0,Wakefield Missionary Baptist,18.529,23.161,37274.23,23.2 mi,2779,46.317,46 mins,1.25,30,ESTIMATED,,,35.873569,-78.645725,183
2480,37183054109.0,Fuquay-Varina Growers Market,21.001,26.252,42248.179,26.3 mi,3150,52.5,52 mins,1.25,30,ESTIMATED,,,35.733078,-78.473236,183
2481,37183054109.0,Pine Acres Community Center,21.017,26.272,42280.329,26.3 mi,3153,52.55,53 mins,1.25,30,ESTIMATED,,,35.733078,-78.473236,183
2482,37183054109.0,Sherrill’s University of Cosmetology,7.722,9.652,15533.556,9.7 mi,1158,19.3,19 mins,1.25,30,ESTIMATED,,,35.733078,-78.473236,183
2483,37183054109.0,Raleigh Church of Christ,14.301,17.876,28768.873,17.9 mi,2145,35.75,36 mins,1.25,30,ESTIMATED,,,35.733078,-78.473236,183
2484,37183054109.0,The Rock Church,8.787,10.983,17676.143,11.0 mi,1318,21.967,22 mins,1.25,30,ESTIMATED,,,35.733078,-78.473236,183
2485,37183054109.0,Regeneration Temple,10.179,12.724,20477.182,12.7 mi,1527,25.45,25 mins,1.25,30,ESTIMATED,,,35.733078,-78.473236,183
2486,37183054109.0,Redeeming Love Missionary Baptist Church,6.659,8.323,13395.148,8.3 mi,999,16.65,17 mins,1.25,30,ESTIMATED,,,35.733078,-78.473236,183
2487,37183054109.0,Historic Oak View Park,6.099,7.624,12270.118,7.6 mi,915,15.25,15 mins,1.25,30,ESTIMATED,,,35.733078,-78.473236,183
2488,37183054109.0,Poe Center for Health Ed.,6.972,8.715,14024.735,8.7 mi,1046,17.433,17 mins,1.25,30,ESTIMATED,,,35.733078,-78.473236,183
2489,37183054109.0,New Hope Baptist Church,9.531,11.914,19174.041,11.9 mi,1430,23.833,24 mins,1.25,30,ESTIMATED,,,35.733078,-78.473236,183
2490,37183054109.0,Wake County Public Health,7.129,8.912,14341.944,8.9 mi,1069,17.817,18 mins,1.25,30,ESTIMATED,,,35.733078,-78.473236,183
2491,37183054109.0,Peach Road Community Center,10.203,12.753,20524.495,12.8 mi,1530,25.5,26 mins,1.25,30,ESTIMATED,,,35.733078,-78.473236,183
2492,37183054109.0,Wake County Northern Regional Center,16.511,20.638,33214.14,20.6 mi,2477,41.283,41 mins,1.25,30,ESTIMATED,,,35.733078,-78.473236,183
2493,37183054109.0,Wendell Parks and Recreation,6.177,7.722,12427.034,7.7 mi,927,15.45,15 mins,1.25,30,ESTIMATED,,,35.733078,-78.473236,183
2494,37183054109.0,Beech Bluff County Park,15.42,19.275,31020.795,19.3 mi,2313,38.55,39 mins,1.25,30,ESTIMATED,,,35.733078,-78.473236,183
2495,37183054109.0,Wakefield Missionary Baptist,11.425,14.281,22983.803,14.3 mi,1714,28.567,29 mins,1.25,30,ESTIMATED,,,35.733078,-78.473236,183
2496,37183054001.0,Fuquay-Varina Growers Market,21.334,26.667,42916.836,26.7 mi,3200,53.333,53 mins,1.25,30,ESTIMATED,,,35.860618,-78.627942,183
2497,37183054001.0,Pine Acres Community Center,21.385,26.731,43020.147,26.7 mi,3208,53.467,53 mins,1.25,30,ESTIMATED,,,35.860618,-78.627942,183
2498,37183054001.0,Sherrill’s University of Cosmetology,4.963,6.203,9983.036,6.2 mi,744,12.4,12 mins,1.25,30,ESTIMATED,,,35.860618,-78.627942,183
2499,37183054001.0,Raleigh Church of Christ,7.929,9.912,15951.169,9.9 mi,1189,19.817,20 mins,1.25,30,ESTIMATED,,,35.860618,-78.627942,183
2500,37183054001.0,The Rock Church,3.614,4.517,7269.476,4.5 mi,542,9.033,9 mins,1.25,30,ESTIMATED,,,35.860618,-78.627942,183
2501,37183054001.0,Regeneration Temple,2.183,2.729,4391.59,2.7 mi,327,5.45,5 mins,1.25,30,ESTIMATED,,,35.860618,-78.627942,183
2502,37183054001.0,Redeeming Love Missionary Baptist Church,8.035,10.044,16164.147,10.0 mi,1205,20.083,20 mins,1.25,30,ESTIMATED,,,35.860618,-78.627942,183
2503,37183054001.0,Historic Oak View Park,6.99,8.738,14062.536,8.7 mi,1049,17.483,17 mins,1.25,30,ESTIMATED,,,35.860618,-78.627942,183
2504,37183054001.0,Poe Center for Health Ed.,6.144,7.68,12360.085,7.7 mi,922,15.367,15 mins,1.25,30,ESTIMATED,,,35.860618,-78.627942,183
2505,37183054001.0,New Hope Baptist Church,3.185,3.981,6407.029,4.0 mi,478,7.967,8 mins,1.25,30,ESTIMATED,,,35.860618,-78.627942,183
2506,37183054001.0,Wake County Public Health,6.039,7.549,12148.833,7.5 mi,906,15.1,15 mins,1.25,30,ESTIMATED,,,35.860618,-78.627942,183
2507,37183054001.0,Peach Road Community Center,8.292,10.364,16679.995,10.4 mi,1244,20.733,21 mins,1.25,30,ESTIMATED,,,35.860618,-78.627942,183
2508,37183054001.0,Wake County Northern Regional Center,10.008,12.51,20132.84,12.5 mi,1501,25.017,25 mins,1.25,30,ESTIMATED,,,35.860618,-78.627942,183
2509,37183054001.0,Wendell Parks and Recreation,14.827,18.534,29827.232,18.5 mi,2224,37.067,37 mins,1.25,30,ESTIMATED,,,35.860618,-78.627942,183
2510,37183054001.0,Beech Bluff County Park,19.226,24.032,38676.297,24.0 mi,2884,48.067,48 mins,1.25,30,ESTIMATED,,,35.860618,-78.627942,183
2511,37183054001.0,Wakefield Missionary Baptist,17.446,21.808,35096.318,21.8 mi,2617,43.617,44 mins,1.25,30,ESTIMATED,,,35.860618,-78.627942,183
2512,37183054018.0,Fuquay-Varina Growers Market,22.741,28.426,45747.116,28.4 mi,3411,56.85,57 mins,1.25,30,ESTIMATED,,,35.866021,-78.588472,183
2513,37183054018.0,Pine Acres Community Center,22.788,28.485,45842.503,28.5 mi,3418,56.967,57 mins,1.25,30,ESTIMATED,,,35.866021,-78.588472,183
2514,37183054018.0,Sherrill’s University of Cosmetology,4.742,5.928,9539.694,5.9 mi,711,11.85,12 mins,1.25,30,ESTIMATED,,,35.866021,-78.588472,183
2515,37183054018.0,Raleigh Church of Christ,9.788,12.235,19691.068,12.2 mi,1468,24.467,24 mins,1.25,30,ESTIMATED,,,35.866021,-78.588472,183
2516,37183054018.0,The Rock Church,3.239,4.048,6515.083,4.0 mi,486,8.1,8 mins,1.25,30,ESTIMATED,,,35.866021,-78.588472,183
2517,37183054018.0,Regeneration Temple,2.058,2.572,4139.808,2.6 mi,309,5.15,5 mins,1.25,30,ESTIMATED,,,35.866021,-78.588472,183
2518,37183054018.0,Redeeming Love Missionary Baptist Church,8.13,10.162,16354.866,10.2 mi,1219,20.317,20 mins,1.25,30,ESTIMATED,,,35.866021,-78.588472,183
2519,37183054018.0,Historic Oak View Park,6.684,8.355,13446.117,8.4 mi,1003,16.717,17 mins,1.25,30,ESTIMATED,,,35.866021,-78.588472,183
2520,37183054018.0,Poe Center for Health Ed.,6.004,7.505,12077.996,7.5 mi,901,15.017,15 mins,1.25,30,ESTIMATED,,,35.866021,-78.588472,183
2521,37183054018.0,New Hope Baptist Church,1.725,2.156,3469.421,2.2 mi,259,4.317,4 mins,1.25,30,ESTIMATED,,,35.866021,-78.588472,183
2522,37183054018.0,Wake County Public Health,5.95,7.438,11969.511,7.4 mi,893,14.883,15 mins,1.25,30,ESTIMATED,,,35.866021,-78.588472,183
2523,37183054018.0,Peach Road Community Center,9.302,11.627,18712.001,11.6 mi,1395,23.25,23 mins,1.25,30,ESTIMATED,,,35.866021,-78.588472,183
2524,37183054018.0,Wake County Northern Regional Center,8.401,10.501,16900.424,10.5 mi,1260,21.0,21 mins,1.25,30,ESTIMATED,,,35.866021,-78.588472,183
2525,37183054018.0,Wendell Parks and Recreation,12.954,16.193,26059.89,16.2 mi,1943,32.383,32 mins,1.25,30,ESTIMATED,,,35.866021,-78.588472,183
2526,37183054018.0,Beech Bluff County Park,20.04,25.051,40315.054,25.1 mi,3006,50.1,50 mins,1.25,30,ESTIMATED,,,35.866021,-78.588472,183
2527,37183054018.0,Wakefield Missionary Baptist,15.284,19.105,30746.028,19.1 mi,2293,38.217,38 mins,1.25,30,ESTIMATED,,,35.866021,-78.588472,183
2528,37183052601.0,Fuquay-Varina Growers Market,19.695,24.619,39620.545,24.6 mi,2954,49.233,49 mins,1.25,30,ESTIMATED,,,35.844221,-78.653266,183
2529,37183052601.0,Pine Acres Community Center,19.748,24.685,39727.442,24.7 mi,2962,49.367,49 mins,1.25,30,ESTIMATED,,,35.844221,-78.653266,183
2530,37183052601.0,Sherrill’s University of Cosmetology,4.972,6.215,10002.27,6.2 mi,746,12.433,12 mins,1.25,30,ESTIMATED,,,35.844221,-78.653266,183
2531,37183052601.0,Raleigh Church of Christ,6.145,7.681,12360.889,7.7 mi,922,15.367,15 mins,1.25,30,ESTIMATED,,,35.844221,-78.653266,183
2532,37183052601.0,The Rock Church,4.014,5.017,8074.49,5.0 mi,602,10.033,10 mins,1.25,30,ESTIMATED,,,35.844221,-78.653266,183
2533,37183052601.0,Regeneration Temple,2.971,3.714,5977.695,3.7 mi,446,7.433,7 mins,1.25,30,ESTIMATED,,,35.844221,-78.653266,183
2534,37183052601.0,Redeeming Love Missionary Baptist Church,7.5,9.375,15087.573,9.4 mi,1125,18.75,19 mins,1.25,30,ESTIMATED,,,35.844221,-78.653266,183
2535,37183052601.0,Historic Oak View Park,6.85,8.562,13779.97,8.6 mi,1027,17.117,17 mins,1.25,30,ESTIMATED,,,35.844221,-78.653266,183
2536,37183052601.0,Poe Center for Health Ed.,5.943,7.429,11955.414,7.4 mi,891,14.85,15 mins,1.25,30,ESTIMATED,,,35.844221,-78.653266,183
2537,37183052601.0,New Hope Baptist Church,4.377,5.471,8804.722,5.5 mi,657,10.95,11 mins,1.25,30,ESTIMATED,,,35.844221,-78.653266,183
2538,37183052601.0,Wake County Public Health,5.807,7.259,11681.667,7.3 mi,871,14.517,15 mins,1.25,30,ESTIMATED,,,35.844221,-78.653266,183
2539,37183052601.0,Peach Road Community Center,7.022,8.777,14125.306,8.8 mi,1053,17.55,18 mins,1.25,30,ESTIMATED,,,35.844221,-78.653266,183
2540,37183052601.0,Wake County Northern Regional Center,11.797,14.747,23732.401,14.7 mi,1770,29.5,30 mins,1.25,30,ESTIMATED,,,35.844221,-78.653266,183
2541,37183052601.0,Wendell Parks and Recreation,15.816,19.77,31816.628,19.8 mi,2372,39.533,40 mins,1.25,30,ESTIMATED,,,35.844221,-78.653266,183
2542,37183052601.0,Beech Bluff County Park,17.935,22.419,36080.411,22.4 mi,2690,44.833,45 mins,1.25,30,ESTIMATED,,,35.844221,-78.653266,183
2543,37183052601.0,Wakefield Missionary Baptist,18.809,23.512,37838.383,23.5 mi,2821,47.017,47 mins,1.25,30,ESTIMATED,,,35.844221,-78.653266,183
2544,37183053211.0,Fuquay-Varina Growers Market,4.878,6.097,9812.122,6.1 mi,732,12.2,12 mins,1.25,30,ESTIMATED,,,35.649651,-78.764403,183
2545,37183053211.0,Pine Acres Community Center,4.931,6.164,9919.95,6.2 mi,740,12.333,12 mins,1.25,30,ESTIMATED,,,35.649651,-78.764403,183
2546,37183053211.0,Sherrill’s University of Cosmetology,14.302,17.878,28771.463,17.9 mi,2145,35.75,36 mins,1.25,30,ESTIMATED,,,35.649651,-78.764403,183
2547,37183053211.0,Raleigh Church of Christ,9.002,11.253,18109.361,11.3 mi,1350,22.5,22 mins,1.25,30,ESTIMATED,,,35.649651,-78.764403,183
2548,37183053211.0,The Rock Church,15.308,19.135,30794.898,19.1 mi,2296,38.267,38 mins,1.25,30,ESTIMATED,,,35.649651,-78.764403,183
2549,37183053211.0,Regeneration Temple,15.921,19.901,32027.702,19.9 mi,2388,39.8,40 mins,1.25,30,ESTIMATED,,,35.649651,-78.764403,183
2550,37183053211.0,Redeeming Love Missionary Baptist Church,11.907,14.883,23952.589,14.9 mi,1786,29.767,30 mins,1.25,30,ESTIMATED,,,35.649651,-78.764403,183
2551,37183053211.0,Historic Oak View Park,13.639,17.048,27436.615,17.0 mi,2046,34.1,34 mins,1.25,30,ESTIMATED,,,35.649651,-78.764403,183
2552,37183053211.0,Poe Center for Health Ed.,13.519,16.898,27195.496,16.9 mi,2028,33.8,34 mins,1.25,30,ESTIMATED,,,35.649651,-78.764403,183
2553,37183053211.0,New Hope Baptist Church,17.091,21.364,34381.375,21.4 mi,2564,42.733,43 mins,1.25,30,ESTIMATED,,,35.649651,-78.764403,183
2554,37183053211.0,Wake County Public Health,13.438,16.798,27033.283,16.8 mi,2016,33.6,34 mins,1.25,30,ESTIMATED,,,35.649651,-78.764403,183
2555,37183053211.0,Peach Road Community Center,8.893,11.116,17889.879,11.1 mi,1334,22.233,22 mins,1.25,30,ESTIMATED,,,35.649651,-78.764403,183
2556,37183053211.0,Wake County Northern Regional Center,26.307,32.884,52921.622,32.9 mi,3946,65.767,1 hr 6 mins,1.25,30,ESTIMATED,,,35.649651,-78.764403,183
2557,37183053211.0,Wendell Parks and Recreation,23.363,29.204,46998.7,29.2 mi,3504,58.4,58 mins,1.25,30,ESTIMATED,,,35.649651,-78.764403,183
2558,37183053211.0,Beech Bluff County Park,6.519,8.149,13114.1,8.1 mi,978,16.3,16 mins,1.25,30,ESTIMATED,,,35.649651,-78.764403,183
2559,37183053211.0,Wakefield Missionary Baptist,28.296,35.37,56921.816,35.4 mi,4244,70.733,1 hr 11 mins,1.25,30,ESTIMATED,,,35.649651,-78.764403,183
2560,37183052410.0,Fuquay-Varina Growers Market,13.859,17.323,27879.208,17.3 mi,2079,34.65,35 mins,1.25,30,ESTIMATED,,,35.776597,-78.725836,183
2561,37183052410.0,Pine Acres Community Center,13.917,17.396,27996.808,17.4 mi,2088,34.8,35 mins,1.25,30,ESTIMATED,,,35.776597,-78.725836,183
2562,37183052410.0,Sherrill’s University of Cosmetology,7.977,9.971,16046.774,10.0 mi,1197,19.95,20 mins,1.25,30,ESTIMATED,,,35.776597,-78.725836,183
2563,37183052410.0,Raleigh Church of Christ,0.183,0.228,367.582,0.2 mi,27,0.45,0 mins,1.25,30,ESTIMATED,,,35.776597,-78.725836,183
2564,37183052410.0,The Rock Church,8.232,10.29,16560.179,10.3 mi,1235,20.583,21 mins,1.25,30,ESTIMATED,,,35.776597,-78.725836,183
2565,37183052410.0,Regeneration Temple,8.19,10.238,16475.928,10.2 mi,1229,20.483,20 mins,1.25,30,ESTIMATED,,,35.776597,-78.725836,183
2566,37183052410.0,Redeeming Love Missionary Baptist Church,7.836,9.795,15764.028,9.8 mi,1175,19.583,20 mins,1.25,30,ESTIMATED,,,35.776597,-78.725836,183
2567,37183052410.0,Historic Oak View Park,8.64,10.8,17380.168,10.8 mi,1296,21.6,22 mins,1.25,30,ESTIMATED,,,35.776597,-78.725836,183
2568,37183052410.0,Poe Center for Health Ed.,7.963,9.953,16018.432,10.0 mi,1194,19.9,20 mins,1.25,30,ESTIMATED,,,35.776597,-78.725836,183
2569,37183052410.0,New Hope Baptist Church,9.628,12.035,19368.281,12.0 mi,1444,24.067,24 mins,1.25,30,ESTIMATED,,,35.776597,-78.725836,183
2570,37183052410.0,Wake County Public Health,7.812,9.765,15715.451,9.8 mi,1172,19.533,20 mins,1.25,30,ESTIMATED,,,35.776597,-78.725836,183
2571,37183052410.0,Peach Road Community Center,4.625,5.781,9303.749,5.8 mi,694,11.567,12 mins,1.25,30,ESTIMATED,,,35.776597,-78.725836,183
2572,37183052410.0,Wake County Northern Regional Center,17.99,22.488,36190.203,22.5 mi,2699,44.983,45 mins,1.25,30,ESTIMATED,,,35.776597,-78.725836,183
2573,37183052410.0,Wendell Parks and Recreation,19.309,24.136,38843.777,24.1 mi,2896,48.267,48 mins,1.25,30,ESTIMATED,,,35.776597,-78.725836,183
2574,37183052410.0,Beech Bluff County Park,13.459,16.824,27076.042,16.8 mi,2019,33.65,34 mins,1.25,30,ESTIMATED,,,35.776597,-78.725836,183
2575,37183052410.0,Wakefield Missionary Baptist,23.294,29.117,46859.29,29.1 mi,3494,58.233,58 mins,1.25,30,ESTIMATED,,,35.776597,-78.725836,183
2576,37183054223.0,Fuquay-Varina Growers Market,32.829,41.036,66041.564,41.0 mi,4924,82.067,1 hr 22 mins,1.25,30,ESTIMATED,,,35.98787,-78.489002,183
2577,37183054223.0,Pine Acres Community Center,32.876,41.095,66135.851,41.1 mi,4931,82.183,1 hr 22 mins,1.25,30,ESTIMATED,,,35.98787,-78.489002,183
2578,37183054223.0,Sherrill’s University of Cosmetology,14.232,17.79,28629.655,17.8 mi,2135,35.583,36 mins,1.25,30,ESTIMATED,,,35.98787,-78.489002,183
2579,37183054223.0,Raleigh Church of Christ,19.665,24.581,39559.828,24.6 mi,2950,49.167,49 mins,1.25,30,ESTIMATED,,,35.98787,-78.489002,183
2580,37183054223.0,The Rock Church,12.922,16.153,25995.74,16.2 mi,1938,32.3,32 mins,1.25,30,ESTIMATED,,,35.98787,-78.489002,183
2581,37183054223.0,Regeneration Temple,12.1,15.125,24341.565,15.1 mi,1815,30.25,30 mins,1.25,30,ESTIMATED,,,35.98787,-78.489002,183
2582,37183054223.0,Redeeming Love Missionary Baptist Church,17.496,21.87,35196.687,21.9 mi,2624,43.733,44 mins,1.25,30,ESTIMATED,,,35.98787,-78.489002,183
2583,37183054223.0,Historic Oak View Park,15.738,19.673,31660.667,19.7 mi,2361,39.35,39 mins,1.25,30,ESTIMATED,,,35.98787,-78.489002,183
2584,37183054223.0,Poe Center for Health Ed.,15.363,19.204,30906.034,19.2 mi,2304,38.4,38 mins,1.25,30,ESTIMATED,,,35.98787,-78.489002,183
2585,37183054223.0,New Hope Baptist Church,11.077,13.846,22282.478,13.8 mi,1661,27.683,28 mins,1.25,30,ESTIMATED,,,35.98787,-78.489002,183
2586,37183054223.0,Wake County Public Health,15.37,19.213,30920.118,19.2 mi,2306,38.433,38 mins,1.25,30,ESTIMATED,,,35.98787,-78.489002,183
2587,37183054223.0,Peach Road Community Center,19.322,24.152,38869.661,24.2 mi,2898,48.3,48 mins,1.25,30,ESTIMATED,,,35.98787,-78.489002,183
2588,37183054223.0,Wake County Northern Regional Center,1.732,2.164,3483.274,2.2 mi,260,4.333,4 mins,1.25,30,ESTIMATED,,,35.98787,-78.489002,183
2589,37183054223.0,Wendell Parks and Recreation,15.413,19.267,31006.746,19.3 mi,2312,38.533,39 mins,1.25,30,ESTIMATED,,,35.98787,-78.489002,183
2590,37183054223.0,Beech Bluff County Park,29.777,37.221,59901.408,37.2 mi,4467,74.45,1 hr 14 mins,1.25,30,ESTIMATED,,,35.98787,-78.489002,183
2591,37183054223.0,Wakefield Missionary Baptist,14.03,17.538,28224.011,17.5 mi,2105,35.083,35 mins,1.25,30,ESTIMATED,,,35.98787,-78.489002,183
2592,37183053434.0,Fuquay-Varina Growers Market,10.624,13.28,21372.83,13.3 mi,1594,26.567,27 mins,1.25,30,ESTIMATED,,,35.72907,-78.867354,183
2593,37183053434.0,Pine Acres Community Center,10.694,13.368,21513.413,13.4 mi,1604,26.733,27 mins,1.25,30,ESTIMATED,,,35.72907,-78.867354,183
2594,37183053434.0,Sherrill’s University of Cosmetology,16.474,20.592,33140.306,20.6 mi,2471,41.183,41 mins,1.25,30,ESTIMATED,,,35.72907,-78.867354,183
2595,37183053434.0,Raleigh Church of Christ,8.714,10.892,17529.065,10.9 mi,1307,21.783,22 mins,1.25,30,ESTIMATED,,,35.72907,-78.867354,183
2596,37183053434.0,The Rock Church,16.819,21.023,33833.441,21.0 mi,2523,42.05,42 mins,1.25,30,ESTIMATED,,,35.72907,-78.867354,183
2597,37183053434.0,Regeneration Temple,16.729,20.911,33653.219,20.9 mi,2509,41.817,42 mins,1.25,30,ESTIMATED,,,35.72907,-78.867354,183
2598,37183053434.0,Redeeming Love Missionary Baptist Church,15.586,19.482,31353.356,19.5 mi,2338,38.967,39 mins,1.25,30,ESTIMATED,,,35.72907,-78.867354,183
2599,37183053434.0,Historic Oak View Park,16.809,21.011,33813.746,21.0 mi,2521,42.017,42 mins,1.25,30,ESTIMATED,,,35.72907,-78.867354,183
2600,37183053434.0,Poe Center for Health Ed.,16.271,20.339,32732.457,20.3 mi,2441,40.683,41 mins,1.25,30,ESTIMATED,,,35.72907,-78.867354,183
2601,37183053434.0,New Hope Baptist Church,18.188,22.735,36588.985,22.7 mi,2728,45.467,45 mins,1.25,30,ESTIMATED,,,35.72907,-78.867354,183
2602,37183053434.0,Wake County Public Health,16.133,20.167,32455.147,20.2 mi,2420,40.333,40 mins,1.25,30,ESTIMATED,,,35.72907,-78.867354,183
2603,37183053434.0,Peach Road Community Center,11.959,14.949,24057.29,14.9 mi,1794,29.9,30 mins,1.25,30,ESTIMATED,,,35.72907,-78.867354,183
2604,37183053434.0,Wake County Northern Regional Center,26.0,32.5,52303.692,32.5 mi,3900,65.0,1 hr 5 mins,1.25,30,ESTIMATED,,,35.72907,-78.867354,183
2605,37183053434.0,Wendell Parks and Recreation,27.495,34.368,55310.385,34.4 mi,4124,68.733,1 hr 9 mins,1.25,30,ESTIMATED,,,35.72907,-78.867354,183
2606,37183053434.0,Beech Bluff County Park,14.487,18.108,29142.447,18.1 mi,2173,36.217,36 mins,1.25,30,ESTIMATED,,,35.72907,-78.867354,183
2607,37183053434.0,Wakefield Missionary Baptist,31.755,39.693,63880.472,39.7 mi,4763,79.383,1 hr 19 mins,1.25,30,ESTIMATED,,,35.72907,-78.867354,183
2608,37183053716.0,Fuquay-Varina Growers Market,21.02,26.275,42284.955,26.3 mi,3153,52.55,53 mins,1.25,30,ESTIMATED,,,35.863218,-78.647682,183
2609,37183053716.0,Pine Acres Community Center,21.073,26.342,42393.001,26.3 mi,3161,52.683,53 mins,1.25,30,ESTIMATED,,,35.863218,-78.647682,183
2610,37183053716.0,Sherrill’s University of Cosmetology,5.715,7.144,11497.445,7.1 mi,857,14.283,14 mins,1.25,30,ESTIMATED,,,35.863218,-78.647682,183
2611,37183053716.0,Raleigh Church of Christ,7.381,9.226,14847.946,9.2 mi,1107,18.45,18 mins,1.25,30,ESTIMATED,,,35.863218,-78.647682,183
2612,37183053716.0,The Rock Church,4.496,5.62,9043.909,5.6 mi,674,11.233,11 mins,1.25,30,ESTIMATED,,,35.863218,-78.647682,183
2613,37183053716.0,Regeneration Temple,3.154,3.942,6344.3,3.9 mi,473,7.883,8 mins,1.25,30,ESTIMATED,,,35.863218,-78.647682,183
2614,37183053716.0,Redeeming Love Missionary Baptist Church,8.559,10.698,17217.387,10.7 mi,1284,21.4,21 mins,1.25,30,ESTIMATED,,,35.863218,-78.647682,183
2615,37183053716.0,Historic Oak View Park,7.701,9.627,15492.385,9.6 mi,1155,19.25,19 mins,1.25,30,ESTIMATED,,,35.863218,-78.647682,183
2616,37183053716.0,Poe Center for Health Ed.,6.819,8.523,13716.979,8.5 mi,1023,17.05,17 mins,1.25,30,ESTIMATED,,,35.863218,-78.647682,183
2617,37183053716.0,New Hope Baptist Church,4.285,5.356,8620.139,5.4 mi,643,10.717,11 mins,1.25,30,ESTIMATED,,,35.863218,-78.647682,183
2618,37183053716.0,Wake County Public Health,6.698,8.372,13473.945,8.4 mi,1005,16.75,17 mins,1.25,30,ESTIMATED,,,35.863218,-78.647682,183
2619,37183053716.0,Peach Road Community Center,8.343,10.429,16783.816,10.4 mi,1251,20.85,21 mins,1.25,30,ESTIMATED,,,35.863218,-78.647682,183
2620,37183053716.0,Wake County Northern Regional Center,10.638,13.298,21400.602,13.3 mi,1596,26.6,27 mins,1.25,30,ESTIMATED,,,35.863218,-78.647682,183
2621,37183053716.0,Wendell Parks and Recreation,15.924,19.905,32033.956,19.9 mi,2389,39.817,40 mins,1.25,30,ESTIMATED,,,35.863218,-78.647682,183
2622,37183053716.0,Beech Bluff County Park,19.27,24.088,38765.58,24.1 mi,2891,48.183,48 mins,1.25,30,ESTIMATED,,,35.863218,-78.647682,183
2623,37183053716.0,Wakefield Missionary Baptist,18.563,23.203,37342.317,23.2 mi,2784,46.4,46 mins,1.25,30,ESTIMATED,,,35.863218,-78.647682,183
2624,37183053110.0,Fuquay-Varina Growers Market,6.119,7.648,12308.525,7.6 mi,918,15.3,15 mins,1.25,30,ESTIMATED,,,35.623664,-78.701986,183
2625,37183053110.0,Pine Acres Community Center,6.131,7.663,12332.804,7.7 mi,920,15.333,15 mins,1.25,30,ESTIMATED,,,35.623664,-78.701986,183
2626,37183053110.0,Sherrill’s University of Cosmetology,13.659,17.074,27478.474,17.1 mi,2049,34.15,34 mins,1.25,30,ESTIMATED,,,35.623664,-78.701986,183
2627,37183053110.0,Raleigh Church of Christ,10.556,13.195,21235.513,13.2 mi,1583,26.383,26 mins,1.25,30,ESTIMATED,,,35.623664,-78.701986,183
2628,37183053110.0,The Rock Church,14.929,18.661,30031.505,18.7 mi,2239,37.317,37 mins,1.25,30,ESTIMATED,,,35.623664,-78.701986,183
2629,37183053110.0,Regeneration Temple,15.857,19.821,31899.377,19.8 mi,2379,39.65,40 mins,1.25,30,ESTIMATED,,,35.623664,-78.701986,183
2630,37183053110.0,Redeeming Love Missionary Baptist Church,10.649,13.311,21422.742,13.3 mi,1597,26.617,27 mins,1.25,30,ESTIMATED,,,35.623664,-78.701986,183
2631,37183053110.0,Historic Oak View Park,12.482,15.603,25109.828,15.6 mi,1872,31.2,31 mins,1.25,30,ESTIMATED,,,35.623664,-78.701986,183
2632,37183053110.0,Poe Center for Health Ed.,12.628,15.785,25402.709,15.8 mi,1894,31.567,32 mins,1.25,30,ESTIMATED,,,35.623664,-78.701986,183
2633,37183053110.0,New Hope Baptist Church,16.775,20.968,33745.404,21.0 mi,2516,41.933,42 mins,1.25,30,ESTIMATED,,,35.623664,-78.701986,183
2634,37183053110.0,Wake County Public Health,12.591,15.738,25328.344,15.7 mi,1889,31.483,31 mins,1.25,30,ESTIMATED,,,35.623664,-78.701986,183
2635,37183053110.0,Peach Road Community Center,8.634,10.793,17369.682,10.8 mi,1295,21.583,22 mins,1.25,30,ESTIMATED,,,35.623664,-78.701986,183
2636,37183053110.0,Wake County Northern Regional Center,26.224,32.78,52753.714,32.8 mi,3934,65.567,1 hr 6 mins,1.25,30,ESTIMATED,,,35.623664,-78.701986,183
2637,37183053110.0,Wendell Parks and Recreation,21.07,26.337,42385.486,26.3 mi,3160,52.667,53 mins,1.25,30,ESTIMATED,,,35.623664,-78.701986,183
2638,37183053110.0,Beech Bluff County Park,2.929,3.661,5891.81,3.7 mi,439,7.317,7 mins,1.25,30,ESTIMATED,,,35.623664,-78.701986,183
2639,37183053110.0,Wakefield Missionary Baptist,26.23,32.787,52765.654,32.8 mi,3934,65.567,1 hr 6 mins,1.25,30,ESTIMATED,,,35.623664,-78.701986,183
2640,37183053409.0,Fuquay-Varina Growers Market,13.004,16.255,26159.793,16.3 mi,1951,32.517,33 mins,1.25,30,ESTIMATED,,,35.766855,-78.861311,183
2641,37183053409.0,Pine Acres Community Center,13.074,16.343,26300.829,16.3 mi,1961,32.683,33 mins,1.25,30,ESTIMATED,,,35.766855,-78.861311,183
2642,37183053409.0,Sherrill’s University of Cosmetology,15.584,19.48,31349.673,19.5 mi,2338,38.967,39 mins,1.25,30,ESTIMATED,,,35.766855,-78.861311,183
2643,37183053409.0,Raleigh Church of Christ,7.784,9.73,15658.684,9.7 mi,1168,19.467,19 mins,1.25,30,ESTIMATED,,,35.766855,-78.861311,183
2644,37183053409.0,The Rock Church,15.703,19.629,31590.348,19.6 mi,2356,39.267,39 mins,1.25,30,ESTIMATED,,,35.766855,-78.861311,183
2645,37183053409.0,Regeneration Temple,15.404,19.255,30987.79,19.3 mi,2311,38.517,39 mins,1.25,30,ESTIMATED,,,35.766855,-78.861311,183
2646,37183053409.0,Redeeming Love Missionary Baptist Church,15.24,19.05,30657.31,19.0 mi,2286,38.1,38 mins,1.25,30,ESTIMATED,,,35.766855,-78.861311,183
2647,37183053409.0,Historic Oak View Park,16.225,20.282,32640.471,20.3 mi,2434,40.567,41 mins,1.25,30,ESTIMATED,,,35.766855,-78.861311,183
2648,37183053409.0,Poe Center for Health Ed.,15.579,19.474,31340.027,19.5 mi,2337,38.95,39 mins,1.25,30,ESTIMATED,,,35.766855,-78.861311,183
2649,37183053409.0,New Hope Baptist Church,16.889,21.111,33975.046,21.1 mi,2533,42.217,42 mins,1.25,30,ESTIMATED,,,35.766855,-78.861311,183
2650,37183053409.0,Wake County Public Health,15.43,19.288,31040.382,19.3 mi,2315,38.583,39 mins,1.25,30,ESTIMATED,,,35.766855,-78.861311,183
2651,37183053409.0,Peach Road Community Center,11.701,14.626,23538.929,14.6 mi,1755,29.25,29 mins,1.25,30,ESTIMATED,,,35.766855,-78.861311,183
2652,37183053409.0,Wake County Northern Regional Center,24.131,30.163,48542.864,30.2 mi,3620,60.333,1 hr,1.25,30,ESTIMATED,,,35.766855,-78.861311,183
2653,37183053409.0,Wendell Parks and Recreation,26.922,33.653,54158.526,33.7 mi,4038,67.3,1 hr 7 mins,1.25,30,ESTIMATED,,,35.766855,-78.861311,183
2654,37183053409.0,Beech Bluff County Park,16.167,20.209,32523.029,20.2 mi,2425,40.417,40 mins,1.25,30,ESTIMATED,,,35.766855,-78.861311,183
2655,37183053409.0,Wakefield Missionary Baptist,30.888,38.61,62136.018,38.6 mi,4633,77.217,1 hr 17 mins,1.25,30,ESTIMATED,,,35.766855,-78.861311,183
2656,37183053718.0,Fuquay-Varina Growers Market,22.964,28.705,46195.504,28.7 mi,3445,57.417,57 mins,1.25,30,ESTIMATED,,,35.914518,-78.743838,183
2657,37183053718.0,Pine Acres Community Center,23.028,28.785,46324.407,28.8 mi,3454,57.567,58 mins,1.25,30,ESTIMATED,,,35.914518,-78.743838,183
2658,37183053718.0,Sherrill’s University of Cosmetology,11.989,14.986,24117.823,15.0 mi,1798,29.967,30 mins,1.25,30,ESTIMATED,,,35.914518,-78.743838,183
2659,37183053718.0,Raleigh Church of Christ,9.677,12.096,19466.531,12.1 mi,1452,24.2,24 mins,1.25,30,ESTIMATED,,,35.914518,-78.743838,183
2660,37183053718.0,The Rock Church,10.906,13.633,21939.654,13.6 mi,1636,27.267,27 mins,1.25,30,ESTIMATED,,,35.914518,-78.743838,183
2661,37183053718.0,Regeneration Temple,9.598,11.998,19308.984,12.0 mi,1440,24.0,24 mins,1.25,30,ESTIMATED,,,35.914518,-78.743838,183
2662,37183053718.0,Redeeming Love Missionary Baptist Church,14.339,17.924,28845.223,17.9 mi,2151,35.85,36 mins,1.25,30,ESTIMATED,,,35.914518,-78.743838,183
2663,37183053718.0,Historic Oak View Park,13.861,17.326,27883.747,17.3 mi,2079,34.65,35 mins,1.25,30,ESTIMATED,,,35.914518,-78.743838,183
2664,37183053718.0,Poe Center for Health Ed.,12.951,16.188,26052.825,16.2 mi,1943,32.383,32 mins,1.25,30,ESTIMATED,,,35.914518,-78.743838,183
2665,37183053718.0,New Hope Baptist Church,10.643,13.304,21409.995,13.3 mi,1596,26.6,27 mins,1.25,30,ESTIMATED,,,35.914518,-78.743838,183
2666,37183053718.0,Wake County Public Health,12.81,16.013,25770.39,16.0 mi,1922,32.033,32 mins,1.25,30,ESTIMATED,,,35.914518,-78.743838,183
2667,37183053718.0,Peach Road Community Center,12.883,16.104,25917.288,16.1 mi,1933,32.217,32 mins,1.25,30,ESTIMATED,,,35.914518,-78.743838,183
2668,37183053718.0,Wake County Northern Regional Center,13.588,16.985,27335.066,17.0 mi,2038,33.967,34 mins,1.25,30,ESTIMATED,,,35.914518,-78.743838,183
2669,37183053718.0,Wendell Parks and Recreation,22.251,27.814,44762.398,27.8 mi,3338,55.633,56 mins,1.25,30,ESTIMATED,,,35.914518,-78.743838,183
2670,37183053718.0,Beech Bluff County Park,23.019,28.774,46307.392,28.8 mi,3453,57.55,58 mins,1.25,30,ESTIMATED,,,35.914518,-78.743838,183
2671,37183053718.0,Wakefield Missionary Baptist,24.422,30.527,49128.511,30.5 mi,3663,61.05,1 hr 1 mins,1.25,30,ESTIMATED,,,35.914518,-78.743838,183
2672,37183054204.0,Fuquay-Varina Growers Market,32.722,40.902,65826.136,40.9 mi,4908,81.8,1 hr 22 mins,1.25,30,ESTIMATED,,,35.998261,-78.514296,183
2673,37183054204.0,Pine Acres Community Center,32.771,40.964,65925.372,41.0 mi,4916,81.933,1 hr 22 mins,1.25,30,ESTIMATED,,,35.998261,-78.514296,183
2674,37183054204.0,Sherrill’s University of Cosmetology,14.443,18.054,29054.982,18.1 mi,2166,36.1,36 mins,1.25,30,ESTIMATED,,,35.998261,-78.514296,183
2675,37183054204.0,Raleigh Church of Christ,19.319,24.148,38862.926,24.1 mi,2898,48.3,48 mins,1.25,30,ESTIMATED,,,35.998261,-78.514296,183
2676,37183054204.0,The Rock Church,13.056,16.32,26264.448,16.3 mi,1958,32.633,33 mins,1.25,30,ESTIMATED,,,35.998261,-78.514296,183
2677,37183054204.0,Regeneration Temple,12.087,15.109,24315.105,15.1 mi,1813,30.217,30 mins,1.25,30,ESTIMATED,,,35.998261,-78.514296,183
2678,37183054204.0,Redeeming Love Missionary Baptist Church,17.785,22.231,35777.638,22.2 mi,2668,44.467,44 mins,1.25,30,ESTIMATED,,,35.998261,-78.514296,183
2679,37183054204.0,Historic Oak View Park,16.083,20.104,32353.954,20.1 mi,2412,40.2,40 mins,1.25,30,ESTIMATED,,,35.998261,-78.514296,183
2680,37183054204.0,Poe Center for Health Ed.,15.628,19.534,31437.567,19.5 mi,2344,39.067,39 mins,1.25,30,ESTIMATED,,,35.998261,-78.514296,183
2681,37183054204.0,New Hope Baptist Church,11.22,14.025,22570.805,14.0 mi,1683,28.05,28 mins,1.25,30,ESTIMATED,,,35.998261,-78.514296,183
2682,37183054204.0,Wake County Public Health,15.618,19.523,31419.203,19.5 mi,2343,39.05,39 mins,1.25,30,ESTIMATED,,,35.998261,-78.514296,183
2683,37183054204.0,Peach Road Community Center,19.336,24.17,38898.471,24.2 mi,2900,48.333,48 mins,1.25,30,ESTIMATED,,,35.998261,-78.514296,183
2684,37183054204.0,Wake County Northern Regional Center,1.956,2.445,3935.147,2.4 mi,293,4.883,5 mins,1.25,30,ESTIMATED,,,35.998261,-78.514296,183
2685,37183054204.0,Wendell Parks and Recreation,16.659,20.823,33511.817,20.8 mi,2499,41.65,42 mins,1.25,30,ESTIMATED,,,35.998261,-78.514296,183
2686,37183054204.0,Beech Bluff County Park,29.981,37.476,60311.86,37.5 mi,4497,74.95,1 hr 15 mins,1.25,30,ESTIMATED,,,35.998261,-78.514296,183
2687,37183054204.0,Wakefield Missionary Baptist,15.531,19.414,31243.266,19.4 mi,2330,38.833,39 mins,1.25,30,ESTIMATED,,,35.998261,-78.514296,183
2688,37183054004.0,Fuquay-Varina Growers Market,21.691,27.113,43634.796,27.1 mi,3254,54.233,54 mins,1.25,30,ESTIMATED,,,35.858975,-78.610669,183
2689,37183054004.0,Pine Acres Community Center,21.74,27.175,43733.974,27.2 mi,3261,54.35,54 mins,1.25,30,ESTIMATED,,,35.858975,-78.610669,183
2690,37183054004.0,Sherrill’s University of Cosmetology,4.475,5.593,9001.329,5.6 mi,671,11.183,11 mins,1.25,30,ESTIMATED,,,35.858975,-78.610669,183
2691,37183054004.0,Raleigh Church of Christ,8.531,10.664,17162.151,10.7 mi,1280,21.333,21 mins,1.25,30,ESTIMATED,,,35.858975,-78.610669,183
2692,37183054004.0,The Rock Church,3.016,3.77,6067.193,3.8 mi,452,7.533,8 mins,1.25,30,ESTIMATED,,,35.858975,-78.610669,183
2693,37183054004.0,Regeneration Temple,1.554,1.943,3126.654,1.9 mi,233,3.883,4 mins,1.25,30,ESTIMATED,,,35.858975,-78.610669,183
2694,37183054004.0,Redeeming Love Missionary Baptist Church,7.726,9.657,15541.74,9.7 mi,1159,19.317,19 mins,1.25,30,ESTIMATED,,,35.858975,-78.610669,183
2695,37183054004.0,Historic Oak View Park,6.506,8.132,13087.072,8.1 mi,976,16.267,16 mins,1.25,30,ESTIMATED,,,35.858975,-78.610669,183
2696,37183054004.0,Poe Center for Health Ed.,5.713,7.141,11492.792,7.1 mi,857,14.283,14 mins,1.25,30,ESTIMATED,,,35.858975,-78.610669,183
2697,37183054004.0,New Hope Baptist Church,2.259,2.823,4543.799,2.8 mi,339,5.65,6 mins,1.25,30,ESTIMATED,,,35.858975,-78.610669,183
2698,37183054004.0,Wake County Public Health,5.627,7.034,11319.949,7.0 mi,844,14.067,14 mins,1.25,30,ESTIMATED,,,35.858975,-78.610669,183
2699,37183054004.0,Peach Road Community Center,8.412,10.515,16922.055,10.5 mi,1262,21.033,21 mins,1.25,30,ESTIMATED,,,35.858975,-78.610669,183
2700,37183054004.0,Wake County Northern Regional Center,9.495,11.869,19100.977,11.9 mi,1424,23.733,24 mins,1.25,30,ESTIMATED,,,35.858975,-78.610669,183
2701,37183054004.0,Wendell Parks and Recreation,13.887,17.358,27935.568,17.4 mi,2083,34.717,35 mins,1.25,30,ESTIMATED,,,35.858975,-78.610669,183
2702,37183054004.0,Beech Bluff County Park,19.283,24.104,38792.174,24.1 mi,2893,48.217,48 mins,1.25,30,ESTIMATED,,,35.858975,-78.610669,183
2703,37183054004.0,Wakefield Missionary Baptist,16.473,20.591,33138.51,20.6 mi,2471,41.183,41 mins,1.25,30,ESTIMATED,,,35.858975,-78.610669,183
2704,37183054306.0,Fuquay-Varina Growers Market,30.844,38.554,62047.311,38.6 mi,4627,77.117,1 hr 17 mins,1.25,30,ESTIMATED,,,35.809166,-78.324581,183
2705,37183054306.0,Pine Acres Community Center,30.861,38.576,62081.908,38.6 mi,4629,77.15,1 hr 17 mins,1.25,30,ESTIMATED,,,35.809166,-78.324581,183
2706,37183054306.0,Sherrill’s University of Cosmetology,14.663,18.329,29497.593,18.3 mi,2199,36.65,37 mins,1.25,30,ESTIMATED,,,35.809166,-78.324581,183
2707,37183054306.0,Raleigh Church of Christ,22.443,28.053,45147.72,28.1 mi,3366,56.1,56 mins,1.25,30,ESTIMATED,,,35.809166,-78.324581,183
2708,37183054306.0,The Rock Church,14.811,18.513,29794.012,18.5 mi,2222,37.033,37 mins,1.25,30,ESTIMATED,,,35.809166,-78.324581,183
2709,37183054306.0,Regeneration Temple,15.601,19.501,31383.53,19.5 mi,2340,39.0,39 mins,1.25,30,ESTIMATED,,,35.809166,-78.324581,183
2710,37183054306.0,Redeeming Love Missionary Baptist Church,15.485,19.356,31150.209,19.4 mi,2323,38.717,39 mins,1.25,30,ESTIMATED,,,35.809166,-78.324581,183
2711,37183054306.0,Historic Oak View Park,14.121,17.651,28407.107,17.7 mi,2118,35.3,35 mins,1.25,30,ESTIMATED,,,35.809166,-78.324581,183
2712,37183054306.0,Poe Center for Health Ed.,14.675,18.344,29522.041,18.3 mi,2201,36.683,37 mins,1.25,30,ESTIMATED,,,35.809166,-78.324581,183
2713,37183054306.0,New Hope Baptist Church,14.235,17.794,28636.223,17.8 mi,2135,35.583,36 mins,1.25,30,ESTIMATED,,,35.809166,-78.324581,183
2714,37183054306.0,Wake County Public Health,14.819,18.524,29810.739,18.5 mi,2223,37.05,37 mins,1.25,30,ESTIMATED,,,35.809166,-78.324581,183
2715,37183054306.0,Peach Road Community Center,19.072,23.84,38367.521,23.8 mi,2861,47.683,48 mins,1.25,30,ESTIMATED,,,35.809166,-78.324581,183
2716,37183054306.0,Wake County Northern Regional Center,15.242,19.052,30661.457,19.1 mi,2286,38.1,38 mins,1.25,30,ESTIMATED,,,35.809166,-78.324581,183
2717,37183054306.0,Wendell Parks and Recreation,3.68,4.6,7403.14,4.6 mi,552,9.2,9 mins,1.25,30,ESTIMATED,,,35.809166,-78.324581,183
2718,37183054306.0,Beech Bluff County Park,25.199,31.498,50691.65,31.5 mi,3780,63.0,1 hr 3 mins,1.25,30,ESTIMATED,,,35.809166,-78.324581,183
2719,37183054306.0,Wakefield Missionary Baptist,2.151,2.688,4326.606,2.7 mi,323,5.383,5 mins,1.25,30,ESTIMATED,,,35.809166,-78.324581,183
2720,37183052508.0,Fuquay-Varina Growers Market,18.33,22.912,36873.512,22.9 mi,2749,45.817,46 mins,1.25,30,ESTIMATED,,,35.837831,-78.699984,183
2721,37183052508.0,Pine Acres Community Center,18.388,22.985,36990.636,23.0 mi,2758,45.967,46 mins,1.25,30,ESTIMATED,,,35.837831,-78.699984,183
2722,37183052508.0,Sherrill’s University of Cosmetology,6.978,8.722,14036.618,8.7 mi,1047,17.45,17 mins,1.25,30,ESTIMATED,,,35.837831,-78.699984,183
2723,37183052508.0,Raleigh Church of Christ,4.494,5.617,9039.564,5.6 mi,674,11.233,11 mins,1.25,30,ESTIMATED,,,35.837831,-78.699984,183
2724,37183052508.0,The Rock Church,6.37,7.963,12814.628,8.0 mi,956,15.933,16 mins,1.25,30,ESTIMATED,,,35.837831,-78.699984,183
2725,37183052508.0,Regeneration Temple,5.557,6.946,11178.342,6.9 mi,834,13.9,14 mins,1.25,30,ESTIMATED,,,35.837831,-78.699984,183
2726,37183052508.0,Redeeming Love Missionary Baptist Church,8.711,10.889,17523.936,10.9 mi,1307,21.783,22 mins,1.25,30,ESTIMATED,,,35.837831,-78.699984,183
2727,37183052508.0,Historic Oak View Park,8.563,10.704,17225.989,10.7 mi,1284,21.4,21 mins,1.25,30,ESTIMATED,,,35.837831,-78.699984,183
2728,37183052508.0,Poe Center for Health Ed.,7.666,9.583,15422.431,9.6 mi,1150,19.167,19 mins,1.25,30,ESTIMATED,,,35.837831,-78.699984,183
2729,37183052508.0,New Hope Baptist Church,7.004,8.756,14090.754,8.8 mi,1051,17.517,18 mins,1.25,30,ESTIMATED,,,35.837831,-78.699984,183
2730,37183052508.0,Wake County Public Health,7.512,9.389,15110.863,9.4 mi,1127,18.783,19 mins,1.25,30,ESTIMATED,,,35.837831,-78.699984,183
2731,37183052508.0,Peach Road Community Center,7.051,8.813,14183.518,8.8 mi,1058,17.633,18 mins,1.25,30,ESTIMATED,,,35.837831,-78.699984,183
2732,37183052508.0,Wake County Northern Regional Center,13.985,17.481,28133.195,17.5 mi,2098,34.967,35 mins,1.25,30,ESTIMATED,,,35.837831,-78.699984,183
2733,37183052508.0,Wendell Parks and Recreation,18.253,22.817,36719.998,22.8 mi,2738,45.633,46 mins,1.25,30,ESTIMATED,,,35.837831,-78.699984,183
2734,37183052508.0,Beech Bluff County Park,17.473,21.841,35150.086,21.8 mi,2621,43.683,44 mins,1.25,30,ESTIMATED,,,35.837831,-78.699984,183
2735,37183052508.0,Wakefield Missionary Baptist,21.425,26.781,43099.727,26.8 mi,3214,53.567,54 mins,1.25,30,ESTIMATED,,,35.837831,-78.699984,183
2736,37183053010.0,Fuquay-Varina Growers Market,10.175,12.719,20469.117,12.7 mi,1526,25.433,25 mins,1.25,30,ESTIMATED,,,35.710849,-78.705399,183
2737,37183053010.0,Pine Acres Community Center,10.223,12.778,20564.495,12.8 mi,1533,25.55,26 mins,1.25,30,ESTIMATED,,,35.710849,-78.705399,183
2738,37183053010.0,Sherrill’s University of Cosmetology,8.984,11.23,18072.936,11.2 mi,1348,22.467,22 mins,1.25,30,ESTIMATED,,,35.710849,-78.705399,183
2739,37183053010.0,Raleigh Church of Christ,4.573,5.716,9199.703,5.7 mi,686,11.433,11 mins,1.25,30,ESTIMATED,,,35.710849,-78.705399,183
2740,37183053010.0,The Rock Church,9.942,12.428,20000.633,12.4 mi,1491,24.85,25 mins,1.25,30,ESTIMATED,,,35.710849,-78.705399,183
2741,37183053010.0,Regeneration Temple,10.56,13.201,21244.331,13.2 mi,1584,26.4,26 mins,1.25,30,ESTIMATED,,,35.710849,-78.705399,183
2742,37183053010.0,Redeeming Love Missionary Baptist Church,6.948,8.685,13977.358,8.7 mi,1042,17.367,17 mins,1.25,30,ESTIMATED,,,35.710849,-78.705399,183
2743,37183053010.0,Historic Oak View Park,8.536,10.67,17171.77,10.7 mi,1280,21.333,21 mins,1.25,30,ESTIMATED,,,35.710849,-78.705399,183
2744,37183053010.0,Poe Center for Health Ed.,8.294,10.368,16684.975,10.4 mi,1244,20.733,21 mins,1.25,30,ESTIMATED,,,35.710849,-78.705399,183
2745,37183053010.0,New Hope Baptist Church,11.72,14.65,23577.278,14.7 mi,1758,29.3,29 mins,1.25,30,ESTIMATED,,,35.710849,-78.705399,183
2746,37183053010.0,Wake County Public Health,8.198,10.248,16492.035,10.2 mi,1230,20.5,20 mins,1.25,30,ESTIMATED,,,35.710849,-78.705399,183
2747,37183053010.0,Peach Road Community Center,3.588,4.485,7218.44,4.5 mi,538,8.967,9 mins,1.25,30,ESTIMATED,,,35.710849,-78.705399,183
2748,37183053010.0,Wake County Northern Regional Center,20.967,26.208,42178.275,26.2 mi,3145,52.417,52 mins,1.25,30,ESTIMATED,,,35.710849,-78.705399,183
2749,37183053010.0,Wendell Parks and Recreation,18.83,23.537,37878.934,23.5 mi,2824,47.067,47 mins,1.25,30,ESTIMATED,,,35.710849,-78.705399,183
2750,37183053010.0,Beech Bluff County Park,8.784,10.98,17670.433,11.0 mi,1318,21.967,22 mins,1.25,30,ESTIMATED,,,35.710849,-78.705399,183
2751,37183053010.0,Wakefield Missionary Baptist,23.498,29.373,47271.284,29.4 mi,3525,58.75,59 mins,1.25,30,ESTIMATED,,,35.710849,-78.705399,183
2752,37183053611.0,Fuquay-Varina Growers Market,16.788,20.984,33771.276,21.0 mi,2518,41.967,42 mins,1.25,30,ESTIMATED,,,35.826028,-78.840892,183
2753,37183053611.0,Pine Acres Community Center,16.857,21.071,33910.86,21.1 mi,2529,42.15,42 mins,1.25,30,ESTIMATED,,,35.826028,-78.840892,183
2754,37183053611.0,Sherrill’s University of Cosmetology,14.426,18.033,29021.068,18.0 mi,2164,36.067,36 mins,1.25,30,ESTIMATED,,,35.826028,-78.840892,183
2755,37183053611.0,Raleigh Church of Christ,7.479,9.348,15044.673,9.3 mi,1122,18.7,19 mins,1.25,30,ESTIMATED,,,35.826028,-78.840892,183
2756,37183053611.0,The Rock Church,14.141,17.676,28446.204,17.7 mi,2121,35.35,35 mins,1.25,30,ESTIMATED,,,35.826028,-78.840892,183
2757,37183053611.0,Regeneration Temple,13.476,16.844,27108.473,16.8 mi,2021,33.683,34 mins,1.25,30,ESTIMATED,,,35.826028,-78.840892,183
2758,37183053611.0,Redeeming Love Missionary Baptist Church,15.027,18.783,30228.817,18.8 mi,2254,37.567,38 mins,1.25,30,ESTIMATED,,,35.826028,-78.840892,183
2759,37183053611.0,Historic Oak View Park,15.559,19.449,31299.538,19.4 mi,2334,38.9,39 mins,1.25,30,ESTIMATED,,,35.826028,-78.840892,183
2760,37183053611.0,Poe Center for Health Ed.,14.764,18.455,29701.236,18.5 mi,2215,36.917,37 mins,1.25,30,ESTIMATED,,,35.826028,-78.840892,183
2761,37183053611.0,New Hope Baptist Church,14.936,18.67,30046.146,18.7 mi,2240,37.333,37 mins,1.25,30,ESTIMATED,,,35.826028,-78.840892,183
2762,37183053611.0,Wake County Public Health,14.605,18.257,29381.339,18.3 mi,2191,36.517,37 mins,1.25,30,ESTIMATED,,,35.826028,-78.840892,183
2763,37183053611.0,Peach Road Community Center,11.918,14.898,23975.82,14.9 mi,1788,29.8,30 mins,1.25,30,ESTIMATED,,,35.826028,-78.840892,183
2764,37183053611.0,Wake County Northern Regional Center,20.985,26.231,42214.464,26.2 mi,3148,52.467,52 mins,1.25,30,ESTIMATED,,,35.826028,-78.840892,183
2765,37183053611.0,Wendell Parks and Recreation,25.921,32.401,52144.748,32.4 mi,3888,64.8,1 hr 5 mins,1.25,30,ESTIMATED,,,35.826028,-78.840892,183
2766,37183053611.0,Beech Bluff County Park,18.931,23.664,38083.384,23.7 mi,2840,47.333,47 mins,1.25,30,ESTIMATED,,,35.826028,-78.840892,183
2767,37183053611.0,Wakefield Missionary Baptist,29.334,36.668,59011.309,36.7 mi,4400,73.333,1 hr 13 mins,1.25,30,ESTIMATED,,,35.826028,-78.840892,183
2768,37183053617.0,Fuquay-Varina Growers Market,17.943,22.429,36096.44,22.4 mi,2692,44.867,45 mins,1.25,30,ESTIMATED,,,35.832217,-78.899337,183
2769,37183053617.0,Pine Acres Community Center,18.014,22.517,36237.409,22.5 mi,2702,45.033,45 mins,1.25,30,ESTIMATED,,,35.832217,-78.899337,183
2770,37183053617.0,Sherrill’s University of Cosmetology,17.728,22.16,35663.168,22.2 mi,2659,44.317,44 mins,1.25,30,ESTIMATED,,,35.832217,-78.899337,183
2771,37183053617.0,Raleigh Church of Christ,10.637,13.296,21397.772,13.3 mi,1596,26.6,27 mins,1.25,30,ESTIMATED,,,35.832217,-78.899337,183
2772,37183053617.0,The Rock Church,17.43,21.787,35062.64,21.8 mi,2614,43.567,44 mins,1.25,30,ESTIMATED,,,35.832217,-78.899337,183
2773,37183053617.0,Regeneration Temple,16.728,20.91,33651.878,20.9 mi,2509,41.817,42 mins,1.25,30,ESTIMATED,,,35.832217,-78.899337,183
2774,37183053617.0,Redeeming Love Missionary Baptist Church,18.255,22.818,36722.68,22.8 mi,2738,45.633,46 mins,1.25,30,ESTIMATED,,,35.832217,-78.899337,183
2775,37183053617.0,Historic Oak View Park,18.841,23.552,37903.028,23.6 mi,2826,47.1,47 mins,1.25,30,ESTIMATED,,,35.832217,-78.899337,183
2776,37183053617.0,Poe Center for Health Ed.,18.055,22.569,36321.741,22.6 mi,2708,45.133,45 mins,1.25,30,ESTIMATED,,,35.832217,-78.899337,183
2777,37183053617.0,New Hope Baptist Church,18.177,22.721,36565.706,22.7 mi,2727,45.45,45 mins,1.25,30,ESTIMATED,,,35.832217,-78.899337,183
2778,37183053617.0,Wake County Public Health,17.897,22.371,36002.367,22.4 mi,2685,44.75,45 mins,1.25,30,ESTIMATED,,,35.832217,-78.899337,183
2779,37183053617.0,Peach Road Community Center,15.041,18.801,30256.951,18.8 mi,2256,37.6,38 mins,1.25,30,ESTIMATED,,,35.832217,-78.899337,183
2780,37183053617.0,Wake County Northern Regional Center,23.739,29.674,47755.766,29.7 mi,3561,59.35,59 mins,1.25,30,ESTIMATED,,,35.832217,-78.899337,183
2781,37183053617.0,Wendell Parks and Recreation,29.222,36.528,58786.164,36.5 mi,4383,73.05,1 hr 13 mins,1.25,30,ESTIMATED,,,35.832217,-78.899337,183
2782,37183053617.0,Beech Bluff County Park,21.047,26.309,42340.172,26.3 mi,3157,52.617,53 mins,1.25,30,ESTIMATED,,,35.832217,-78.899337,183
2783,37183053617.0,Wakefield Missionary Baptist,32.596,40.745,65572.182,40.7 mi,4889,81.483,1 hr 21 mins,1.25,30,ESTIMATED,,,35.832217,-78.899337,183
2784,37183053112.0,Fuquay-Varina Growers Market,1.234,1.543,2482.761,1.5 mi,185,3.083,3 mins,1.25,30,ESTIMATED,,,35.570947,-78.787122,183
2785,37183053112.0,Pine Acres Community Center,1.169,1.461,2351.007,1.5 mi,175,2.917,3 mins,1.25,30,ESTIMATED,,,35.570947,-78.787122,183
2786,37183053112.0,Sherrill’s University of Cosmetology,19.299,24.123,38822.929,24.1 mi,2895,48.25,48 mins,1.25,30,ESTIMATED,,,35.570947,-78.787122,183
2787,37183053112.0,Raleigh Church of Christ,14.586,18.233,29342.617,18.2 mi,2188,36.467,36 mins,1.25,30,ESTIMATED,,,35.570947,-78.787122,183
2788,37183053112.0,The Rock Church,20.449,25.561,41136.013,25.6 mi,3067,51.117,51 mins,1.25,30,ESTIMATED,,,35.570947,-78.787122,183
2789,37183053112.0,Regeneration Temple,21.205,26.506,42658.037,26.5 mi,3181,53.017,53 mins,1.25,30,ESTIMATED,,,35.570947,-78.787122,183
2790,37183053112.0,Redeeming Love Missionary Baptist Church,16.497,20.621,33186.563,20.6 mi,2475,41.25,41 mins,1.25,30,ESTIMATED,,,35.570947,-78.787122,183
2791,37183053112.0,Historic Oak View Park,18.316,22.895,36846.213,22.9 mi,2747,45.783,46 mins,1.25,30,ESTIMATED,,,35.570947,-78.787122,183
2792,37183053112.0,Poe Center for Health Ed.,18.365,22.956,36943.769,23.0 mi,2755,45.917,46 mins,1.25,30,ESTIMATED,,,35.570947,-78.787122,183
2793,37183053112.0,New Hope Baptist Church,22.275,27.843,44809.641,27.8 mi,3341,55.683,56 mins,1.25,30,ESTIMATED,,,35.570947,-78.787122,183
2794,37183053112.0,Wake County Public Health,18.309,22.887,36832.468,22.9 mi,2746,45.767,46 mins,1.25,30,ESTIMATED,,,35.570947,-78.787122,183
2795,37183053112.0,Peach Road Community Center,13.995,17.494,28154.068,17.5 mi,2099,34.983,35 mins,1.25,30,ESTIMATED,,,35.570947,-78.787122,183
2796,37183053112.0,Wake County Northern Regional Center,31.63,39.538,63629.647,39.5 mi,4745,79.083,1 hr 19 mins,1.25,30,ESTIMATED,,,35.570947,-78.787122,183
2797,37183053112.0,Wendell Parks and Recreation,27.058,33.823,54432.04,33.8 mi,4059,67.65,1 hr 8 mins,1.25,30,ESTIMATED,,,35.570947,-78.787122,183
2798,37183053112.0,Beech Bluff County Park,6.142,7.678,12356.074,7.7 mi,921,15.35,15 mins,1.25,30,ESTIMATED,,,35.570947,-78.787122,183
2799,37183053112.0,Wakefield Missionary Baptist,32.237,40.297,64850.983,40.3 mi,4836,80.6,1 hr 21 mins,1.25,30,ESTIMATED,,,35.570947,-78.787122,183
2800,37183054221.0,Fuquay-Varina Growers Market,32.311,40.388,64998.961,40.4 mi,4847,80.783,1 hr 21 mins,1.25,30,ESTIMATED,,,35.957793,-78.451663,183
2801,37183054221.0,Pine Acres Community Center,32.353,40.441,65083.551,40.4 mi,4853,80.883,1 hr 21 mins,1.25,30,ESTIMATED,,,35.957793,-78.451663,183
2802,37183054221.0,Sherrill’s University of Cosmetology,13.387,16.734,26930.829,16.7 mi,2008,33.467,33 mins,1.25,30,ESTIMATED,,,35.957793,-78.451663,183
2803,37183054221.0,Raleigh Church of Christ,19.729,24.661,39688.649,24.7 mi,2959,49.317,49 mins,1.25,30,ESTIMATED,,,35.957793,-78.451663,183
2804,37183054221.0,The Rock Church,12.27,15.337,24682.928,15.3 mi,1840,30.667,31 mins,1.25,30,ESTIMATED,,,35.957793,-78.451663,183
2805,37183054221.0,Regeneration Temple,11.756,14.695,23650.08,14.7 mi,1763,29.383,29 mins,1.25,30,ESTIMATED,,,35.957793,-78.451663,183
2806,37183054221.0,Redeeming Love Missionary Baptist Church,16.426,20.532,33043.289,20.5 mi,2464,41.067,41 mins,1.25,30,ESTIMATED,,,35.957793,-78.451663,183
2807,37183054221.0,Historic Oak View Park,14.605,18.256,29380.63,18.3 mi,2191,36.517,37 mins,1.25,30,ESTIMATED,,,35.957793,-78.451663,183
2808,37183054221.0,Poe Center for Health Ed.,14.388,17.985,28943.556,18.0 mi,2158,35.967,36 mins,1.25,30,ESTIMATED,,,35.957793,-78.451663,183
2809,37183054221.0,New Hope Baptist Church,10.492,13.115,21106.317,13.1 mi,1574,26.233,26 mins,1.25,30,ESTIMATED,,,35.957793,-78.451663,183
2810,37183054221.0,Wake County Public Health,14.424,18.03,29017.199,18.0 mi,2164,36.067,36 mins,1.25,30,ESTIMATED,,,35.957793,-78.451663,183
2811,37183054221.0,Peach Road Community Center,18.721,23.401,37659.729,23.4 mi,2808,46.8,47 mins,1.25,30,ESTIMATED,,,35.957793,-78.451663,183
2812,37183054221.0,Wake County Northern Regional Center,3.416,4.27,6871.638,4.3 mi,512,8.533,9 mins,1.25,30,ESTIMATED,,,35.957793,-78.451663,183
2813,37183054221.0,Wendell Parks and Recreation,12.733,15.916,25614.166,15.9 mi,1910,31.833,32 mins,1.25,30,ESTIMATED,,,35.957793,-78.451663,183
2814,37183054221.0,Beech Bluff County Park,28.714,35.893,57764.016,35.9 mi,4307,71.783,1 hr 12 mins,1.25,30,ESTIMATED,,,35.957793,-78.451663,183
2815,37183054221.0,Wakefield Missionary Baptist,11.086,13.858,22302.224,13.9 mi,1663,27.717,28 mins,1.25,30,ESTIMATED,,,35.957793,-78.451663,183
2816,37183053405.0,Fuquay-Varina Growers Market,9.428,11.785,18966.544,11.8 mi,1414,23.567,24 mins,1.25,30,ESTIMATED,,,35.721772,-78.798877,183
2817,37183053405.0,Pine Acres Community Center,9.495,11.869,19101.802,11.9 mi,1424,23.733,24 mins,1.25,30,ESTIMATED,,,35.721772,-78.798877,183
2818,37183053405.0,Sherrill’s University of Cosmetology,13.038,16.297,26227.282,16.3 mi,1956,32.6,33 mins,1.25,30,ESTIMATED,,,35.721772,-78.798877,183
2819,37183053405.0,Raleigh Church of Christ,5.652,7.065,11370.261,7.1 mi,848,14.133,14 mins,1.25,30,ESTIMATED,,,35.721772,-78.798877,183
2820,37183053405.0,The Rock Church,13.572,16.964,27301.598,17.0 mi,2036,33.933,34 mins,1.25,30,ESTIMATED,,,35.721772,-78.798877,183
2821,37183053405.0,Regeneration Temple,13.702,17.127,27563.884,17.1 mi,2055,34.25,34 mins,1.25,30,ESTIMATED,,,35.721772,-78.798877,183
2822,37183053405.0,Redeeming Love Missionary Baptist Church,11.832,14.79,23802.72,14.8 mi,1775,29.583,30 mins,1.25,30,ESTIMATED,,,35.721772,-78.798877,183
2823,37183053405.0,Historic Oak View Park,13.16,16.45,26473.912,16.5 mi,1974,32.9,33 mins,1.25,30,ESTIMATED,,,35.721772,-78.798877,183
2824,37183053405.0,Poe Center for Health Ed.,12.695,15.869,25538.861,15.9 mi,1904,31.733,32 mins,1.25,30,ESTIMATED,,,35.721772,-78.798877,183
2825,37183053405.0,New Hope Baptist Church,15.102,18.877,30379.722,18.9 mi,2265,37.75,38 mins,1.25,30,ESTIMATED,,,35.721772,-78.798877,183
2826,37183053405.0,Wake County Public Health,12.567,15.708,25280.072,15.7 mi,1885,31.417,31 mins,1.25,30,ESTIMATED,,,35.721772,-78.798877,183
2827,37183053405.0,Peach Road Community Center,8.209,10.262,16514.347,10.3 mi,1231,20.517,21 mins,1.25,30,ESTIMATED,,,35.721772,-78.798877,183
2828,37183053405.0,Wake County Northern Regional Center,23.551,29.438,47376.364,29.4 mi,3533,58.883,59 mins,1.25,30,ESTIMATED,,,35.721772,-78.798877,183
2829,37183053405.0,Wendell Parks and Recreation,23.78,29.725,47838.483,29.7 mi,3567,59.45,59 mins,1.25,30,ESTIMATED,,,35.721772,-78.798877,183
2830,37183053405.0,Beech Bluff County Park,11.564,14.455,23262.818,14.5 mi,1735,28.917,29 mins,1.25,30,ESTIMATED,,,35.721772,-78.798877,183
2831,37183053405.0,Wakefield Missionary Baptist,28.188,35.235,56704.705,35.2 mi,4228,70.467,1 hr 10 mins,1.25,30,ESTIMATED,,,35.721772,-78.798877,183
2832,37183054108.0,Fuquay-Varina Growers Market,23.219,29.024,46709.614,29.0 mi,3483,58.05,58 mins,1.25,30,ESTIMATED,,,35.769188,-78.453876,183
2833,37183054108.0,Pine Acres Community Center,23.24,29.05,46751.455,29.1 mi,3486,58.1,58 mins,1.25,30,ESTIMATED,,,35.769188,-78.453876,183
2834,37183054108.0,Sherrill’s University of Cosmetology,7.65,9.563,15389.625,9.6 mi,1148,19.133,19 mins,1.25,30,ESTIMATED,,,35.769188,-78.453876,183
2835,37183054108.0,Raleigh Church of Christ,15.086,18.857,30347.697,18.9 mi,2263,37.717,38 mins,1.25,30,ESTIMATED,,,35.769188,-78.453876,183
2836,37183054108.0,The Rock Church,8.304,10.379,16704.118,10.4 mi,1246,20.767,21 mins,1.25,30,ESTIMATED,,,35.769188,-78.453876,183
2837,37183054108.0,Regeneration Temple,9.505,11.881,19120.658,11.9 mi,1426,23.767,24 mins,1.25,30,ESTIMATED,,,35.769188,-78.453876,183
2838,37183054108.0,Redeeming Love Missionary Baptist Church,7.792,9.74,15675.651,9.7 mi,1169,19.483,19 mins,1.25,30,ESTIMATED,,,35.769188,-78.453876,183
2839,37183054108.0,Historic Oak View Park,6.618,8.272,13312.944,8.3 mi,993,16.55,17 mins,1.25,30,ESTIMATED,,,35.769188,-78.453876,183
2840,37183054108.0,Poe Center for Health Ed.,7.317,9.146,14719.738,9.1 mi,1098,18.3,18 mins,1.25,30,ESTIMATED,,,35.769188,-78.453876,183
2841,37183054108.0,New Hope Baptist Church,8.517,10.646,17133.761,10.6 mi,1278,21.3,21 mins,1.25,30,ESTIMATED,,,35.769188,-78.453876,183
2842,37183054108.0,Wake County Public Health,7.473,9.341,15033.444,9.3 mi,1121,18.683,19 mins,1.25,30,ESTIMATED,,,35.769188,-78.453876,183
2843,37183054108.0,Peach Road Community Center,11.413,14.267,22960.12,14.3 mi,1712,28.533,29 mins,1.25,30,ESTIMATED,,,35.769188,-78.453876,183
2844,37183054108.0,Wake County Northern Regional Center,14.242,17.803,28651.253,17.8 mi,2136,35.6,36 mins,1.25,30,ESTIMATED,,,35.769188,-78.453876,183
2845,37183054108.0,Wendell Parks and Recreation,4.164,5.205,8376.192,5.2 mi,625,10.417,10 mins,1.25,30,ESTIMATED,,,35.769188,-78.453876,183
2846,37183054108.0,Beech Bluff County Park,17.921,22.401,36050.393,22.4 mi,2688,44.8,45 mins,1.25,30,ESTIMATED,,,35.769188,-78.453876,183
2847,37183054108.0,Wakefield Missionary Baptist,9.066,11.332,18237.119,11.3 mi,1360,22.667,23 mins,1.25,30,ESTIMATED,,,35.769188,-78.453876,183
2848,37183054119.0,Fuquay-Varina Growers Market,21.339,26.674,42928.05,26.7 mi,3201,53.35,53 mins,1.25,30,ESTIMATED,,,35.821171,-78.554606,183
2849,37183054119.0,Pine Acres Community Center,21.378,26.723,43006.593,26.7 mi,3207,53.45,53 mins,1.25,30,ESTIMATED,,,35.821171,-78.554606,183
2850,37183054119.0,Sherrill’s University of Cosmetology,2.4,2.999,4827.15,3.0 mi,360,6.0,6 mins,1.25,30,ESTIMATED,,,35.821171,-78.554606,183
2851,37183054119.0,Raleigh Church of Christ,9.944,12.429,20003.263,12.4 mi,1492,24.867,25 mins,1.25,30,ESTIMATED,,,35.821171,-78.554606,183
2852,37183054119.0,The Rock Church,1.911,2.389,3844.945,2.4 mi,287,4.783,5 mins,1.25,30,ESTIMATED,,,35.821171,-78.554606,183
2853,37183054119.0,Regeneration Temple,2.835,3.543,5702.428,3.5 mi,425,7.083,7 mins,1.25,30,ESTIMATED,,,35.821171,-78.554606,183
2854,37183054119.0,Redeeming Love Missionary Baptist Church,5.417,6.771,10897.344,6.8 mi,813,13.55,14 mins,1.25,30,ESTIMATED,,,35.821171,-78.554606,183
2855,37183054119.0,Historic Oak View Park,3.652,4.565,7346.138,4.6 mi,548,9.133,9 mins,1.25,30,ESTIMATED,,,35.821171,-78.554606,183
2856,37183054119.0,Poe Center for Health Ed.,3.33,4.162,6698.292,4.2 mi,499,8.317,8 mins,1.25,30,ESTIMATED,,,35.821171,-78.554606,183
2857,37183054119.0,New Hope Baptist Church,1.925,2.407,3873.128,2.4 mi,289,4.817,5 mins,1.25,30,ESTIMATED,,,35.821171,-78.554606,183
2858,37183054119.0,Wake County Public Health,3.365,4.206,6769.517,4.2 mi,505,8.417,8 mins,1.25,30,ESTIMATED,,,35.821171,-78.554606,183
2859,37183054119.0,Peach Road Community Center,7.81,9.762,15711.12,9.8 mi,1171,19.517,20 mins,1.25,30,ESTIMATED,,,35.821171,-78.554606,183
2860,37183054119.0,Wake County Northern Regional Center,10.577,13.221,21277.609,13.2 mi,1587,26.45,26 mins,1.25,30,ESTIMATED,,,35.821171,-78.554606,183
2861,37183054119.0,Wendell Parks and Recreation,10.065,12.581,20247.222,12.6 mi,1510,25.167,25 mins,1.25,30,ESTIMATED,,,35.821171,-78.554606,183
2862,37183054119.0,Beech Bluff County Park,17.723,22.153,35652.193,22.2 mi,2658,44.3,44 mins,1.25,30,ESTIMATED,,,35.821171,-78.554606,183
2863,37183054119.0,Wakefield Missionary Baptist,13.345,16.681,26845.447,16.7 mi,2002,33.367,33 mins,1.25,30,ESTIMATED,,,35.821171,-78.554606,183
2864,37183053808.0,Fuquay-Varina Growers Market,24.798,30.997,49885.593,31.0 mi,3720,62.0,1 hr 2 mins,1.25,30,ESTIMATED,,,35.914161,-78.622984,183
2865,37183053808.0,Pine Acres Community Center,24.852,31.065,49994.253,31.1 mi,3728,62.133,1 hr 2 mins,1.25,30,ESTIMATED,,,35.914161,-78.622984,183
2866,37183053808.0,Sherrill’s University of Cosmetology,8.33,10.412,16756.85,10.4 mi,1249,20.817,21 mins,1.25,30,ESTIMATED,,,35.914161,-78.622984,183
2867,37183053808.0,Raleigh Church of Christ,11.094,13.868,22318.236,13.9 mi,1664,27.733,28 mins,1.25,30,ESTIMATED,,,35.914161,-78.622984,183
2868,37183053808.0,The Rock Church,6.841,8.551,13761.464,8.6 mi,1026,17.1,17 mins,1.25,30,ESTIMATED,,,35.914161,-78.622984,183
2869,37183053808.0,Regeneration Temple,5.41,6.762,10883.118,6.8 mi,811,13.517,14 mins,1.25,30,ESTIMATED,,,35.914161,-78.622984,183
2870,37183053808.0,Redeeming Love Missionary Baptist Church,11.599,14.499,23334.012,14.5 mi,1740,29.0,29 mins,1.25,30,ESTIMATED,,,35.914161,-78.622984,183
2871,37183053808.0,Historic Oak View Park,10.349,12.936,20818.134,12.9 mi,1552,25.867,26 mins,1.25,30,ESTIMATED,,,35.914161,-78.622984,183
2872,37183053808.0,Poe Center for Health Ed.,9.579,11.974,19269.771,12.0 mi,1437,23.95,24 mins,1.25,30,ESTIMATED,,,35.914161,-78.622984,183
2873,37183053808.0,New Hope Baptist Church,5.568,6.959,11200.047,7.0 mi,835,13.917,14 mins,1.25,30,ESTIMATED,,,35.914161,-78.622984,183
2874,37183053808.0,Wake County Public Health,9.497,11.872,19105.355,11.9 mi,1425,23.75,24 mins,1.25,30,ESTIMATED,,,35.914161,-78.622984,183
2875,37183053808.0,Peach Road Community Center,11.987,14.983,24113.185,15.0 mi,1798,29.967,30 mins,1.25,30,ESTIMATED,,,35.914161,-78.622984,183
2876,37183053808.0,Wake County Northern Regional Center,7.369,9.211,14823.224,9.2 mi,1105,18.417,18 mins,1.25,30,ESTIMATED,,,35.914161,-78.622984,183
2877,37183053808.0,Wendell Parks and Recreation,16.301,20.377,32793.153,20.4 mi,2445,40.75,41 mins,1.25,30,ESTIMATED,,,35.914161,-78.622984,183
2878,37183053808.0,Beech Bluff County Park,22.927,28.659,46121.389,28.7 mi,3439,57.317,57 mins,1.25,30,ESTIMATED,,,35.914161,-78.622984,183
2879,37183053808.0,Wakefield Missionary Baptist,17.859,22.324,35926.738,22.3 mi,2679,44.65,45 mins,1.25,30,ESTIMATED,,,35.914161,-78.622984,183
2880,37183052802.0,Fuquay-Varina Growers Market,12.314,15.392,24771.429,15.4 mi,1847,30.783,31 mins,1.25,30,ESTIMATED,,,35.708377,-78.641521,183
2881,37183052802.0,Pine Acres Community Center,12.346,15.433,24837.126,15.4 mi,1852,30.867,31 mins,1.25,30,ESTIMATED,,,35.708377,-78.641521,183
2882,37183052802.0,Sherrill’s University of Cosmetology,6.899,8.624,13878.41,8.6 mi,1035,17.25,17 mins,1.25,30,ESTIMATED,,,35.708377,-78.641521,183
2883,37183052802.0,Raleigh Church of Christ,6.505,8.132,13086.93,8.1 mi,976,16.267,16 mins,1.25,30,ESTIMATED,,,35.708377,-78.641521,183
2884,37183052802.0,The Rock Church,8.208,10.26,16511.702,10.3 mi,1231,20.517,21 mins,1.25,30,ESTIMATED,,,35.708377,-78.641521,183
2885,37183052802.0,Regeneration Temple,9.24,11.55,18587.611,11.5 mi,1386,23.1,23 mins,1.25,30,ESTIMATED,,,35.708377,-78.641521,183
2886,37183052802.0,Redeeming Love Missionary Baptist Church,3.979,4.974,8005.014,5.0 mi,597,9.95,10 mins,1.25,30,ESTIMATED,,,35.708377,-78.641521,183
2887,37183052802.0,Historic Oak View Park,5.787,7.234,11642.467,7.2 mi,868,14.467,14 mins,1.25,30,ESTIMATED,,,35.708377,-78.641521,183
2888,37183052802.0,Poe Center for Health Ed.,5.867,7.334,11802.33,7.3 mi,880,14.667,15 mins,1.25,30,ESTIMATED,,,35.708377,-78.641521,183
2889,37183052802.0,New Hope Baptist Church,10.052,12.565,20222.042,12.6 mi,1508,25.133,25 mins,1.25,30,ESTIMATED,,,35.708377,-78.641521,183
2890,37183052802.0,Wake County Public Health,5.826,7.283,11720.457,7.3 mi,874,14.567,15 mins,1.25,30,ESTIMATED,,,35.708377,-78.641521,183
2891,37183052802.0,Peach Road Community Center,2.479,3.099,4986.853,3.1 mi,372,6.2,6 mins,1.25,30,ESTIMATED,,,35.708377,-78.641521,183
2892,37183052802.0,Wake County Northern Regional Center,19.508,24.385,39244.197,24.4 mi,2926,48.767,49 mins,1.25,30,ESTIMATED,,,35.708377,-78.641521,183
2893,37183052802.0,Wendell Parks and Recreation,15.458,19.323,31097.204,19.3 mi,2319,38.65,39 mins,1.25,30,ESTIMATED,,,35.708377,-78.641521,183
2894,37183052802.0,Beech Bluff County Park,8.751,10.939,17604.027,10.9 mi,1313,21.883,22 mins,1.25,30,ESTIMATED,,,35.708377,-78.641521,183
2895,37183052802.0,Wakefield Missionary Baptist,20.306,25.383,40850.052,25.4 mi,3046,50.767,51 mins,1.25,30,ESTIMATED,,,35.708377,-78.641521,183
2896,37183050600.0,Fuquay-Varina Growers Market,17.005,21.256,34207.634,21.3 mi,2551,42.517,43 mins,1.25,30,ESTIMATED,,,35.784444,-78.622092,183
2897,37183050600.0,Pine Acres Community Center,17.048,21.31,34294.577,21.3 mi,2557,42.617,43 mins,1.25,30,ESTIMATED,,,35.784444,-78.622092,183
2898,37183050600.0,Sherrill’s University of Cosmetology,2.22,2.775,4466.474,2.8 mi,333,5.55,6 mins,1.25,30,ESTIMATED,,,35.784444,-78.622092,183
2899,37183050600.0,Raleigh Church of Christ,5.683,7.103,11431.654,7.1 mi,852,14.2,14 mins,1.25,30,ESTIMATED,,,35.784444,-78.622092,183
2900,37183050600.0,The Rock Church,3.044,3.805,6123.47,3.8 mi,457,7.617,8 mins,1.25,30,ESTIMATED,,,35.784444,-78.622092,183
2901,37183050600.0,Regeneration Temple,3.885,4.857,7816.312,4.9 mi,583,9.717,10 mins,1.25,30,ESTIMATED,,,35.784444,-78.622092,183
2902,37183050600.0,Redeeming Love Missionary Baptist Church,3.059,3.824,6153.735,3.8 mi,459,7.65,8 mins,1.25,30,ESTIMATED,,,35.784444,-78.622092,183
2903,37183050600.0,Historic Oak View Park,2.979,3.724,5993.549,3.7 mi,447,7.45,7 mins,1.25,30,ESTIMATED,,,35.784444,-78.622092,183
2904,37183050600.0,Poe Center for Health Ed.,2.176,2.719,4376.459,2.7 mi,326,5.433,5 mins,1.25,30,ESTIMATED,,,35.784444,-78.622092,183
2905,37183050600.0,New Hope Baptist Church,4.857,6.071,9770.453,6.1 mi,729,12.15,12 mins,1.25,30,ESTIMATED,,,35.784444,-78.622092,183
2906,37183050600.0,Wake County Public Health,2.018,2.522,4058.909,2.5 mi,303,5.05,5 mins,1.25,30,ESTIMATED,,,35.784444,-78.622092,183
2907,37183050600.0,Peach Road Community Center,3.423,4.279,6885.623,4.3 mi,513,8.55,9 mins,1.25,30,ESTIMATED,,,35.784444,-78.622092,183
2908,37183050600.0,Wake County Northern Regional Center,14.259,17.824,28685.412,17.8 mi,2139,35.65,36 mins,1.25,30,ESTIMATED,,,35.784444,-78.622092,183
2909,37183050600.0,Wendell Parks and Recreation,13.49,16.862,27136.687,16.9 mi,2023,33.717,34 mins,1.25,30,ESTIMATED,,,35.784444,-78.622092,183
2910,37183050600.0,Beech Bluff County Park,14.116,17.645,28396.119,17.6 mi,2117,35.283,35 mins,1.25,30,ESTIMATED,,,35.784444,-78.622092,183
2911,37183050600.0,Wakefield Missionary Baptist,17.49,21.862,35184.037,21.9 mi,2623,43.717,44 mins,1.25,30,ESTIMATED,,,35.784444,-78.622092,183
2912,37183053517.0,Fuquay-Varina Growers Market,13.899,17.374,27960.657,17.4 mi,2085,34.75,35 mins,1.25,30,ESTIMATED,,,35.784263,-78.763455,183
2913,37183053517.0,Pine Acres Community Center,13.963,17.454,28088.955,17.5 mi,2094,34.9,35 mins,1.25,30,ESTIMATED,,,35.784263,-78.763455,183
2914,37183053517.0,Sherrill’s University of Cosmetology,9.995,12.494,20107.562,12.5 mi,1499,24.983,25 mins,1.25,30,ESTIMATED,,,35.784263,-78.763455,183
2915,37183053517.0,Raleigh Church of Christ,2.354,2.943,4735.734,2.9 mi,353,5.883,6 mins,1.25,30,ESTIMATED,,,35.784263,-78.763455,183
2916,37183053517.0,The Rock Church,10.089,12.611,20295.814,12.6 mi,1513,25.217,25 mins,1.25,30,ESTIMATED,,,35.784263,-78.763455,183
2917,37183053517.0,Regeneration Temple,9.841,12.301,19796.987,12.3 mi,1476,24.6,25 mins,1.25,30,ESTIMATED,,,35.784263,-78.763455,183
2918,37183053517.0,Redeeming Love Missionary Baptist Church,10.01,12.513,20137.712,12.5 mi,1502,25.033,25 mins,1.25,30,ESTIMATED,,,35.784263,-78.763455,183
2919,37183053517.0,Historic Oak View Park,10.78,13.476,21686.854,13.5 mi,1617,26.95,27 mins,1.25,30,ESTIMATED,,,35.784263,-78.763455,183
2920,37183053517.0,Poe Center for Health Ed.,10.075,12.594,20267.611,12.6 mi,1511,25.183,25 mins,1.25,30,ESTIMATED,,,35.784263,-78.763455,183
2921,37183053517.0,New Hope Baptist Church,11.319,14.148,22769.455,14.1 mi,1698,28.3,28 mins,1.25,30,ESTIMATED,,,35.784263,-78.763455,183
2922,37183053517.0,Wake County Public Health,9.922,12.402,19958.888,12.4 mi,1488,24.8,25 mins,1.25,30,ESTIMATED,,,35.784263,-78.763455,183
2923,37183053517.0,Peach Road Community Center,6.739,8.423,13556.046,8.4 mi,1011,16.85,17 mins,1.25,30,ESTIMATED,,,35.784263,-78.763455,183
2924,37183053517.0,Wake County Northern Regional Center,19.102,23.877,38427.01,23.9 mi,2865,47.75,48 mins,1.25,30,ESTIMATED,,,35.784263,-78.763455,183
2925,37183053517.0,Wendell Parks and Recreation,21.413,26.766,43075.649,26.8 mi,3212,53.533,54 mins,1.25,30,ESTIMATED,,,35.784263,-78.763455,183
2926,37183053517.0,Beech Bluff County Park,14.523,18.153,29214.976,18.2 mi,2178,36.3,36 mins,1.25,30,ESTIMATED,,,35.784263,-78.763455,183
2927,37183053517.0,Wakefield Missionary Baptist,25.28,31.6,50855.972,31.6 mi,3792,63.2,1 hr 3 mins,1.25,30,ESTIMATED,,,35.784263,-78.763455,183
2928,37183053009.0,Fuquay-Varina Growers Market,9.995,12.494,20107.343,12.5 mi,1499,24.983,25 mins,1.25,30,ESTIMATED,,,35.686457,-78.672894,183
2929,37183053009.0,Pine Acres Community Center,10.029,12.536,20174.585,12.5 mi,1504,25.067,25 mins,1.25,30,ESTIMATED,,,35.686457,-78.672894,183
2930,37183053009.0,Sherrill’s University of Cosmetology,9.089,11.361,18283.994,11.4 mi,1363,22.717,23 mins,1.25,30,ESTIMATED,,,35.686457,-78.672894,183
2931,37183053009.0,Raleigh Church of Christ,6.761,8.451,13600.455,8.5 mi,1014,16.9,17 mins,1.25,30,ESTIMATED,,,35.686457,-78.672894,183
2932,37183053009.0,The Rock Church,10.314,12.892,20748.423,12.9 mi,1547,25.783,26 mins,1.25,30,ESTIMATED,,,35.686457,-78.672894,183
2933,37183053009.0,Regeneration Temple,11.221,14.027,22573.801,14.0 mi,1683,28.05,28 mins,1.25,30,ESTIMATED,,,35.686457,-78.672894,183
2934,37183053009.0,Redeeming Love Missionary Baptist Church,6.299,7.874,12671.726,7.9 mi,945,15.75,16 mins,1.25,30,ESTIMATED,,,35.686457,-78.672894,183
2935,37183053009.0,Historic Oak View Park,8.098,10.122,16289.824,10.1 mi,1215,20.25,20 mins,1.25,30,ESTIMATED,,,35.686457,-78.672894,183
2936,37183053009.0,Poe Center for Health Ed.,8.126,10.157,16346.219,10.2 mi,1219,20.317,20 mins,1.25,30,ESTIMATED,,,35.686457,-78.672894,183
2937,37183053009.0,New Hope Baptist Church,12.158,15.198,24458.257,15.2 mi,1824,30.4,30 mins,1.25,30,ESTIMATED,,,35.686457,-78.672894,183
2938,37183053009.0,Wake County Public Health,8.072,10.091,16239.17,10.1 mi,1211,20.183,20 mins,1.25,30,ESTIMATED,,,35.686457,-78.672894,183
2939,37183053009.0,Peach Road Community Center,4.01,5.013,8067.307,5.0 mi,602,10.033,10 mins,1.25,30,ESTIMATED,,,35.686457,-78.672894,183
2940,37183053009.0,Wake County Northern Regional Center,21.598,26.998,43448.279,27.0 mi,3240,54.0,54 mins,1.25,30,ESTIMATED,,,35.686457,-78.672894,183
2941,37183053009.0,Wendell Parks and Recreation,17.643,22.053,35491.071,22.1 mi,2646,44.1,44 mins,1.25,30,ESTIMATED,,,35.686457,-78.672894,183
2942,37183053009.0,Beech Bluff County Park,6.985,8.731,14051.026,8.7 mi,1048,17.467,17 mins,1.25,30,ESTIMATED,,,35.686457,-78.672894,183
2943,37183053009.0,Wakefield Missionary Baptist,22.566,28.208,45396.053,28.2 mi,3385,56.417,56 mins,1.25,30,ESTIMATED,,,35.686457,-78.672894,183
2944,37183053007.0,Fuquay-Varina Growers Market,10.054,12.568,20226.307,12.6 mi,1508,25.133,25 mins,1.25,30,ESTIMATED,,,35.720828,-78.734884,183
2945,37183053007.0,Pine Acres Community Center,10.11,12.638,20338.456,12.6 mi,1517,25.283,25 mins,1.25,30,ESTIMATED,,,35.720828,-78.734884,183
2946,37183053007.0,Sherrill’s University of Cosmetology,9.891,12.364,19897.195,12.4 mi,1484,24.733,25 mins,1.25,30,ESTIMATED,,,35.720828,-78.734884,183
2947,37183053007.0,Raleigh Church of Christ,3.837,4.796,7718.977,4.8 mi,576,9.6,10 mins,1.25,30,ESTIMATED,,,35.720828,-78.734884,183
2948,37183053007.0,The Rock Church,10.648,13.31,21419.696,13.3 mi,1597,26.617,27 mins,1.25,30,ESTIMATED,,,35.720828,-78.734884,183
2949,37183053007.0,Regeneration Temple,11.045,13.807,22219.784,13.8 mi,1657,27.617,28 mins,1.25,30,ESTIMATED,,,35.720828,-78.734884,183
2950,37183053007.0,Redeeming Love Missionary Baptist Church,8.32,10.4,16737.581,10.4 mi,1248,20.8,21 mins,1.25,30,ESTIMATED,,,35.720828,-78.734884,183
2951,37183053007.0,Historic Oak View Park,9.755,12.194,19624.229,12.2 mi,1463,24.383,24 mins,1.25,30,ESTIMATED,,,35.720828,-78.734884,183
2952,37183053007.0,Poe Center for Health Ed.,9.382,11.728,18873.891,11.7 mi,1407,23.45,23 mins,1.25,30,ESTIMATED,,,35.720828,-78.734884,183
2953,37183053007.0,New Hope Baptist Church,12.331,15.414,24806.382,15.4 mi,1850,30.833,31 mins,1.25,30,ESTIMATED,,,35.720828,-78.734884,183
2954,37183053007.0,Wake County Public Health,9.267,11.583,18641.734,11.6 mi,1390,23.167,23 mins,1.25,30,ESTIMATED,,,35.720828,-78.734884,183
2955,37183053007.0,Peach Road Community Center,4.738,5.923,9531.619,5.9 mi,711,11.85,12 mins,1.25,30,ESTIMATED,,,35.720828,-78.734884,183
2956,37183053007.0,Wake County Northern Regional Center,21.309,26.636,42867.264,26.6 mi,3196,53.267,53 mins,1.25,30,ESTIMATED,,,35.720828,-78.734884,183
2957,37183053007.0,Wendell Parks and Recreation,20.272,25.34,40780.891,25.3 mi,3041,50.683,51 mins,1.25,30,ESTIMATED,,,35.720828,-78.734884,183
2958,37183053007.0,Beech Bluff County Park,9.857,12.322,19829.833,12.3 mi,1479,24.65,25 mins,1.25,30,ESTIMATED,,,35.720828,-78.734884,183
2959,37183053007.0,Wakefield Missionary Baptist,24.797,30.997,49884.518,31.0 mi,3720,62.0,1 hr 2 mins,1.25,30,ESTIMATED,,,35.720828,-78.734884,183
2960,37183053206.0,Fuquay-Varina Growers Market,2.727,3.409,5486.02,3.4 mi,409,6.817,7 mins,1.25,30,ESTIMATED,,,35.615318,-78.831709,183
2961,37183053206.0,Pine Acres Community Center,2.791,3.489,5614.749,3.5 mi,419,6.983,7 mins,1.25,30,ESTIMATED,,,35.615318,-78.831709,183
2962,37183053206.0,Sherrill’s University of Cosmetology,18.67,23.338,37558.699,23.3 mi,2801,46.683,47 mins,1.25,30,ESTIMATED,,,35.615318,-78.831709,183
2963,37183053206.0,Raleigh Church of Christ,12.641,15.801,25429.154,15.8 mi,1896,31.6,32 mins,1.25,30,ESTIMATED,,,35.615318,-78.831709,183
2964,37183053206.0,The Rock Church,19.603,24.504,39435.237,24.5 mi,2940,49.0,49 mins,1.25,30,ESTIMATED,,,35.615318,-78.831709,183
2965,37183053206.0,Regeneration Temple,20.11,25.138,40455.01,25.1 mi,3017,50.283,50 mins,1.25,30,ESTIMATED,,,35.615318,-78.831709,183
2966,37183053206.0,Redeeming Love Missionary Baptist Church,16.365,20.456,32921.216,20.5 mi,2455,40.917,41 mins,1.25,30,ESTIMATED,,,35.615318,-78.831709,183
2967,37183053206.0,Historic Oak View Park,18.085,22.606,36381.228,22.6 mi,2713,45.217,45 mins,1.25,30,ESTIMATED,,,35.615318,-78.831709,183
2968,37183053206.0,Poe Center for Health Ed.,17.936,22.42,36081.323,22.4 mi,2690,44.833,45 mins,1.25,30,ESTIMATED,,,35.615318,-78.831709,183
2969,37183053206.0,New Hope Baptist Church,21.348,26.685,42945.219,26.7 mi,3202,53.367,53 mins,1.25,30,ESTIMATED,,,35.615318,-78.831709,183
2970,37183053206.0,Wake County Public Health,17.85,22.312,35907.582,22.3 mi,2677,44.617,45 mins,1.25,30,ESTIMATED,,,35.615318,-78.831709,183
2971,37183053206.0,Peach Road Community Center,13.265,16.581,26684.311,16.6 mi,1990,33.167,33 mins,1.25,30,ESTIMATED,,,35.615318,-78.831709,183
2972,37183053206.0,Wake County Northern Regional Center,30.402,38.002,61158.59,38.0 mi,4560,76.0,1 hr 16 mins,1.25,30,ESTIMATED,,,35.615318,-78.831709,183
2973,37183053206.0,Wendell Parks and Recreation,27.781,34.726,55886.034,34.7 mi,4167,69.45,1 hr 9 mins,1.25,30,ESTIMATED,,,35.615318,-78.831709,183
2974,37183053206.0,Beech Bluff County Park,8.807,11.009,17716.61,11.0 mi,1321,22.017,22 mins,1.25,30,ESTIMATED,,,35.615318,-78.831709,183
2975,37183053206.0,Wakefield Missionary Baptist,32.747,40.934,65876.97,40.9 mi,4912,81.867,1 hr 22 mins,1.25,30,ESTIMATED,,,35.615318,-78.831709,183
2976,37183053804.0,Fuquay-Varina Growers Market,28.027,35.034,56381.217,35.0 mi,4204,70.067,1 hr 10 mins,1.25,30,ESTIMATED,,,35.976252,-78.666747,183
2977,37183053804.0,Pine Acres Community Center,28.087,35.108,56501.485,35.1 mi,4213,70.217,1 hr 10 mins,1.25,30,ESTIMATED,,,35.976252,-78.666747,183
2978,37183053804.0,Sherrill’s University of Cosmetology,13.16,16.45,26473.303,16.4 mi,1974,32.9,33 mins,1.25,30,ESTIMATED,,,35.976252,-78.666747,183
2979,37183053804.0,Raleigh Church of Christ,14.222,17.778,28610.259,17.8 mi,2133,35.55,36 mins,1.25,30,ESTIMATED,,,35.976252,-78.666747,183
2980,37183053804.0,The Rock Church,11.702,14.628,23541.308,14.6 mi,1755,29.25,29 mins,1.25,30,ESTIMATED,,,35.976252,-78.666747,183
2981,37183053804.0,Regeneration Temple,10.244,12.805,20606.974,12.8 mi,1537,25.617,26 mins,1.25,30,ESTIMATED,,,35.976252,-78.666747,183
2982,37183053804.0,Redeeming Love Missionary Baptist Church,16.314,20.393,32819.551,20.4 mi,2447,40.783,41 mins,1.25,30,ESTIMATED,,,35.976252,-78.666747,183
2983,37183053804.0,Historic Oak View Park,15.193,18.992,30564.339,19.0 mi,2279,37.983,38 mins,1.25,30,ESTIMATED,,,35.976252,-78.666747,183
2984,37183053804.0,Poe Center for Health Ed.,14.384,17.98,28936.653,18.0 mi,2158,35.967,36 mins,1.25,30,ESTIMATED,,,35.976252,-78.666747,183
2985,37183053804.0,New Hope Baptist Church,10.507,13.133,21135.78,13.1 mi,1576,26.267,26 mins,1.25,30,ESTIMATED,,,35.976252,-78.666747,183
2986,37183053804.0,Wake County Public Health,14.289,17.862,28745.483,17.9 mi,2143,35.717,36 mins,1.25,30,ESTIMATED,,,35.976252,-78.666747,183
2987,37183053804.0,Peach Road Community Center,16.158,20.197,32503.75,20.2 mi,2424,40.4,40 mins,1.25,30,ESTIMATED,,,35.976252,-78.666747,183
2988,37183053804.0,Wake County Northern Regional Center,8.729,10.911,17560.045,10.9 mi,1309,21.817,22 mins,1.25,30,ESTIMATED,,,35.976252,-78.666747,183
2989,37183053804.0,Wendell Parks and Recreation,20.84,26.05,41923.207,26.0 mi,3126,52.1,52 mins,1.25,30,ESTIMATED,,,35.976252,-78.666747,183
2990,37183053804.0,Beech Bluff County Park,27.008,33.759,54330.554,33.8 mi,4051,67.517,1 hr 8 mins,1.25,30,ESTIMATED,,,35.976252,-78.666747,183
2991,37183053804.0,Wakefield Missionary Baptist,21.702,27.127,43657.173,27.1 mi,3255,54.25,54 mins,1.25,30,ESTIMATED,,,35.976252,-78.666747,183
2992,37183054115.0,Fuquay-Varina Growers Market,21.838,27.297,43930.17,27.3 mi,3276,54.6,55 mins,1.25,30,ESTIMATED,,,35.784694,-78.498229,183
2993,37183054115.0,Pine Acres Community Center,21.865,27.331,43985.7,27.3 mi,3280,54.667,55 mins,1.25,30,ESTIMATED,,,35.784694,-78.498229,183
2994,37183054115.0,Sherrill’s University of Cosmetology,4.989,6.236,10035.987,6.2 mi,748,12.467,12 mins,1.25,30,ESTIMATED,,,35.784694,-78.498229,183
2995,37183054115.0,Raleigh Church of Christ,12.608,15.76,25362.979,15.8 mi,1891,31.517,32 mins,1.25,30,ESTIMATED,,,35.784694,-78.498229,183
2996,37183054115.0,The Rock Church,5.597,6.997,11260.032,7.0 mi,840,14.0,14 mins,1.25,30,ESTIMATED,,,35.784694,-78.498229,183
2997,37183054115.0,Regeneration Temple,6.823,8.529,13726.644,8.5 mi,1024,17.067,17 mins,1.25,30,ESTIMATED,,,35.784694,-78.498229,183
2998,37183054115.0,Redeeming Love Missionary Baptist Church,5.748,7.185,11563.242,7.2 mi,862,14.367,14 mins,1.25,30,ESTIMATED,,,35.784694,-78.498229,183
2999,37183054115.0,Historic Oak View Park,4.25,5.312,8549.553,5.3 mi,637,10.617,11 mins,1.25,30,ESTIMATED,,,35.784694,-78.498229,183
3000,37183054115.0,Poe Center for Health Ed.,4.812,6.016,9681.198,6.0 mi,722,12.033,12 mins,1.25,30,ESTIMATED,,,35.784694,-78.498229,183
3001,37183054115.0,New Hope Baptist Church,5.923,7.404,11915.863,7.4 mi,889,14.817,15 mins,1.25,30,ESTIMATED,,,35.784694,-78.498229,183
3002,37183054115.0,Wake County Public Health,4.96,6.2,9978.729,6.2 mi,744,12.4,12 mins,1.25,30,ESTIMATED,,,35.784694,-78.498229,183
3003,37183054115.0,Peach Road Community Center,9.246,11.558,18600.312,11.6 mi,1387,23.117,23 mins,1.25,30,ESTIMATED,,,35.784694,-78.498229,183
3004,37183054115.0,Wake County Northern Regional Center,12.829,16.036,25807.783,16.0 mi,1924,32.067,32 mins,1.25,30,ESTIMATED,,,35.784694,-78.498229,183
3005,37183054115.0,Wendell Parks and Recreation,6.548,8.185,13172.49,8.2 mi,982,16.367,16 mins,1.25,30,ESTIMATED,,,35.784694,-78.498229,183
3006,37183054115.0,Beech Bluff County Park,17.108,21.385,34415.36,21.4 mi,2566,42.767,43 mins,1.25,30,ESTIMATED,,,35.784694,-78.498229,183
3007,37183054115.0,Wakefield Missionary Baptist,10.818,13.523,21762.644,13.5 mi,1623,27.05,27 mins,1.25,30,ESTIMATED,,,35.784694,-78.498229,183
3008,37183980100.0,Fuquay-Varina Growers Market,19.93,24.913,40093.433,24.9 mi,2990,49.833,50 mins,1.25,30,ESTIMATED,,,35.873606,-78.78801,183
3009,37183980100.0,Pine Acres Community Center,19.997,24.996,40227.562,25.0 mi,3000,50.0,50 mins,1.25,30,ESTIMATED,,,35.873606,-78.78801,183
3010,37183980100.0,Sherrill’s University of Cosmetology,12.488,15.609,25120.867,15.6 mi,1873,31.217,31 mins,1.25,30,ESTIMATED,,,35.873606,-78.78801,183
3011,37183980100.0,Raleigh Church of Christ,7.698,9.623,15486.656,9.6 mi,1155,19.25,19 mins,1.25,30,ESTIMATED,,,35.873606,-78.78801,183
3012,37183980100.0,The Rock Church,11.783,14.729,23704.549,14.7 mi,1768,29.467,29 mins,1.25,30,ESTIMATED,,,35.873606,-78.78801,183
3013,37183980100.0,Regeneration Temple,10.77,13.463,21666.453,13.5 mi,1616,26.933,27 mins,1.25,30,ESTIMATED,,,35.873606,-78.78801,183
3014,37183980100.0,Redeeming Love Missionary Baptist Church,14.05,17.562,28263.511,17.6 mi,2107,35.117,35 mins,1.25,30,ESTIMATED,,,35.873606,-78.78801,183
3015,37183980100.0,Historic Oak View Park,14.057,17.571,28277.646,17.6 mi,2109,35.15,35 mins,1.25,30,ESTIMATED,,,35.873606,-78.78801,183
3016,37183980100.0,Poe Center for Health Ed.,13.168,16.46,26489.162,16.5 mi,1975,32.917,33 mins,1.25,30,ESTIMATED,,,35.873606,-78.78801,183
3017,37183980100.0,New Hope Baptist Church,12.101,15.126,24343.154,15.1 mi,1815,30.25,30 mins,1.25,30,ESTIMATED,,,35.873606,-78.78801,183
3018,37183980100.0,Wake County Public Health,13.011,16.264,26174.76,16.3 mi,1952,32.533,33 mins,1.25,30,ESTIMATED,,,35.873606,-78.78801,183
3019,37183980100.0,Peach Road Community Center,11.733,14.666,23602.89,14.7 mi,1760,29.333,29 mins,1.25,30,ESTIMATED,,,35.873606,-78.78801,183
3020,37183980100.0,Wake County Northern Regional Center,16.881,21.102,33959.874,21.1 mi,2532,42.2,42 mins,1.25,30,ESTIMATED,,,35.873606,-78.78801,183
3021,37183980100.0,Wendell Parks and Recreation,23.63,29.537,47535.004,29.5 mi,3544,59.067,59 mins,1.25,30,ESTIMATED,,,35.873606,-78.78801,183
3022,37183980100.0,Beech Bluff County Park,20.819,26.024,41881.562,26.0 mi,3123,52.05,52 mins,1.25,30,ESTIMATED,,,35.873606,-78.78801,183
3023,37183980100.0,Wakefield Missionary Baptist,26.452,33.066,53213.867,33.1 mi,3968,66.133,1 hr 6 mins,1.25,30,ESTIMATED,,,35.873606,-78.78801,183
3024,37183051700.0,Fuquay-Varina Growers Market,18.299,22.874,36812.495,22.9 mi,2745,45.75,46 mins,1.25,30,ESTIMATED,,,35.820914,-78.651157,183
3025,37183051700.0,Pine Acres Community Center,18.351,22.938,36915.375,22.9 mi,2753,45.883,46 mins,1.25,30,ESTIMATED,,,35.820914,-78.651157,183
3026,37183051700.0,Sherrill’s University of Cosmetology,4.003,5.004,8053.185,5.0 mi,600,10.0,10 mins,1.25,30,ESTIMATED,,,35.820914,-78.651157,183
3027,37183051700.0,Raleigh Church of Christ,5.099,6.373,10256.968,6.4 mi,765,12.75,13 mins,1.25,30,ESTIMATED,,,35.820914,-78.651157,183
3028,37183051700.0,The Rock Church,3.505,4.382,7051.345,4.4 mi,526,8.767,9 mins,1.25,30,ESTIMATED,,,35.820914,-78.651157,183
3029,37183051700.0,Regeneration Temple,3.058,3.822,6151.553,3.8 mi,459,7.65,8 mins,1.25,30,ESTIMATED,,,35.820914,-78.651157,183
3030,37183051700.0,Redeeming Love Missionary Baptist Church,6.058,7.572,12186.501,7.6 mi,909,15.15,15 mins,1.25,30,ESTIMATED,,,35.820914,-78.651157,183
3031,37183051700.0,Historic Oak View Park,5.656,7.07,11377.994,7.1 mi,848,14.133,14 mins,1.25,30,ESTIMATED,,,35.820914,-78.651157,183
3032,37183051700.0,Poe Center for Health Ed.,4.748,5.935,9551.44,5.9 mi,712,11.867,12 mins,1.25,30,ESTIMATED,,,35.820914,-78.651157,183
3033,37183051700.0,New Hope Baptist Church,4.537,5.671,9126.099,5.7 mi,680,11.333,11 mins,1.25,30,ESTIMATED,,,35.820914,-78.651157,183
3034,37183051700.0,Wake County Public Health,4.598,5.747,9249.078,5.7 mi,690,11.5,12 mins,1.25,30,ESTIMATED,,,35.820914,-78.651157,183
3035,37183051700.0,Peach Road Community Center,5.415,6.768,10892.403,6.8 mi,812,13.533,14 mins,1.25,30,ESTIMATED,,,35.820914,-78.651157,183
3036,37183051700.0,Wake County Northern Regional Center,12.959,16.198,26068.881,16.2 mi,1944,32.4,32 mins,1.25,30,ESTIMATED,,,35.820914,-78.651157,183
3037,37183051700.0,Wendell Parks and Recreation,15.346,19.182,30870.476,19.2 mi,2302,38.367,38 mins,1.25,30,ESTIMATED,,,35.820914,-78.651157,183
3038,37183051700.0,Beech Bluff County Park,16.342,20.428,32874.877,20.4 mi,2451,40.85,41 mins,1.25,30,ESTIMATED,,,35.820914,-78.651157,183
3039,37183051700.0,Wakefield Missionary Baptist,18.737,23.421,37692.306,23.4 mi,2811,46.85,47 mins,1.25,30,ESTIMATED,,,35.820914,-78.651157,183
3040,37183054404.0,Fuquay-Varina Growers Market,27.994,34.992,56314.799,35.0 mi,4199,69.983,1 hr 10 mins,1.25,30,ESTIMATED,,,35.804391,-78.380494,183
3041,37183054404.0,Pine Acres Community Center,28.014,35.018,56355.623,35.0 mi,4202,70.033,1 hr 10 mins,1.25,30,ESTIMATED,,,35.804391,-78.380494,183
3042,37183054404.0,Sherrill’s University of Cosmetology,11.518,14.397,23170.373,14.4 mi,1728,28.8,29 mins,1.25,30,ESTIMATED,,,35.804391,-78.380494,183
3043,37183054404.0,Raleigh Church of Christ,19.292,24.116,38810.206,24.1 mi,2894,48.233,48 mins,1.25,30,ESTIMATED,,,35.804391,-78.380494,183
3044,37183054404.0,The Rock Church,11.707,14.633,23549.784,14.6 mi,1756,29.267,29 mins,1.25,30,ESTIMATED,,,35.804391,-78.380494,183
3045,37183054404.0,Regeneration Temple,12.557,15.697,25261.303,15.7 mi,1884,31.4,31 mins,1.25,30,ESTIMATED,,,35.804391,-78.380494,183
3046,37183054404.0,Redeeming Love Missionary Baptist Church,12.39,15.488,24925.42,15.5 mi,1859,30.983,31 mins,1.25,30,ESTIMATED,,,35.804391,-78.380494,183
3047,37183054404.0,Historic Oak View Park,10.986,13.732,22099.584,13.7 mi,1648,27.467,27 mins,1.25,30,ESTIMATED,,,35.804391,-78.380494,183
3048,37183054404.0,Poe Center for Health Ed.,11.527,14.409,23189.6,14.4 mi,1729,28.817,29 mins,1.25,30,ESTIMATED,,,35.804391,-78.380494,183
3049,37183054404.0,New Hope Baptist Church,11.234,14.042,22599.094,14.0 mi,1685,28.083,28 mins,1.25,30,ESTIMATED,,,35.804391,-78.380494,183
3050,37183054404.0,Wake County Public Health,11.67,14.588,23477.017,14.6 mi,1751,29.183,29 mins,1.25,30,ESTIMATED,,,35.804391,-78.380494,183
3051,37183054404.0,Peach Road Community Center,15.957,19.947,32101.258,19.9 mi,2394,39.9,40 mins,1.25,30,ESTIMATED,,,35.804391,-78.380494,183
3052,37183054404.0,Wake County Northern Regional Center,13.576,16.97,27309.787,17.0 mi,2036,33.933,34 mins,1.25,30,ESTIMATED,,,35.804391,-78.380494,183
3053,37183054404.0,Wendell Parks and Recreation,1.512,1.89,3042.21,1.9 mi,227,3.783,4 mins,1.25,30,ESTIMATED,,,35.804391,-78.380494,183
3054,37183054404.0,Beech Bluff County Park,22.58,28.225,45423.689,28.2 mi,3387,56.45,56 mins,1.25,30,ESTIMATED,,,35.804391,-78.380494,183
3055,37183054404.0,Wakefield Missionary Baptist,4.293,5.366,8636.495,5.4 mi,644,10.733,11 mins,1.25,30,ESTIMATED,,,35.804391,-78.380494,183
3056,37183054121.0,Fuquay-Varina Growers Market,25.275,31.593,50844.282,31.6 mi,3791,63.183,1 hr 3 mins,1.25,30,ESTIMATED,,,35.868728,-78.515264,183
3057,37183054121.0,Pine Acres Community Center,25.315,31.643,50924.848,31.6 mi,3797,63.283,1 hr 3 mins,1.25,30,ESTIMATED,,,35.868728,-78.515264,183
3058,37183054121.0,Sherrill’s University of Cosmetology,6.317,7.897,12708.351,7.9 mi,948,15.8,16 mins,1.25,30,ESTIMATED,,,35.868728,-78.515264,183
3059,37183054121.0,Raleigh Church of Christ,13.295,16.619,26746.133,16.6 mi,1994,33.233,33 mins,1.25,30,ESTIMATED,,,35.868728,-78.515264,183
3060,37183054121.0,The Rock Church,5.35,6.687,10761.97,6.7 mi,802,13.367,13 mins,1.25,30,ESTIMATED,,,35.868728,-78.515264,183
3061,37183054121.0,Regeneration Temple,5.24,6.55,10540.593,6.5 mi,786,13.1,13 mins,1.25,30,ESTIMATED,,,35.868728,-78.515264,183
3062,37183054121.0,Redeeming Love Missionary Baptist Church,9.323,11.654,18754.607,11.7 mi,1398,23.3,23 mins,1.25,30,ESTIMATED,,,35.868728,-78.515264,183
3063,37183054121.0,Historic Oak View Park,7.51,9.388,15107.878,9.4 mi,1127,18.783,19 mins,1.25,30,ESTIMATED,,,35.868728,-78.515264,183
3064,37183054121.0,Poe Center for Health Ed.,7.281,9.101,14646.462,9.1 mi,1092,18.2,18 mins,1.25,30,ESTIMATED,,,35.868728,-78.515264,183
3065,37183054121.0,New Hope Baptist Church,3.777,4.722,7599.059,4.7 mi,567,9.45,9 mins,1.25,30,ESTIMATED,,,35.868728,-78.515264,183
3066,37183054121.0,Wake County Public Health,7.321,9.151,14726.659,9.2 mi,1098,18.3,18 mins,1.25,30,ESTIMATED,,,35.868728,-78.515264,183
3067,37183054121.0,Peach Road Community Center,11.707,14.634,23551.019,14.6 mi,1756,29.267,29 mins,1.25,30,ESTIMATED,,,35.868728,-78.515264,183
3068,37183054121.0,Wake County Northern Regional Center,7.008,8.76,14097.413,8.8 mi,1051,17.517,18 mins,1.25,30,ESTIMATED,,,35.868728,-78.515264,183
3069,37183054121.0,Wendell Parks and Recreation,9.575,11.969,19262.635,12.0 mi,1436,23.933,24 mins,1.25,30,ESTIMATED,,,35.868728,-78.515264,183
3070,37183054121.0,Beech Bluff County Park,21.624,27.03,43500.905,27.0 mi,3244,54.067,54 mins,1.25,30,ESTIMATED,,,35.868728,-78.515264,183
3071,37183054121.0,Wakefield Missionary Baptist,11.255,14.069,22641.665,14.1 mi,1688,28.133,28 mins,1.25,30,ESTIMATED,,,35.868728,-78.515264,183
3072,37183051600.0,Fuquay-Varina Growers Market,17.246,21.558,34693.602,21.6 mi,2587,43.117,43 mins,1.25,30,ESTIMATED,,,35.806649,-78.65807,183
3073,37183051600.0,Pine Acres Community Center,17.297,21.621,34795.893,21.6 mi,2595,43.25,43 mins,1.25,30,ESTIMATED,,,35.806649,-78.65807,183
3074,37183051600.0,Sherrill’s University of Cosmetology,4.097,5.121,8241.799,5.1 mi,615,10.25,10 mins,1.25,30,ESTIMATED,,,35.806649,-78.65807,183
3075,37183051600.0,Raleigh Church of Christ,4.222,5.277,8492.413,5.3 mi,633,10.55,11 mins,1.25,30,ESTIMATED,,,35.806649,-78.65807,183
3076,37183051600.0,The Rock Church,3.985,4.982,8017.389,5.0 mi,598,9.967,10 mins,1.25,30,ESTIMATED,,,35.806649,-78.65807,183
3077,37183051600.0,Regeneration Temple,3.871,4.838,7786.296,4.8 mi,581,9.683,10 mins,1.25,30,ESTIMATED,,,35.806649,-78.65807,183
3078,37183051600.0,Redeeming Love Missionary Baptist Church,5.53,6.912,11123.907,6.9 mi,829,13.817,14 mins,1.25,30,ESTIMATED,,,35.806649,-78.65807,183
3079,37183051600.0,Historic Oak View Park,5.445,6.807,10954.299,6.8 mi,817,13.617,14 mins,1.25,30,ESTIMATED,,,35.806649,-78.65807,183
3080,37183051600.0,Poe Center for Health Ed.,4.573,5.716,9199.184,5.7 mi,686,11.433,11 mins,1.25,30,ESTIMATED,,,35.806649,-78.65807,183
3081,37183051600.0,New Hope Baptist Church,5.299,6.624,10660.749,6.6 mi,795,13.25,13 mins,1.25,30,ESTIMATED,,,35.806649,-78.65807,183
3082,37183051600.0,Wake County Public Health,4.414,5.518,8880.103,5.5 mi,662,11.033,11 mins,1.25,30,ESTIMATED,,,35.806649,-78.65807,183
3083,37183051600.0,Peach Road Community Center,4.429,5.536,8909.737,5.5 mi,664,11.067,11 mins,1.25,30,ESTIMATED,,,35.806649,-78.65807,183
3084,37183051600.0,Wake County Northern Regional Center,13.981,17.476,28124.612,17.5 mi,2097,34.95,35 mins,1.25,30,ESTIMATED,,,35.806649,-78.65807,183
3085,37183051600.0,Wendell Parks and Recreation,15.593,19.491,31367.602,19.5 mi,2339,38.983,39 mins,1.25,30,ESTIMATED,,,35.806649,-78.65807,183
3086,37183051600.0,Beech Bluff County Park,15.326,19.158,30831.591,19.2 mi,2299,38.317,38 mins,1.25,30,ESTIMATED,,,35.806649,-78.65807,183
3087,37183051600.0,Wakefield Missionary Baptist,19.217,24.021,38658.552,24.0 mi,2883,48.05,48 mins,1.25,30,ESTIMATED,,,35.806649,-78.65807,183
3088,37183053430.0,Fuquay-Varina Growers Market,11.667,14.584,23470.565,14.6 mi,1750,29.167,29 mins,1.25,30,ESTIMATED,,,35.746191,-78.863338,183
3089,37183053430.0,Pine Acres Community Center,11.737,14.672,23611.562,14.7 mi,1761,29.35,29 mins,1.25,30,ESTIMATED,,,35.746191,-78.863338,183
3090,37183053430.0,Sherrill’s University of Cosmetology,15.953,19.942,32092.995,19.9 mi,2393,39.883,40 mins,1.25,30,ESTIMATED,,,35.746191,-78.863338,183
3091,37183053430.0,Raleigh Church of Christ,8.132,10.165,16358.526,10.2 mi,1220,20.333,20 mins,1.25,30,ESTIMATED,,,35.746191,-78.863338,183
3092,37183053430.0,The Rock Church,16.202,20.252,32593.011,20.3 mi,2430,40.5,40 mins,1.25,30,ESTIMATED,,,35.746191,-78.863338,183
3093,37183053430.0,Regeneration Temple,16.023,20.029,32232.969,20.0 mi,2403,40.05,40 mins,1.25,30,ESTIMATED,,,35.746191,-78.863338,183
3094,37183053430.0,Redeeming Love Missionary Baptist Church,15.302,19.128,30783.523,19.1 mi,2295,38.25,38 mins,1.25,30,ESTIMATED,,,35.746191,-78.863338,183
3095,37183053430.0,Historic Oak View Park,16.424,20.53,33039.209,20.5 mi,2464,41.067,41 mins,1.25,30,ESTIMATED,,,35.746191,-78.863338,183
3096,37183053430.0,Poe Center for Health Ed.,15.836,19.796,31857.896,19.8 mi,2375,39.583,40 mins,1.25,30,ESTIMATED,,,35.746191,-78.863338,183
3097,37183053430.0,New Hope Baptist Church,17.496,21.87,35197.139,21.9 mi,2624,43.733,44 mins,1.25,30,ESTIMATED,,,35.746191,-78.863338,183
3098,37183053430.0,Wake County Public Health,15.693,19.617,31569.891,19.6 mi,2354,39.233,39 mins,1.25,30,ESTIMATED,,,35.746191,-78.863338,183
3099,37183053430.0,Peach Road Community Center,11.698,14.623,23533.295,14.6 mi,1755,29.25,29 mins,1.25,30,ESTIMATED,,,35.746191,-78.863338,183
3100,37183053430.0,Wake County Northern Regional Center,25.08,31.349,50452.107,31.3 mi,3762,62.7,1 hr 3 mins,1.25,30,ESTIMATED,,,35.746191,-78.863338,183
3101,37183053430.0,Wendell Parks and Recreation,27.134,33.917,54584.421,33.9 mi,4070,67.833,1 hr 8 mins,1.25,30,ESTIMATED,,,35.746191,-78.863338,183
3102,37183053430.0,Beech Bluff County Park,15.166,18.957,30508.508,19.0 mi,2275,37.917,38 mins,1.25,30,ESTIMATED,,,35.746191,-78.863338,183
3103,37183053430.0,Wakefield Missionary Baptist,31.267,39.084,62899.873,39.1 mi,4690,78.167,1 hr 18 mins,1.25,30,ESTIMATED,,,35.746191,-78.863338,183
3104,37183054012.0,Fuquay-Varina Growers Market,22.986,28.733,46240.491,28.7 mi,3448,57.467,57 mins,1.25,30,ESTIMATED,,,35.878675,-78.606872,183
3105,37183054012.0,Pine Acres Community Center,23.036,28.795,46341.746,28.8 mi,3455,57.583,58 mins,1.25,30,ESTIMATED,,,35.878675,-78.606872,183
3106,37183054012.0,Sherrill’s University of Cosmetology,5.736,7.17,11539.675,7.2 mi,860,14.333,14 mins,1.25,30,ESTIMATED,,,35.878675,-78.606872,183
3107,37183054012.0,Raleigh Church of Christ,9.646,12.058,19404.665,12.1 mi,1447,24.117,24 mins,1.25,30,ESTIMATED,,,35.878675,-78.606872,183
3108,37183054012.0,The Rock Church,4.238,5.297,8525.32,5.3 mi,636,10.6,11 mins,1.25,30,ESTIMATED,,,35.878675,-78.606872,183
3109,37183054012.0,Regeneration Temple,2.834,3.542,5701.021,3.5 mi,425,7.083,7 mins,1.25,30,ESTIMATED,,,35.878675,-78.606872,183
3110,37183054012.0,Redeeming Love Missionary Baptist Church,9.05,11.313,18206.302,11.3 mi,1358,22.633,23 mins,1.25,30,ESTIMATED,,,35.878675,-78.606872,183
3111,37183054012.0,Historic Oak View Park,7.745,9.682,15581.074,9.7 mi,1162,19.367,19 mins,1.25,30,ESTIMATED,,,35.878675,-78.606872,183
3112,37183054012.0,Poe Center for Health Ed.,6.993,8.741,14067.381,8.7 mi,1049,17.483,17 mins,1.25,30,ESTIMATED,,,35.878675,-78.606872,183
3113,37183054012.0,New Hope Baptist Church,3.01,3.762,6054.51,3.8 mi,451,7.517,8 mins,1.25,30,ESTIMATED,,,35.878675,-78.606872,183
3114,37183054012.0,Wake County Public Health,6.918,8.647,13916.439,8.6 mi,1038,17.3,17 mins,1.25,30,ESTIMATED,,,35.878675,-78.606872,183
3115,37183054012.0,Peach Road Community Center,9.777,12.222,19668.921,12.2 mi,1467,24.45,24 mins,1.25,30,ESTIMATED,,,35.878675,-78.606872,183
3116,37183054012.0,Wake County Northern Regional Center,8.293,10.366,16682.706,10.4 mi,1244,20.733,21 mins,1.25,30,ESTIMATED,,,35.878675,-78.606872,183
3117,37183054012.0,Wendell Parks and Recreation,14.269,17.837,28705.454,17.8 mi,2140,35.667,36 mins,1.25,30,ESTIMATED,,,35.878675,-78.606872,183
3118,37183054012.0,Beech Bluff County Park,20.66,25.825,41560.765,25.8 mi,3099,51.65,52 mins,1.25,30,ESTIMATED,,,35.878675,-78.606872,183
3119,37183054012.0,Wakefield Missionary Baptist,16.426,20.533,33044.594,20.5 mi,2464,41.067,41 mins,1.25,30,ESTIMATED,,,35.878675,-78.606872,183
3120,37183053725.0,Fuquay-Varina Growers Market,21.163,26.454,42573.389,26.5 mi,3174,52.9,53 mins,1.25,30,ESTIMATED,,,35.883411,-78.713404,183
3121,37183053725.0,Pine Acres Community Center,21.224,26.53,42696.371,26.5 mi,3184,53.067,53 mins,1.25,30,ESTIMATED,,,35.883411,-78.713404,183
3122,37183053725.0,Sherrill’s University of Cosmetology,9.292,11.615,18692.669,11.6 mi,1394,23.233,23 mins,1.25,30,ESTIMATED,,,35.883411,-78.713404,183
3123,37183053725.0,Raleigh Church of Christ,7.475,9.343,15036.851,9.3 mi,1121,18.683,19 mins,1.25,30,ESTIMATED,,,35.883411,-78.713404,183
3124,37183053725.0,The Rock Church,8.279,10.349,16654.85,10.3 mi,1242,20.7,21 mins,1.25,30,ESTIMATED,,,35.883411,-78.713404,183
3125,37183053725.0,Regeneration Temple,7.045,8.807,14172.885,8.8 mi,1057,17.617,18 mins,1.25,30,ESTIMATED,,,35.883411,-78.713404,183
3126,37183053725.0,Redeeming Love Missionary Baptist Church,11.598,14.497,23330.836,14.5 mi,1740,29.0,29 mins,1.25,30,ESTIMATED,,,35.883411,-78.713404,183
3127,37183053725.0,Historic Oak View Park,11.135,13.919,22400.211,13.9 mi,1670,27.833,28 mins,1.25,30,ESTIMATED,,,35.883411,-78.713404,183
3128,37183053725.0,Poe Center for Health Ed.,10.224,12.78,20567.311,12.8 mi,1534,25.567,26 mins,1.25,30,ESTIMATED,,,35.883411,-78.713404,183
3129,37183053725.0,New Hope Baptist Church,8.219,10.273,16533.271,10.3 mi,1233,20.55,21 mins,1.25,30,ESTIMATED,,,35.883411,-78.713404,183
3130,37183053725.0,Wake County Public Health,10.082,12.602,20281.172,12.6 mi,1512,25.2,25 mins,1.25,30,ESTIMATED,,,35.883411,-78.713404,183
3131,37183053725.0,Peach Road Community Center,10.268,12.836,20656.889,12.8 mi,1540,25.667,26 mins,1.25,30,ESTIMATED,,,35.883411,-78.713404,183
3132,37183053725.0,Wake County Northern Regional Center,12.819,16.024,25788.066,16.0 mi,1923,32.05,32 mins,1.25,30,ESTIMATED,,,35.883411,-78.713404,183
3133,37183053725.0,Wendell Parks and Recreation,19.859,24.824,39950.262,24.8 mi,2979,49.65,50 mins,1.25,30,ESTIMATED,,,35.883411,-78.713404,183
3134,37183053725.0,Beech Bluff County Park,20.672,25.84,41586.232,25.8 mi,3101,51.683,52 mins,1.25,30,ESTIMATED,,,35.883411,-78.713404,183
3135,37183053725.0,Wakefield Missionary Baptist,22.374,27.967,45009.049,28.0 mi,3356,55.933,56 mins,1.25,30,ESTIMATED,,,35.883411,-78.713404,183
3136,37183052809.0,Fuquay-Varina Growers Market,15.039,18.799,30253.568,18.8 mi,2256,37.6,38 mins,1.25,30,ESTIMATED,,,35.662042,-78.549576,183
3137,37183052809.0,Pine Acres Community Center,15.045,18.806,30265.24,18.8 mi,2257,37.617,38 mins,1.25,30,ESTIMATED,,,35.662042,-78.549576,183
3138,37183052809.0,Sherrill’s University of Cosmetology,9.572,11.966,19256.694,12.0 mi,1436,23.933,24 mins,1.25,30,ESTIMATED,,,35.662042,-78.549576,183
3139,37183052809.0,Raleigh Church of Christ,12.488,15.61,25122.183,15.6 mi,1873,31.217,31 mins,1.25,30,ESTIMATED,,,35.662042,-78.549576,183
3140,37183052809.0,The Rock Church,11.074,13.842,22276.824,13.8 mi,1661,27.683,28 mins,1.25,30,ESTIMATED,,,35.662042,-78.549576,183
3141,37183052809.0,Regeneration Temple,12.489,15.611,25124.038,15.6 mi,1873,31.217,31 mins,1.25,30,ESTIMATED,,,35.662042,-78.549576,183
3142,37183052809.0,Redeeming Love Missionary Baptist Church,6.39,7.988,12855.491,8.0 mi,959,15.983,16 mins,1.25,30,ESTIMATED,,,35.662042,-78.549576,183
3143,37183052809.0,Historic Oak View Park,7.579,9.473,15245.714,9.5 mi,1137,18.95,19 mins,1.25,30,ESTIMATED,,,35.662042,-78.549576,183
3144,37183052809.0,Poe Center for Health Ed.,8.32,10.4,16737.408,10.4 mi,1248,20.8,21 mins,1.25,30,ESTIMATED,,,35.662042,-78.549576,183
3145,37183052809.0,New Hope Baptist Church,12.621,15.776,25389.253,15.8 mi,1893,31.55,32 mins,1.25,30,ESTIMATED,,,35.662042,-78.549576,183
3146,37183052809.0,Wake County Public Health,8.404,10.505,16906.665,10.5 mi,1261,21.017,21 mins,1.25,30,ESTIMATED,,,35.662042,-78.549576,183
3147,37183052809.0,Peach Road Community Center,8.113,10.142,16321.223,10.1 mi,1217,20.283,20 mins,1.25,30,ESTIMATED,,,35.662042,-78.549576,183
3148,37183052809.0,Wake County Northern Regional Center,21.394,26.743,43038.826,26.7 mi,3209,53.483,53 mins,1.25,30,ESTIMATED,,,35.662042,-78.549576,183
3149,37183052809.0,Wendell Parks and Recreation,12.58,15.724,25305.948,15.7 mi,1887,31.45,31 mins,1.25,30,ESTIMATED,,,35.662042,-78.549576,183
3150,37183052809.0,Beech Bluff County Park,9.003,11.253,18110.386,11.3 mi,1350,22.5,22 mins,1.25,30,ESTIMATED,,,35.662042,-78.549576,183
3151,37183052809.0,Wakefield Missionary Baptist,17.892,22.366,35993.931,22.4 mi,2684,44.733,45 mins,1.25,30,ESTIMATED,,,35.662042,-78.549576,183
3152,37183053204.0,Fuquay-Varina Growers Market,4.643,5.804,9341.122,5.8 mi,697,11.617,12 mins,1.25,30,ESTIMATED,,,35.647563,-78.831339,183
3153,37183053204.0,Pine Acres Community Center,4.713,5.891,9481.399,5.9 mi,707,11.783,12 mins,1.25,30,ESTIMATED,,,35.647563,-78.831339,183
3154,37183053204.0,Sherrill’s University of Cosmetology,17.229,21.536,34658.851,21.5 mi,2584,43.067,43 mins,1.25,30,ESTIMATED,,,35.647563,-78.831339,183
3155,37183053204.0,Raleigh Church of Christ,10.732,13.415,21588.723,13.4 mi,1610,26.833,27 mins,1.25,30,ESTIMATED,,,35.647563,-78.831339,183
3156,37183053204.0,The Rock Church,18.051,22.564,36313.646,22.6 mi,2708,45.133,45 mins,1.25,30,ESTIMATED,,,35.647563,-78.831339,183
3157,37183053204.0,Regeneration Temple,18.445,23.057,37106.081,23.1 mi,2767,46.117,46 mins,1.25,30,ESTIMATED,,,35.647563,-78.831339,183
3158,37183053204.0,Redeeming Love Missionary Baptist Church,15.205,19.006,30586.869,19.0 mi,2281,38.017,38 mins,1.25,30,ESTIMATED,,,35.647563,-78.831339,183
3159,37183053204.0,Historic Oak View Park,16.842,21.052,33880.621,21.1 mi,2526,42.1,42 mins,1.25,30,ESTIMATED,,,35.647563,-78.831339,183
3160,37183053204.0,Poe Center for Health Ed.,16.6,20.75,33393.244,20.7 mi,2490,41.5,42 mins,1.25,30,ESTIMATED,,,35.647563,-78.831339,183
3161,37183053204.0,New Hope Baptist Church,19.742,24.678,39715.25,24.7 mi,2961,49.35,49 mins,1.25,30,ESTIMATED,,,35.647563,-78.831339,183
3162,37183053204.0,Wake County Public Health,16.5,20.625,33192.551,20.6 mi,2475,41.25,41 mins,1.25,30,ESTIMATED,,,35.647563,-78.831339,183
3163,37183053204.0,Peach Road Community Center,11.886,14.857,23910.82,14.9 mi,1783,29.717,30 mins,1.25,30,ESTIMATED,,,35.647563,-78.831339,183
3164,37183053204.0,Wake County Northern Regional Center,28.62,35.776,57575.22,35.8 mi,4293,71.55,1 hr 12 mins,1.25,30,ESTIMATED,,,35.647563,-78.831339,183
3165,37183053204.0,Wendell Parks and Recreation,26.906,33.633,54127.05,33.6 mi,4036,67.267,1 hr 7 mins,1.25,30,ESTIMATED,,,35.647563,-78.831339,183
3166,37183053204.0,Beech Bluff County Park,9.556,11.945,19223.885,11.9 mi,1433,23.883,24 mins,1.25,30,ESTIMATED,,,35.647563,-78.831339,183
3167,37183053204.0,Wakefield Missionary Baptist,31.729,39.661,63828.137,39.7 mi,4759,79.317,1 hr 19 mins,1.25,30,ESTIMATED,,,35.647563,-78.831339,183
3168,37183053421.0,Fuquay-Varina Growers Market,7.279,9.099,14642.819,9.1 mi,1092,18.2,18 mins,1.25,30,ESTIMATED,,,35.690522,-78.793324,183
3169,37183053421.0,Pine Acres Community Center,7.345,9.181,14776.16,9.2 mi,1102,18.367,18 mins,1.25,30,ESTIMATED,,,35.690522,-78.793324,183
3170,37183053421.0,Sherrill’s University of Cosmetology,13.781,17.227,27723.416,17.2 mi,2067,34.45,34 mins,1.25,30,ESTIMATED,,,35.690522,-78.793324,183
3171,37183053421.0,Raleigh Church of Christ,7.077,8.847,14237.239,8.8 mi,1062,17.7,18 mins,1.25,30,ESTIMATED,,,35.690522,-78.793324,183
3172,37183053421.0,The Rock Church,14.516,18.145,29201.462,18.1 mi,2177,36.283,36 mins,1.25,30,ESTIMATED,,,35.690522,-78.793324,183
3173,37183053421.0,Regeneration Temple,14.843,18.553,29858.421,18.6 mi,2226,37.1,37 mins,1.25,30,ESTIMATED,,,35.690522,-78.793324,183
3174,37183053421.0,Redeeming Love Missionary Baptist Church,12.061,15.076,24262.755,15.1 mi,1809,30.15,30 mins,1.25,30,ESTIMATED,,,35.690522,-78.793324,183
3175,37183053421.0,Historic Oak View Park,13.584,16.981,27327.472,17.0 mi,2038,33.967,34 mins,1.25,30,ESTIMATED,,,35.690522,-78.793324,183
3176,37183053421.0,Poe Center for Health Ed.,13.252,16.565,26658.396,16.6 mi,1988,33.133,33 mins,1.25,30,ESTIMATED,,,35.690522,-78.793324,183
3177,37183053421.0,New Hope Baptist Church,16.168,20.21,32524.476,20.2 mi,2425,40.417,40 mins,1.25,30,ESTIMATED,,,35.690522,-78.793324,183
3178,37183053421.0,Wake County Public Health,13.14,16.425,26434.016,16.4 mi,1971,32.85,33 mins,1.25,30,ESTIMATED,,,35.690522,-78.793324,183
3179,37183053421.0,Peach Road Community Center,8.565,10.706,17229.562,10.7 mi,1285,21.417,21 mins,1.25,30,ESTIMATED,,,35.690522,-78.793324,183
3180,37183053421.0,Wake County Northern Regional Center,24.971,31.214,50233.439,31.2 mi,3746,62.433,1 hr 2 mins,1.25,30,ESTIMATED,,,35.690522,-78.793324,183
3181,37183053421.0,Wendell Parks and Recreation,23.959,29.948,48197.34,29.9 mi,3594,59.9,1 hr,1.25,30,ESTIMATED,,,35.690522,-78.793324,183
3182,37183053421.0,Beech Bluff County Park,9.677,12.097,19467.948,12.1 mi,1452,24.2,24 mins,1.25,30,ESTIMATED,,,35.690522,-78.793324,183
3183,37183053421.0,Wakefield Missionary Baptist,28.601,35.751,57535.186,35.8 mi,4290,71.5,1 hr 12 mins,1.25,30,ESTIMATED,,,35.690522,-78.793324,183
3184,37183054023.0,Fuquay-Varina Growers Market,25.743,32.179,51786.536,32.2 mi,3861,64.35,1 hr 4 mins,1.25,30,ESTIMATED,,,35.895848,-78.546503,183
3185,37183054023.0,Pine Acres Community Center,25.788,32.236,51878.121,32.2 mi,3868,64.467,1 hr 4 mins,1.25,30,ESTIMATED,,,35.895848,-78.546503,183
3186,37183054023.0,Sherrill’s University of Cosmetology,7.149,8.936,14381.202,8.9 mi,1072,17.867,18 mins,1.25,30,ESTIMATED,,,35.895848,-78.546503,183
3187,37183054023.0,Raleigh Church of Christ,12.913,16.141,25976.265,16.1 mi,1937,32.283,32 mins,1.25,30,ESTIMATED,,,35.895848,-78.546503,183
3188,37183054023.0,The Rock Church,5.801,7.251,11669.384,7.3 mi,870,14.5,14 mins,1.25,30,ESTIMATED,,,35.895848,-78.546503,183
3189,37183054023.0,Regeneration Temple,5.023,6.279,10105.51,6.3 mi,754,12.567,13 mins,1.25,30,ESTIMATED,,,35.895848,-78.546503,183
3190,37183054023.0,Redeeming Love Missionary Baptist Church,10.483,13.104,21089.374,13.1 mi,1573,26.217,26 mins,1.25,30,ESTIMATED,,,35.895848,-78.546503,183
3191,37183054023.0,Historic Oak View Park,8.796,10.995,17695.076,11.0 mi,1319,21.983,22 mins,1.25,30,ESTIMATED,,,35.895848,-78.546503,183
3192,37183054023.0,Poe Center for Health Ed.,8.326,10.407,16748.797,10.4 mi,1249,20.817,21 mins,1.25,30,ESTIMATED,,,35.895848,-78.546503,183
3193,37183054023.0,New Hope Baptist Church,3.954,4.943,7954.952,4.9 mi,593,9.883,10 mins,1.25,30,ESTIMATED,,,35.895848,-78.546503,183
3194,37183054023.0,Wake County Public Health,8.318,10.397,16732.594,10.4 mi,1248,20.8,21 mins,1.25,30,ESTIMATED,,,35.895848,-78.546503,183
3195,37183054023.0,Peach Road Community Center,12.203,15.254,24548.169,15.3 mi,1830,30.5,30 mins,1.25,30,ESTIMATED,,,35.895848,-78.546503,183
3196,37183054023.0,Wake County Northern Regional Center,5.504,6.88,11072.741,6.9 mi,826,13.767,14 mins,1.25,30,ESTIMATED,,,35.895848,-78.546503,183
3197,37183054023.0,Wendell Parks and Recreation,12.116,15.145,24373.44,15.1 mi,1817,30.283,30 mins,1.25,30,ESTIMATED,,,35.895848,-78.546503,183
3198,37183054023.0,Beech Bluff County Park,22.699,28.374,45663.909,28.4 mi,3405,56.75,57 mins,1.25,30,ESTIMATED,,,35.895848,-78.546503,183
3199,37183054023.0,Wakefield Missionary Baptist,13.396,16.745,26947.945,16.7 mi,2009,33.483,33 mins,1.25,30,ESTIMATED,,,35.895848,-78.546503,183
3200,37183053417.0,Fuquay-Varina Growers Market,9.405,11.757,18920.463,11.8 mi,1411,23.517,24 mins,1.25,30,ESTIMATED,,,35.711356,-78.863449,183
3201,37183053417.0,Pine Acres Community Center,9.475,11.844,19060.725,11.8 mi,1421,23.683,24 mins,1.25,30,ESTIMATED,,,35.711356,-78.863449,183
3202,37183053417.0,Sherrill’s University of Cosmetology,16.663,20.828,33519.686,20.8 mi,2499,41.65,42 mins,1.25,30,ESTIMATED,,,35.711356,-78.863449,183
3203,37183053417.0,Raleigh Church of Christ,9.044,11.305,18193.431,11.3 mi,1357,22.617,23 mins,1.25,30,ESTIMATED,,,35.711356,-78.863449,183
3204,37183053417.0,The Rock Church,17.113,21.391,34425.893,21.4 mi,2567,42.783,43 mins,1.25,30,ESTIMATED,,,35.711356,-78.863449,183
3205,37183053417.0,Regeneration Temple,17.127,21.408,34453.557,21.4 mi,2569,42.817,43 mins,1.25,30,ESTIMATED,,,35.711356,-78.863449,183
3206,37183053417.0,Redeeming Love Missionary Baptist Church,15.523,19.404,31227.908,19.4 mi,2328,38.8,39 mins,1.25,30,ESTIMATED,,,35.711356,-78.863449,183
3207,37183053417.0,Historic Oak View Park,16.848,21.06,33892.019,21.1 mi,2527,42.117,42 mins,1.25,30,ESTIMATED,,,35.711356,-78.863449,183
3208,37183053417.0,Poe Center for Health Ed.,16.367,20.458,32924.649,20.5 mi,2455,40.917,41 mins,1.25,30,ESTIMATED,,,35.711356,-78.863449,183
3209,37183053417.0,New Hope Baptist Church,18.564,23.204,37343.923,23.2 mi,2785,46.417,46 mins,1.25,30,ESTIMATED,,,35.711356,-78.863449,183
3210,37183053417.0,Wake County Public Health,16.235,20.294,32660.506,20.3 mi,2435,40.583,41 mins,1.25,30,ESTIMATED,,,35.711356,-78.863449,183
3211,37183053417.0,Peach Road Community Center,11.902,14.877,23942.89,14.9 mi,1785,29.75,30 mins,1.25,30,ESTIMATED,,,35.711356,-78.863449,183
3212,37183053417.0,Wake County Northern Regional Center,26.64,33.299,53590.154,33.3 mi,3996,66.6,1 hr 7 mins,1.25,30,ESTIMATED,,,35.711356,-78.863449,183
3213,37183053417.0,Wendell Parks and Recreation,27.473,34.341,55267.085,34.3 mi,4121,68.683,1 hr 9 mins,1.25,30,ESTIMATED,,,35.711356,-78.863449,183
3214,37183053417.0,Beech Bluff County Park,13.51,16.888,27177.87,16.9 mi,2027,33.783,34 mins,1.25,30,ESTIMATED,,,35.711356,-78.863449,183
3215,37183053417.0,Wakefield Missionary Baptist,31.865,39.831,64101.293,39.8 mi,4780,79.667,1 hr 20 mins,1.25,30,ESTIMATED,,,35.711356,-78.863449,183
3216,37183053615.0,Fuquay-Varina Growers Market,21.277,26.596,42802.625,26.6 mi,3192,53.2,53 mins,1.25,30,ESTIMATED,,,35.893253,-78.803672,183
3217,37183053615.0,Pine Acres Community Center,21.345,26.681,42938.516,26.7 mi,3202,53.367,53 mins,1.25,30,ESTIMATED,,,35.893253,-78.803672,183
3218,37183053615.0,Sherrill’s University of Cosmetology,13.881,17.351,27923.487,17.4 mi,2082,34.7,35 mins,1.25,30,ESTIMATED,,,35.893253,-78.803672,183
3219,37183053615.0,Raleigh Church of Christ,9.31,11.638,18729.11,11.6 mi,1397,23.283,23 mins,1.25,30,ESTIMATED,,,35.893253,-78.803672,183
3220,37183053615.0,The Rock Church,13.086,16.357,26323.943,16.4 mi,1963,32.717,33 mins,1.25,30,ESTIMATED,,,35.893253,-78.803672,183
3221,37183053615.0,Regeneration Temple,11.986,14.982,24111.571,15.0 mi,1798,29.967,30 mins,1.25,30,ESTIMATED,,,35.893253,-78.803672,183
3222,37183053615.0,Redeeming Love Missionary Baptist Church,15.585,19.481,31352.009,19.5 mi,2338,38.967,39 mins,1.25,30,ESTIMATED,,,35.893253,-78.803672,183
3223,37183053615.0,Historic Oak View Park,15.518,19.397,31216.834,19.4 mi,2328,38.8,39 mins,1.25,30,ESTIMATED,,,35.893253,-78.803672,183
3224,37183053615.0,Poe Center for Health Ed.,14.62,18.275,29410.693,18.3 mi,2193,36.55,37 mins,1.25,30,ESTIMATED,,,35.893253,-78.803672,183
3225,37183053615.0,New Hope Baptist Church,13.25,16.562,26654.295,16.6 mi,1987,33.117,33 mins,1.25,30,ESTIMATED,,,35.893253,-78.803672,183
3226,37183053615.0,Wake County Public Health,14.466,18.082,29100.084,18.1 mi,2170,36.167,36 mins,1.25,30,ESTIMATED,,,35.893253,-78.803672,183
3227,37183053615.0,Peach Road Community Center,13.339,16.674,26834.24,16.7 mi,2001,33.35,33 mins,1.25,30,ESTIMATED,,,35.893253,-78.803672,183
3228,37183053615.0,Wake County Northern Regional Center,17.222,21.528,34645.781,21.5 mi,2583,43.05,43 mins,1.25,30,ESTIMATED,,,35.893253,-78.803672,183
3229,37183053615.0,Wendell Parks and Recreation,24.857,31.071,50004.732,31.1 mi,3729,62.15,1 hr 2 mins,1.25,30,ESTIMATED,,,35.893253,-78.803672,183
3230,37183053615.0,Beech Bluff County Park,22.379,27.973,45018.456,28.0 mi,3357,55.95,56 mins,1.25,30,ESTIMATED,,,35.893253,-78.803672,183
3231,37183053615.0,Wakefield Missionary Baptist,27.472,34.34,55265.527,34.3 mi,4121,68.683,1 hr 9 mins,1.25,30,ESTIMATED,,,35.893253,-78.803672,183
3232,37183053614.0,Fuquay-Varina Growers Market,22.224,27.78,44707.294,27.8 mi,3334,55.567,56 mins,1.25,30,ESTIMATED,,,35.906958,-78.803505,183
3233,37183053614.0,Pine Acres Community Center,22.291,27.864,44843.154,27.9 mi,3344,55.733,56 mins,1.25,30,ESTIMATED,,,35.906958,-78.803505,183
3234,37183053614.0,Sherrill’s University of Cosmetology,14.348,17.935,28862.955,17.9 mi,2152,35.867,36 mins,1.25,30,ESTIMATED,,,35.906958,-78.803505,183
3235,37183053614.0,Raleigh Church of Christ,10.144,12.68,20406.047,12.7 mi,1522,25.367,25 mins,1.25,30,ESTIMATED,,,35.906958,-78.803505,183
3236,37183053614.0,The Rock Church,13.475,16.844,27107.339,16.8 mi,2021,33.683,34 mins,1.25,30,ESTIMATED,,,35.906958,-78.803505,183
3237,37183053614.0,Regeneration Temple,12.311,15.389,24765.468,15.4 mi,1847,30.783,31 mins,1.25,30,ESTIMATED,,,35.906958,-78.803505,183
3238,37183053614.0,Redeeming Love Missionary Baptist Church,16.202,20.252,32592.898,20.3 mi,2430,40.5,40 mins,1.25,30,ESTIMATED,,,35.906958,-78.803505,183
3239,37183053614.0,Historic Oak View Park,16.048,20.06,32282.676,20.1 mi,2407,40.117,40 mins,1.25,30,ESTIMATED,,,35.906958,-78.803505,183
3240,37183053614.0,Poe Center for Health Ed.,15.143,18.929,30462.628,18.9 mi,2271,37.85,38 mins,1.25,30,ESTIMATED,,,35.906958,-78.803505,183
3241,37183053614.0,New Hope Baptist Church,13.516,16.895,27190.624,16.9 mi,2027,33.783,34 mins,1.25,30,ESTIMATED,,,35.906958,-78.803505,183
3242,37183053614.0,Wake County Public Health,14.991,18.739,30156.827,18.7 mi,2249,37.483,37 mins,1.25,30,ESTIMATED,,,35.906958,-78.803505,183
3243,37183053614.0,Peach Road Community Center,14.085,17.606,28333.736,17.6 mi,2113,35.217,35 mins,1.25,30,ESTIMATED,,,35.906958,-78.803505,183
3244,37183053614.0,Wake County Northern Regional Center,16.944,21.18,34085.839,21.2 mi,2542,42.367,42 mins,1.25,30,ESTIMATED,,,35.906958,-78.803505,183
3245,37183053614.0,Wendell Parks and Recreation,25.154,31.443,50601.975,31.4 mi,3773,62.883,1 hr 3 mins,1.25,30,ESTIMATED,,,35.906958,-78.803505,183
3246,37183053614.0,Beech Bluff County Park,23.277,29.096,46826.231,29.1 mi,3492,58.2,58 mins,1.25,30,ESTIMATED,,,35.906958,-78.803505,183
3247,37183053614.0,Wakefield Missionary Baptist,27.604,34.505,55530.68,34.5 mi,4141,69.017,1 hr 9 mins,1.25,30,ESTIMATED,,,35.906958,-78.803505,183
3248,37183052305.0,Fuquay-Varina Growers Market,14.37,17.962,28906.889,18.0 mi,2155,35.917,36 mins,1.25,30,ESTIMATED,,,35.768116,-78.678058,183
3249,37183052305.0,Pine Acres Community Center,14.42,18.024,29007.58,18.0 mi,2163,36.05,36 mins,1.25,30,ESTIMATED,,,35.768116,-78.678058,183
3250,37183052305.0,Sherrill’s University of Cosmetology,5.551,6.939,11166.477,6.9 mi,833,13.883,14 mins,1.25,30,ESTIMATED,,,35.768116,-78.678058,183
3251,37183052305.0,Raleigh Church of Christ,2.563,3.204,5156.744,3.2 mi,385,6.417,6 mins,1.25,30,ESTIMATED,,,35.768116,-78.678058,183
3252,37183052305.0,The Rock Church,6.128,7.66,12327.408,7.7 mi,919,15.317,15 mins,1.25,30,ESTIMATED,,,35.768116,-78.678058,183
3253,37183052305.0,Regeneration Temple,6.484,8.105,13043.238,8.1 mi,973,16.217,16 mins,1.25,30,ESTIMATED,,,35.768116,-78.678058,183
3254,37183052305.0,Redeeming Love Missionary Baptist Church,5.097,6.372,10253.971,6.4 mi,765,12.75,13 mins,1.25,30,ESTIMATED,,,35.768116,-78.678058,183
3255,37183052305.0,Historic Oak View Park,5.952,7.44,11973.788,7.4 mi,893,14.883,15 mins,1.25,30,ESTIMATED,,,35.768116,-78.678058,183
3256,37183052305.0,Poe Center for Health Ed.,5.338,6.673,10738.47,6.7 mi,801,13.35,13 mins,1.25,30,ESTIMATED,,,35.768116,-78.678058,183
3257,37183052305.0,New Hope Baptist Church,7.773,9.716,15636.3,9.7 mi,1166,19.433,19 mins,1.25,30,ESTIMATED,,,35.768116,-78.678058,183
3258,37183052305.0,Wake County Public Health,5.195,6.494,10451.174,6.5 mi,779,12.983,13 mins,1.25,30,ESTIMATED,,,35.768116,-78.678058,183
3259,37183052305.0,Peach Road Community Center,2.193,2.742,4412.54,2.7 mi,329,5.483,5 mins,1.25,30,ESTIMATED,,,35.768116,-78.678058,183
3260,37183052305.0,Wake County Northern Regional Center,16.805,21.007,33806.755,21.0 mi,2521,42.017,42 mins,1.25,30,ESTIMATED,,,35.768116,-78.678058,183
3261,37183052305.0,Wendell Parks and Recreation,16.657,20.822,33509.151,20.8 mi,2499,41.65,42 mins,1.25,30,ESTIMATED,,,35.768116,-78.678058,183
3262,37183052305.0,Beech Bluff County Park,12.618,15.772,25382.886,15.8 mi,1893,31.55,32 mins,1.25,30,ESTIMATED,,,35.768116,-78.678058,183
3263,37183052305.0,Wakefield Missionary Baptist,20.803,26.003,41848.158,26.0 mi,3120,52.0,52 mins,1.25,30,ESTIMATED,,,35.768116,-78.678058,183
3264,37183053426.0,Fuquay-Varina Growers Market,13.697,17.121,27553.419,17.1 mi,2055,34.25,34 mins,1.25,30,ESTIMATED,,,35.766009,-78.900538,183
3265,37183053426.0,Pine Acres Community Center,13.766,17.208,27693.048,17.2 mi,2065,34.417,34 mins,1.25,30,ESTIMATED,,,35.766009,-78.900538,183
3266,37183053426.0,Sherrill’s University of Cosmetology,17.772,22.215,35751.416,22.2 mi,2666,44.433,44 mins,1.25,30,ESTIMATED,,,35.766009,-78.900538,183
3267,37183053426.0,Raleigh Church of Christ,9.982,12.477,20079.774,12.5 mi,1497,24.95,25 mins,1.25,30,ESTIMATED,,,35.766009,-78.900538,183
3268,37183053426.0,The Rock Church,17.862,22.328,35932.842,22.3 mi,2679,44.65,45 mins,1.25,30,ESTIMATED,,,35.766009,-78.900538,183
3269,37183053426.0,Regeneration Temple,17.518,21.897,35240.525,21.9 mi,2628,43.8,44 mins,1.25,30,ESTIMATED,,,35.766009,-78.900538,183
3270,37183053426.0,Redeeming Love Missionary Baptist Church,17.428,21.785,35059.99,21.8 mi,2614,43.567,44 mins,1.25,30,ESTIMATED,,,35.766009,-78.900538,183
3271,37183053426.0,Historic Oak View Park,18.425,23.032,37065.856,23.0 mi,2764,46.067,46 mins,1.25,30,ESTIMATED,,,35.766009,-78.900538,183
3272,37183053426.0,Poe Center for Health Ed.,17.778,22.223,35763.902,22.2 mi,2667,44.45,44 mins,1.25,30,ESTIMATED,,,35.766009,-78.900538,183
3273,37183053426.0,New Hope Baptist Church,19.005,23.756,38232.115,23.8 mi,2851,47.517,48 mins,1.25,30,ESTIMATED,,,35.766009,-78.900538,183
3274,37183053426.0,Wake County Public Health,17.629,22.036,35463.804,22.0 mi,2644,44.067,44 mins,1.25,30,ESTIMATED,,,35.766009,-78.900538,183
3275,37183053426.0,Peach Road Community Center,13.875,17.343,27911.399,17.3 mi,2081,34.683,35 mins,1.25,30,ESTIMATED,,,35.766009,-78.900538,183
3276,37183053426.0,Wake County Northern Regional Center,25.98,32.475,52263.336,32.5 mi,3897,64.95,1 hr 5 mins,1.25,30,ESTIMATED,,,35.766009,-78.900538,183
3277,37183053426.0,Wendell Parks and Recreation,29.122,36.402,58583.587,36.4 mi,4368,72.8,1 hr 13 mins,1.25,30,ESTIMATED,,,35.766009,-78.900538,183
3278,37183053426.0,Beech Bluff County Park,17.6,22.0,35404.784,22.0 mi,2640,44.0,44 mins,1.25,30,ESTIMATED,,,35.766009,-78.900538,183
3279,37183053426.0,Wakefield Missionary Baptist,33.067,41.334,66521.065,41.3 mi,4960,82.667,1 hr 23 mins,1.25,30,ESTIMATED,,,35.766009,-78.900538,183
3280,37183053208.0,Fuquay-Varina Growers Market,5.772,7.215,11611.621,7.2 mi,866,14.433,14 mins,1.25,30,ESTIMATED,,,35.641039,-78.876727,183
3281,37183053208.0,Pine Acres Community Center,5.832,7.29,11731.417,7.3 mi,875,14.583,15 mins,1.25,30,ESTIMATED,,,35.641039,-78.876727,183
3282,37183053208.0,Sherrill’s University of Cosmetology,19.57,24.463,39368.93,24.5 mi,2936,48.933,49 mins,1.25,30,ESTIMATED,,,35.641039,-78.876727,183
3283,37183053208.0,Raleigh Church of Christ,12.682,15.852,25511.217,15.9 mi,1902,31.7,32 mins,1.25,30,ESTIMATED,,,35.641039,-78.876727,183
3284,37183053208.0,The Rock Church,20.311,25.389,40859.954,25.4 mi,3047,50.783,51 mins,1.25,30,ESTIMATED,,,35.641039,-78.876727,183
3285,37183053208.0,Regeneration Temple,20.606,25.758,41452.89,25.8 mi,3091,51.517,52 mins,1.25,30,ESTIMATED,,,35.641039,-78.876727,183
3286,37183053208.0,Redeeming Love Missionary Baptist Church,17.692,22.115,35590.972,22.1 mi,2654,44.233,44 mins,1.25,30,ESTIMATED,,,35.641039,-78.876727,183
3287,37183053208.0,Historic Oak View Park,19.291,24.113,38806.459,24.1 mi,2894,48.233,48 mins,1.25,30,ESTIMATED,,,35.641039,-78.876727,183
3288,37183053208.0,Poe Center for Health Ed.,19.005,23.756,38231.054,23.8 mi,2851,47.517,48 mins,1.25,30,ESTIMATED,,,35.641039,-78.876727,183
3289,37183053208.0,New Hope Baptist Church,21.95,27.438,44156.728,27.4 mi,3293,54.883,55 mins,1.25,30,ESTIMATED,,,35.641039,-78.876727,183
3290,37183053208.0,Wake County Public Health,18.898,23.623,38017.0,23.6 mi,2835,47.25,47 mins,1.25,30,ESTIMATED,,,35.641039,-78.876727,183
3291,37183053208.0,Peach Road Community Center,14.296,17.87,28758.207,17.9 mi,2144,35.733,36 mins,1.25,30,ESTIMATED,,,35.641039,-78.876727,183
3292,37183053208.0,Wake County Northern Regional Center,30.615,38.269,61587.483,38.3 mi,4592,76.533,1 hr 17 mins,1.25,30,ESTIMATED,,,35.641039,-78.876727,183
3293,37183053208.0,Wendell Parks and Recreation,29.456,36.82,59255.422,36.8 mi,4418,73.633,1 hr 14 mins,1.25,30,ESTIMATED,,,35.641039,-78.876727,183
3294,37183053208.0,Beech Bluff County Park,11.735,14.669,23606.998,14.7 mi,1760,29.333,29 mins,1.25,30,ESTIMATED,,,35.641039,-78.876727,183
3295,37183053208.0,Wakefield Missionary Baptist,34.237,42.796,68872.954,42.8 mi,5135,85.583,1 hr 26 mins,1.25,30,ESTIMATED,,,35.641039,-78.876727,183
3296,37183053518.0,Fuquay-Varina Growers Market,12.231,15.289,24605.408,15.3 mi,1835,30.583,31 mins,1.25,30,ESTIMATED,,,35.762328,-78.803196,183
3297,37183053518.0,Pine Acres Community Center,12.299,15.374,24741.486,15.4 mi,1845,30.75,31 mins,1.25,30,ESTIMATED,,,35.762328,-78.803196,183
3298,37183053518.0,Sherrill’s University of Cosmetology,12.422,15.527,24988.889,15.5 mi,1863,31.05,31 mins,1.25,30,ESTIMATED,,,35.762328,-78.803196,183
3299,37183053518.0,Raleigh Church of Christ,4.594,5.743,9242.079,5.7 mi,689,11.483,11 mins,1.25,30,ESTIMATED,,,35.762328,-78.803196,183
3300,37183053518.0,The Rock Church,12.65,15.813,25447.969,15.8 mi,1898,31.633,32 mins,1.25,30,ESTIMATED,,,35.762328,-78.803196,183
3301,37183053518.0,Regeneration Temple,12.489,15.611,25123.859,15.6 mi,1873,31.217,31 mins,1.25,30,ESTIMATED,,,35.762328,-78.803196,183
3302,37183053518.0,Redeeming Love Missionary Baptist Church,11.967,14.959,24073.481,15.0 mi,1795,29.917,30 mins,1.25,30,ESTIMATED,,,35.762328,-78.803196,183
3303,37183053518.0,Historic Oak View Park,12.978,16.222,26106.85,16.2 mi,1947,32.45,32 mins,1.25,30,ESTIMATED,,,35.762328,-78.803196,183
3304,37183053518.0,Poe Center for Health Ed.,12.353,15.442,24850.97,15.4 mi,1853,30.883,31 mins,1.25,30,ESTIMATED,,,35.762328,-78.803196,183
3305,37183053518.0,New Hope Baptist Church,13.958,17.447,28078.207,17.4 mi,2094,34.9,35 mins,1.25,30,ESTIMATED,,,35.762328,-78.803196,183
3306,37183053518.0,Wake County Public Health,12.207,15.259,24556.295,15.3 mi,1831,30.517,31 mins,1.25,30,ESTIMATED,,,35.762328,-78.803196,183
3307,37183053518.0,Peach Road Community Center,8.433,10.541,16964.598,10.5 mi,1265,21.083,21 mins,1.25,30,ESTIMATED,,,35.762328,-78.803196,183
3308,37183053518.0,Wake County Northern Regional Center,21.773,27.216,43800.055,27.2 mi,3266,54.433,54 mins,1.25,30,ESTIMATED,,,35.762328,-78.803196,183
3309,37183053518.0,Wendell Parks and Recreation,23.684,29.605,47645.278,29.6 mi,3553,59.217,59 mins,1.25,30,ESTIMATED,,,35.762328,-78.803196,183
3310,37183053518.0,Beech Bluff County Park,14.058,17.573,28280.57,17.6 mi,2109,35.15,35 mins,1.25,30,ESTIMATED,,,35.762328,-78.803196,183
3311,37183053518.0,Wakefield Missionary Baptist,27.739,34.674,55802.259,34.7 mi,4161,69.35,1 hr 9 mins,1.25,30,ESTIMATED,,,35.762328,-78.803196,183
3312,37183052304.0,Fuquay-Varina Growers Market,13.416,16.77,26988.18,16.8 mi,2012,33.533,34 mins,1.25,30,ESTIMATED,,,35.75224,-78.678065,183
3313,37183052304.0,Pine Acres Community Center,13.464,16.83,27084.96,16.8 mi,2020,33.667,34 mins,1.25,30,ESTIMATED,,,35.75224,-78.678065,183
3314,37183052304.0,Sherrill’s University of Cosmetology,6.039,7.548,12147.98,7.5 mi,906,15.1,15 mins,1.25,30,ESTIMATED,,,35.75224,-78.678065,183
3315,37183052304.0,Raleigh Church of Christ,2.982,3.728,5999.003,3.7 mi,447,7.45,7 mins,1.25,30,ESTIMATED,,,35.75224,-78.678065,183
3316,37183052304.0,The Rock Church,6.819,8.524,13717.687,8.5 mi,1023,17.05,17 mins,1.25,30,ESTIMATED,,,35.75224,-78.678065,183
3317,37183052304.0,Regeneration Temple,7.337,9.172,14760.306,9.2 mi,1101,18.35,18 mins,1.25,30,ESTIMATED,,,35.75224,-78.678065,183
3318,37183052304.0,Redeeming Love Missionary Baptist Church,4.919,6.149,9896.121,6.1 mi,738,12.3,12 mins,1.25,30,ESTIMATED,,,35.75224,-78.678065,183
3319,37183052304.0,Historic Oak View Park,6.08,7.599,12230.204,7.6 mi,912,15.2,15 mins,1.25,30,ESTIMATED,,,35.75224,-78.678065,183
3320,37183052304.0,Poe Center for Health Ed.,5.603,7.003,11270.623,7.0 mi,840,14.0,14 mins,1.25,30,ESTIMATED,,,35.75224,-78.678065,183
3321,37183052304.0,New Hope Baptist Church,8.548,10.684,17194.968,10.7 mi,1282,21.367,21 mins,1.25,30,ESTIMATED,,,35.75224,-78.678065,183
3322,37183052304.0,Wake County Public Health,5.477,6.846,11017.025,6.8 mi,821,13.683,14 mins,1.25,30,ESTIMATED,,,35.75224,-78.678065,183
3323,37183052304.0,Peach Road Community Center,1.466,1.832,2948.74,1.8 mi,220,3.667,4 mins,1.25,30,ESTIMATED,,,35.75224,-78.678065,183
3324,37183052304.0,Wake County Northern Regional Center,17.727,22.159,35661.775,22.2 mi,2659,44.317,44 mins,1.25,30,ESTIMATED,,,35.75224,-78.678065,183
3325,37183052304.0,Wendell Parks and Recreation,16.761,20.951,33717.098,21.0 mi,2514,41.9,42 mins,1.25,30,ESTIMATED,,,35.75224,-78.678065,183
3326,37183052304.0,Beech Bluff County Park,11.521,14.401,23176.251,14.4 mi,1728,28.8,29 mins,1.25,30,ESTIMATED,,,35.75224,-78.678065,183
3327,37183052304.0,Wakefield Missionary Baptist,21.093,26.366,42432.05,26.4 mi,3164,52.733,53 mins,1.25,30,ESTIMATED,,,35.75224,-78.678065,183
3328,37183052102.0,Fuquay-Varina Growers Market,15.918,19.898,32022.91,19.9 mi,2388,39.8,40 mins,1.25,30,ESTIMATED,,,35.751089,-78.603214,183
3329,37183052102.0,Pine Acres Community Center,15.954,19.942,32093.611,19.9 mi,2393,39.883,40 mins,1.25,30,ESTIMATED,,,35.751089,-78.603214,183
3330,37183052102.0,Sherrill’s University of Cosmetology,3.346,4.182,6730.848,4.2 mi,502,8.367,8 mins,1.25,30,ESTIMATED,,,35.751089,-78.603214,183
3331,37183052102.0,Raleigh Church of Christ,6.917,8.647,13915.386,8.6 mi,1038,17.3,17 mins,1.25,30,ESTIMATED,,,35.751089,-78.603214,183
3332,37183052102.0,The Rock Church,4.773,5.966,9601.643,6.0 mi,716,11.933,12 mins,1.25,30,ESTIMATED,,,35.751089,-78.603214,183
3333,37183052102.0,Regeneration Temple,6.004,7.504,12077.238,7.5 mi,901,15.017,15 mins,1.25,30,ESTIMATED,,,35.751089,-78.603214,183
3334,37183052102.0,Redeeming Love Missionary Baptist Church,0.739,0.924,1487.001,0.9 mi,111,1.85,2 mins,1.25,30,ESTIMATED,,,35.751089,-78.603214,183
3335,37183052102.0,Historic Oak View Park,2.197,2.746,4419.255,2.7 mi,330,5.5,6 mins,1.25,30,ESTIMATED,,,35.751089,-78.603214,183
3336,37183052102.0,Poe Center for Health Ed.,2.226,2.783,4478.676,2.8 mi,334,5.567,6 mins,1.25,30,ESTIMATED,,,35.751089,-78.603214,183
3337,37183052102.0,New Hope Baptist Church,6.578,8.222,13232.661,8.2 mi,987,16.45,16 mins,1.25,30,ESTIMATED,,,35.751089,-78.603214,183
3338,37183052102.0,Wake County Public Health,2.201,2.751,4427.112,2.8 mi,330,5.5,6 mins,1.25,30,ESTIMATED,,,35.751089,-78.603214,183
3339,37183052102.0,Peach Road Community Center,2.95,3.688,5935.226,3.7 mi,443,7.383,7 mins,1.25,30,ESTIMATED,,,35.751089,-78.603214,183
3340,37183052102.0,Wake County Northern Regional Center,15.991,19.989,32169.623,20.0 mi,2399,39.983,40 mins,1.25,30,ESTIMATED,,,35.751089,-78.603214,183
3341,37183052102.0,Wendell Parks and Recreation,12.622,15.777,25390.59,15.8 mi,1893,31.55,32 mins,1.25,30,ESTIMATED,,,35.751089,-78.603214,183
3342,37183052102.0,Beech Bluff County Park,12.212,15.265,24566.99,15.3 mi,1832,30.533,31 mins,1.25,30,ESTIMATED,,,35.751089,-78.603214,183
3343,37183052102.0,Wakefield Missionary Baptist,17.145,21.431,34489.82,21.4 mi,2572,42.867,43 mins,1.25,30,ESTIMATED,,,35.751089,-78.603214,183
3344,37183054114.0,Fuquay-Varina Growers Market,20.357,25.447,40952.61,25.4 mi,3054,50.9,51 mins,1.25,30,ESTIMATED,,,35.774289,-78.521867,183
3345,37183054114.0,Pine Acres Community Center,20.386,25.482,41009.905,25.5 mi,3058,50.967,51 mins,1.25,30,ESTIMATED,,,35.774289,-78.521867,183
3346,37183054114.0,Sherrill’s University of Cosmetology,3.926,4.908,7898.251,4.9 mi,589,9.817,10 mins,1.25,30,ESTIMATED,,,35.774289,-78.521867,183
3347,37183054114.0,Raleigh Church of Christ,11.268,14.085,22667.427,14.1 mi,1690,28.167,28 mins,1.25,30,ESTIMATED,,,35.774289,-78.521867,183
3348,37183054114.0,The Rock Church,4.859,6.073,9773.839,6.1 mi,729,12.15,12 mins,1.25,30,ESTIMATED,,,35.774289,-78.521867,183
3349,37183054114.0,Regeneration Temple,6.237,7.797,12547.475,7.8 mi,936,15.6,16 mins,1.25,30,ESTIMATED,,,35.774289,-78.521867,183
3350,37183054114.0,Redeeming Love Missionary Baptist Church,4.243,5.303,8534.97,5.3 mi,636,10.6,11 mins,1.25,30,ESTIMATED,,,35.774289,-78.521867,183
3351,37183054114.0,Historic Oak View Park,2.82,3.525,5672.543,3.5 mi,423,7.05,7 mins,1.25,30,ESTIMATED,,,35.774289,-78.521867,183
3352,37183054114.0,Poe Center for Health Ed.,3.489,4.362,7019.547,4.4 mi,523,8.717,9 mins,1.25,30,ESTIMATED,,,35.774289,-78.521867,183
3353,37183054114.0,New Hope Baptist Church,5.638,7.048,11342.448,7.0 mi,846,14.1,14 mins,1.25,30,ESTIMATED,,,35.774289,-78.521867,183
3354,37183054114.0,Wake County Public Health,3.646,4.557,7333.631,4.6 mi,547,9.117,9 mins,1.25,30,ESTIMATED,,,35.774289,-78.521867,183
3355,37183054114.0,Peach Road Community Center,7.767,9.709,15624.815,9.7 mi,1165,19.417,19 mins,1.25,30,ESTIMATED,,,35.774289,-78.521867,183
3356,37183054114.0,Wake County Northern Regional Center,13.543,16.928,27243.397,16.9 mi,2031,33.85,34 mins,1.25,30,ESTIMATED,,,35.774289,-78.521867,183
3357,37183054114.0,Wendell Parks and Recreation,7.892,9.865,15876.623,9.9 mi,1184,19.733,20 mins,1.25,30,ESTIMATED,,,35.774289,-78.521867,183
3358,37183054114.0,Beech Bluff County Park,15.755,19.694,31693.633,19.7 mi,2363,39.383,39 mins,1.25,30,ESTIMATED,,,35.774289,-78.521867,183
3359,37183054114.0,Wakefield Missionary Baptist,12.313,15.392,24770.335,15.4 mi,1847,30.783,31 mins,1.25,30,ESTIMATED,,,35.774289,-78.521867,183
3360,37183052807.0,Fuquay-Varina Growers Market,16.942,21.178,34082.768,21.2 mi,2541,42.35,42 mins,1.25,30,ESTIMATED,,,35.715224,-78.544222,183
3361,37183052807.0,Pine Acres Community Center,16.962,21.202,34121.835,21.2 mi,2544,42.4,42 mins,1.25,30,ESTIMATED,,,35.715224,-78.544222,183
3362,37183052807.0,Sherrill’s University of Cosmetology,6.14,7.675,12351.989,7.7 mi,921,15.35,15 mins,1.25,30,ESTIMATED,,,35.715224,-78.544222,183
3363,37183052807.0,Raleigh Church of Christ,10.849,13.562,21825.396,13.6 mi,1627,27.117,27 mins,1.25,30,ESTIMATED,,,35.715224,-78.544222,183
3364,37183052807.0,The Rock Church,7.6,9.5,15288.404,9.5 mi,1140,19.0,19 mins,1.25,30,ESTIMATED,,,35.715224,-78.544222,183
3365,37183052807.0,Regeneration Temple,9.053,11.317,18212.335,11.3 mi,1358,22.633,23 mins,1.25,30,ESTIMATED,,,35.715224,-78.544222,183
3366,37183052807.0,Redeeming Love Missionary Baptist Church,3.46,4.325,6960.205,4.3 mi,519,8.65,9 mins,1.25,30,ESTIMATED,,,35.715224,-78.544222,183
3367,37183052807.0,Historic Oak View Park,4.105,5.131,8257.717,5.1 mi,616,10.267,10 mins,1.25,30,ESTIMATED,,,35.715224,-78.544222,183
3368,37183052807.0,Poe Center for Health Ed.,4.947,6.184,9952.061,6.2 mi,742,12.367,12 mins,1.25,30,ESTIMATED,,,35.715224,-78.544222,183
3369,37183052807.0,New Hope Baptist Church,9.032,11.291,18170.461,11.3 mi,1355,22.583,23 mins,1.25,30,ESTIMATED,,,35.715224,-78.544222,183
3370,37183052807.0,Wake County Public Health,5.061,6.326,10180.396,6.3 mi,759,12.65,13 mins,1.25,30,ESTIMATED,,,35.715224,-78.544222,183
3371,37183052807.0,Peach Road Community Center,6.483,8.104,13041.991,8.1 mi,972,16.2,16 mins,1.25,30,ESTIMATED,,,35.715224,-78.544222,183
3372,37183052807.0,Wake County Northern Regional Center,17.709,22.136,35623.96,22.1 mi,2656,44.267,44 mins,1.25,30,ESTIMATED,,,35.715224,-78.544222,183
3373,37183052807.0,Wendell Parks and Recreation,10.244,12.805,20607.887,12.8 mi,1537,25.617,26 mins,1.25,30,ESTIMATED,,,35.715224,-78.544222,183
3374,37183052807.0,Beech Bluff County Park,11.741,14.676,23618.926,14.7 mi,1761,29.35,29 mins,1.25,30,ESTIMATED,,,35.715224,-78.544222,183
3375,37183052807.0,Wakefield Missionary Baptist,15.348,19.185,30875.966,19.2 mi,2302,38.367,38 mins,1.25,30,ESTIMATED,,,35.715224,-78.544222,183
3376,37183054403.0,Fuquay-Varina Growers Market,27.345,34.182,55010.039,34.2 mi,4102,68.367,1 hr 8 mins,1.25,30,ESTIMATED,,,35.831544,-78.418565,183
3377,37183054403.0,Pine Acres Community Center,27.372,34.215,55064.136,34.2 mi,4106,68.433,1 hr 8 mins,1.25,30,ESTIMATED,,,35.831544,-78.418565,183
3378,37183054403.0,Sherrill’s University of Cosmetology,9.665,12.081,19442.487,12.1 mi,1450,24.167,24 mins,1.25,30,ESTIMATED,,,35.831544,-78.418565,183
3379,37183054403.0,Raleigh Church of Christ,17.486,21.858,35176.986,21.9 mi,2623,43.717,44 mins,1.25,30,ESTIMATED,,,35.831544,-78.418565,183
3380,37183054403.0,The Rock Church,9.566,11.957,19243.086,12.0 mi,1435,23.917,24 mins,1.25,30,ESTIMATED,,,35.831544,-78.418565,183
3381,37183054403.0,Regeneration Temple,10.216,12.77,20551.856,12.8 mi,1532,25.533,26 mins,1.25,30,ESTIMATED,,,35.831544,-78.418565,183
3382,37183054403.0,Redeeming Love Missionary Baptist Church,11.218,14.023,22567.639,14.0 mi,1683,28.05,28 mins,1.25,30,ESTIMATED,,,35.831544,-78.418565,183
3383,37183054403.0,Historic Oak View Park,9.581,11.977,19274.834,12.0 mi,1437,23.95,24 mins,1.25,30,ESTIMATED,,,35.831544,-78.418565,183
3384,37183054403.0,Poe Center for Health Ed.,9.941,12.426,19998.406,12.4 mi,1491,24.85,25 mins,1.25,30,ESTIMATED,,,35.831544,-78.418565,183
3385,37183054403.0,New Hope Baptist Church,8.808,11.01,17719.554,11.0 mi,1321,22.017,22 mins,1.25,30,ESTIMATED,,,35.831544,-78.418565,183
3386,37183054403.0,Wake County Public Health,10.065,12.581,20247.857,12.6 mi,1510,25.167,25 mins,1.25,30,ESTIMATED,,,35.831544,-78.418565,183
3387,37183054403.0,Peach Road Community Center,14.596,18.245,29362.518,18.2 mi,2189,36.483,36 mins,1.25,30,ESTIMATED,,,35.831544,-78.418565,183
3388,37183054403.0,Wake County Northern Regional Center,10.876,13.596,21879.871,13.6 mi,1631,27.183,27 mins,1.25,30,ESTIMATED,,,35.831544,-78.418565,183
3389,37183054403.0,Wendell Parks and Recreation,3.975,4.969,7997.027,5.0 mi,596,9.933,10 mins,1.25,30,ESTIMATED,,,35.831544,-78.418565,183
3390,37183054403.0,Beech Bluff County Park,22.427,28.034,45116.239,28.0 mi,3364,56.067,56 mins,1.25,30,ESTIMATED,,,35.831544,-78.418565,183
3391,37183054403.0,Wakefield Missionary Baptist,5.69,7.113,11446.776,7.1 mi,854,14.233,14 mins,1.25,30,ESTIMATED,,,35.831544,-78.418565,183
3392,37183054118.0,Fuquay-Varina Growers Market,20.607,25.759,41455.62,25.8 mi,3091,51.517,52 mins,1.25,30,ESTIMATED,,,35.805439,-78.55235,183
3393,37183054118.0,Pine Acres Community Center,20.644,25.805,41529.57,25.8 mi,3097,51.617,52 mins,1.25,30,ESTIMATED,,,35.805439,-78.55235,183
3394,37183054118.0,Sherrill’s University of Cosmetology,1.957,2.447,3937.53,2.4 mi,294,4.9,5 mins,1.25,30,ESTIMATED,,,35.805439,-78.55235,183
3395,37183054118.0,Raleigh Church of Christ,9.778,12.223,19670.717,12.2 mi,1467,24.45,24 mins,1.25,30,ESTIMATED,,,35.805439,-78.55235,183
3396,37183054118.0,The Rock Church,2.243,2.803,4511.464,2.8 mi,336,5.6,6 mins,1.25,30,ESTIMATED,,,35.805439,-78.55235,183
3397,37183054118.0,Regeneration Temple,3.523,4.403,7086.53,4.4 mi,528,8.8,9 mins,1.25,30,ESTIMATED,,,35.805439,-78.55235,183
3398,37183054118.0,Redeeming Love Missionary Baptist Church,4.485,5.606,9022.392,5.6 mi,673,11.217,11 mins,1.25,30,ESTIMATED,,,35.805439,-78.55235,183
3399,37183054118.0,Historic Oak View Park,2.669,3.337,5369.654,3.3 mi,400,6.667,7 mins,1.25,30,ESTIMATED,,,35.805439,-78.55235,183
3400,37183054118.0,Poe Center for Health Ed.,2.529,3.161,5087.493,3.2 mi,379,6.317,6 mins,1.25,30,ESTIMATED,,,35.805439,-78.55235,183
3401,37183054118.0,New Hope Baptist Church,2.925,3.656,5883.272,3.7 mi,439,7.317,7 mins,1.25,30,ESTIMATED,,,35.805439,-78.55235,183
3402,37183054118.0,Wake County Public Health,2.604,3.254,5237.467,3.3 mi,391,6.517,7 mins,1.25,30,ESTIMATED,,,35.805439,-78.55235,183
3403,37183054118.0,Peach Road Community Center,7.198,8.998,14481.022,9.0 mi,1080,18.0,18 mins,1.25,30,ESTIMATED,,,35.805439,-78.55235,183
3404,37183054118.0,Wake County Northern Regional Center,11.611,14.514,23358.17,14.5 mi,1742,29.033,29 mins,1.25,30,ESTIMATED,,,35.805439,-78.55235,183
3405,37183054118.0,Wendell Parks and Recreation,9.709,12.136,19530.592,12.1 mi,1456,24.267,24 mins,1.25,30,ESTIMATED,,,35.805439,-78.55235,183
3406,37183054118.0,Beech Bluff County Park,16.783,20.979,33762.072,21.0 mi,2517,41.95,42 mins,1.25,30,ESTIMATED,,,35.805439,-78.55235,183
3407,37183054118.0,Wakefield Missionary Baptist,13.37,16.712,26895.63,16.7 mi,2005,33.417,33 mins,1.25,30,ESTIMATED,,,35.805439,-78.55235,183
3408,37183052816.0,Fuquay-Varina Growers Market,15.932,19.914,32049.089,19.9 mi,2390,39.833,40 mins,1.25,30,ESTIMATED,,,35.739988,-78.589678,183
3409,37183052816.0,Pine Acres Community Center,15.962,19.953,32111.371,20.0 mi,2394,39.9,40 mins,1.25,30,ESTIMATED,,,35.739988,-78.589678,183
3410,37183052816.0,Sherrill’s University of Cosmetology,3.974,4.967,7994.36,5.0 mi,596,9.933,10 mins,1.25,30,ESTIMATED,,,35.739988,-78.589678,183
3411,37183052816.0,Raleigh Church of Christ,7.861,9.826,15813.194,9.8 mi,1179,19.65,20 mins,1.25,30,ESTIMATED,,,35.739988,-78.589678,183
3412,37183052816.0,The Rock Church,5.47,6.837,11003.388,6.8 mi,820,13.667,14 mins,1.25,30,ESTIMATED,,,35.739988,-78.589678,183
3413,37183052816.0,Regeneration Temple,6.798,8.497,13674.489,8.5 mi,1020,17.0,17 mins,1.25,30,ESTIMATED,,,35.739988,-78.589678,183
3414,37183052816.0,Redeeming Love Missionary Baptist Church,0.581,0.726,1167.879,0.7 mi,87,1.45,1 mins,1.25,30,ESTIMATED,,,35.739988,-78.589678,183
3415,37183052816.0,Historic Oak View Park,2.314,2.892,4654.946,2.9 mi,347,5.783,6 mins,1.25,30,ESTIMATED,,,35.739988,-78.589678,183
3416,37183052816.0,Poe Center for Health Ed.,2.73,3.412,5491.096,3.4 mi,409,6.817,7 mins,1.25,30,ESTIMATED,,,35.739988,-78.589678,183
3417,37183052816.0,New Hope Baptist Church,7.2,9.0,14484.377,9.0 mi,1080,18.0,18 mins,1.25,30,ESTIMATED,,,35.739988,-78.589678,183
3418,37183052816.0,Wake County Public Health,2.765,3.456,5561.648,3.5 mi,415,6.917,7 mins,1.25,30,ESTIMATED,,,35.739988,-78.589678,183
3419,37183052816.0,Peach Road Community Center,3.655,4.569,7353.318,4.6 mi,548,9.133,9 mins,1.25,30,ESTIMATED,,,35.739988,-78.589678,183
3420,37183052816.0,Wake County Northern Regional Center,16.5,20.625,33193.351,20.6 mi,2475,41.25,41 mins,1.25,30,ESTIMATED,,,35.739988,-78.589678,183
3421,37183052816.0,Wendell Parks and Recreation,12.039,15.049,24219.506,15.0 mi,1806,30.1,30 mins,1.25,30,ESTIMATED,,,35.739988,-78.589678,183
3422,37183052816.0,Beech Bluff County Park,11.8,14.75,23738.269,14.8 mi,1770,29.5,30 mins,1.25,30,ESTIMATED,,,35.739988,-78.589678,183
3423,37183052816.0,Wakefield Missionary Baptist,16.74,20.926,33676.485,20.9 mi,2511,41.85,42 mins,1.25,30,ESTIMATED,,,35.739988,-78.589678,183
3424,37183054019.0,Fuquay-Varina Growers Market,26.032,32.539,52367.094,32.5 mi,3905,65.083,1 hr 5 mins,1.25,30,ESTIMATED,,,35.918768,-78.584053,183
3425,37183054019.0,Pine Acres Community Center,26.082,32.603,52469.026,32.6 mi,3912,65.2,1 hr 5 mins,1.25,30,ESTIMATED,,,35.918768,-78.584053,183
3426,37183054019.0,Sherrill’s University of Cosmetology,8.385,10.481,16867.84,10.5 mi,1258,20.967,21 mins,1.25,30,ESTIMATED,,,35.918768,-78.584053,183
3427,37183054019.0,Raleigh Church of Christ,12.587,15.734,25320.94,15.7 mi,1888,31.467,31 mins,1.25,30,ESTIMATED,,,35.918768,-78.584053,183
3428,37183054019.0,The Rock Church,6.888,8.61,13856.161,8.6 mi,1033,17.217,17 mins,1.25,30,ESTIMATED,,,35.918768,-78.584053,183
3429,37183054019.0,Regeneration Temple,5.661,7.077,11389.091,7.1 mi,849,14.15,14 mins,1.25,30,ESTIMATED,,,35.918768,-78.584053,183
3430,37183054019.0,Redeeming Love Missionary Baptist Church,11.779,14.724,23695.852,14.7 mi,1767,29.45,29 mins,1.25,30,ESTIMATED,,,35.918768,-78.584053,183
3431,37183054019.0,Historic Oak View Park,10.286,12.858,20692.763,12.9 mi,1543,25.717,26 mins,1.25,30,ESTIMATED,,,35.918768,-78.584053,183
3432,37183054019.0,Poe Center for Health Ed.,9.643,12.053,19398.138,12.1 mi,1446,24.1,24 mins,1.25,30,ESTIMATED,,,35.918768,-78.584053,183
3433,37183054019.0,New Hope Baptist Church,5.223,6.528,10506.396,6.5 mi,783,13.05,13 mins,1.25,30,ESTIMATED,,,35.918768,-78.584053,183
3434,37183054019.0,Wake County Public Health,9.594,11.993,19301.036,12.0 mi,1439,23.983,24 mins,1.25,30,ESTIMATED,,,35.918768,-78.584053,183
3435,37183054019.0,Peach Road Community Center,12.8,16.0,25750.28,16.0 mi,1920,32.0,32 mins,1.25,30,ESTIMATED,,,35.918768,-78.584053,183
3436,37183054019.0,Wake County Northern Regional Center,5.418,6.772,10898.825,6.8 mi,813,13.55,14 mins,1.25,30,ESTIMATED,,,35.918768,-78.584053,183
3437,37183054019.0,Wendell Parks and Recreation,14.744,18.43,29660.024,18.4 mi,2212,36.867,37 mins,1.25,30,ESTIMATED,,,35.918768,-78.584053,183
3438,37183054019.0,Beech Bluff County Park,23.638,29.547,47551.74,29.5 mi,3546,59.1,59 mins,1.25,30,ESTIMATED,,,35.918768,-78.584053,183
3439,37183054019.0,Wakefield Missionary Baptist,15.89,19.863,31966.33,19.9 mi,2384,39.733,40 mins,1.25,30,ESTIMATED,,,35.918768,-78.584053,183
3440,37183053619.0,Fuquay-Varina Growers Market,19.19,23.988,38604.809,24.0 mi,2879,47.983,48 mins,1.25,30,ESTIMATED,,,35.855215,-78.88092,183
3441,37183053619.0,Pine Acres Community Center,19.26,24.075,38745.728,24.1 mi,2889,48.15,48 mins,1.25,30,ESTIMATED,,,35.855215,-78.88092,183
3442,37183053619.0,Sherrill’s University of Cosmetology,17.005,21.257,34209.603,21.3 mi,2551,42.517,43 mins,1.25,30,ESTIMATED,,,35.855215,-78.88092,183
3443,37183053619.0,Raleigh Church of Christ,10.428,13.036,20978.608,13.0 mi,1564,26.067,26 mins,1.25,30,ESTIMATED,,,35.855215,-78.88092,183
3444,37183053619.0,The Rock Church,16.561,20.701,33314.59,20.7 mi,2484,41.4,41 mins,1.25,30,ESTIMATED,,,35.855215,-78.88092,183
3445,37183053619.0,Regeneration Temple,15.735,19.669,31653.583,19.7 mi,2360,39.333,39 mins,1.25,30,ESTIMATED,,,35.855215,-78.88092,183
3446,37183053619.0,Redeeming Love Missionary Baptist Church,17.872,22.341,35953.634,22.3 mi,2681,44.683,45 mins,1.25,30,ESTIMATED,,,35.855215,-78.88092,183
3447,37183053619.0,Historic Oak View Park,18.282,22.853,36778.324,22.9 mi,2742,45.7,46 mins,1.25,30,ESTIMATED,,,35.855215,-78.88092,183
3448,37183053619.0,Poe Center for Health Ed.,17.454,21.818,35112.694,21.8 mi,2618,43.633,44 mins,1.25,30,ESTIMATED,,,35.855215,-78.88092,183
3449,37183053619.0,New Hope Baptist Church,17.145,21.431,34489.989,21.4 mi,2572,42.867,43 mins,1.25,30,ESTIMATED,,,35.855215,-78.88092,183
3450,37183053619.0,Wake County Public Health,17.295,21.618,34791.448,21.6 mi,2594,43.233,43 mins,1.25,30,ESTIMATED,,,35.855215,-78.88092,183
3451,37183053619.0,Peach Road Community Center,14.871,18.589,29915.54,18.6 mi,2231,37.183,37 mins,1.25,30,ESTIMATED,,,35.855215,-78.88092,183
3452,37183053619.0,Wake County Northern Regional Center,22.179,27.724,44617.367,27.7 mi,3327,55.45,55 mins,1.25,30,ESTIMATED,,,35.855215,-78.88092,183
3453,37183053619.0,Wendell Parks and Recreation,28.431,35.539,57194.38,35.5 mi,4265,71.083,1 hr 11 mins,1.25,30,ESTIMATED,,,35.855215,-78.88092,183
3454,37183053619.0,Beech Bluff County Park,21.799,27.249,43852.874,27.2 mi,3270,54.5,54 mins,1.25,30,ESTIMATED,,,35.855215,-78.88092,183
3455,37183053619.0,Wakefield Missionary Baptist,31.573,39.467,63515.694,39.5 mi,4736,78.933,1 hr 19 mins,1.25,30,ESTIMATED,,,35.855215,-78.88092,183
3456,37183050300.0,Fuquay-Varina Growers Market,16.475,20.594,33142.41,20.6 mi,2471,41.183,41 mins,1.25,30,ESTIMATED,,,35.78936,-78.64825,183
3457,37183050300.0,Pine Acres Community Center,16.523,20.653,33238.377,20.7 mi,2478,41.3,41 mins,1.25,30,ESTIMATED,,,35.78936,-78.64825,183
3458,37183050300.0,Sherrill’s University of Cosmetology,3.541,4.426,7123.758,4.4 mi,531,8.85,9 mins,1.25,30,ESTIMATED,,,35.78936,-78.64825,183
3459,37183050300.0,Raleigh Church of Christ,4.291,5.363,8631.71,5.4 mi,644,10.733,11 mins,1.25,30,ESTIMATED,,,35.78936,-78.64825,183
3460,37183050300.0,The Rock Church,3.924,4.905,7893.75,4.9 mi,589,9.817,10 mins,1.25,30,ESTIMATED,,,35.78936,-78.64825,183
3461,37183050300.0,Regeneration Temple,4.284,5.354,8617.129,5.4 mi,643,10.717,11 mins,1.25,30,ESTIMATED,,,35.78936,-78.64825,183
3462,37183050300.0,Redeeming Love Missionary Baptist Church,4.303,5.379,8656.426,5.4 mi,645,10.75,11 mins,1.25,30,ESTIMATED,,,35.78936,-78.64825,183
3463,37183050300.0,Historic Oak View Park,4.478,5.598,9009.257,5.6 mi,672,11.2,11 mins,1.25,30,ESTIMATED,,,35.78936,-78.64825,183
3464,37183050300.0,Poe Center for Health Ed.,3.679,4.599,7400.612,4.6 mi,552,9.2,9 mins,1.25,30,ESTIMATED,,,35.78936,-78.64825,183
3465,37183050300.0,New Hope Baptist Church,5.549,6.936,11162.912,6.9 mi,832,13.867,14 mins,1.25,30,ESTIMATED,,,35.78936,-78.64825,183
3466,37183050300.0,Wake County Public Health,3.52,4.4,7081.831,4.4 mi,528,8.8,9 mins,1.25,30,ESTIMATED,,,35.78936,-78.64825,183
3467,37183050300.0,Peach Road Community Center,3.251,4.064,6540.505,4.1 mi,488,8.133,8 mins,1.25,30,ESTIMATED,,,35.78936,-78.64825,183
3468,37183050300.0,Wake County Northern Regional Center,14.667,18.334,29505.165,18.3 mi,2200,36.667,37 mins,1.25,30,ESTIMATED,,,35.78936,-78.64825,183
3469,37183050300.0,Wendell Parks and Recreation,14.962,18.703,30098.944,18.7 mi,2244,37.4,37 mins,1.25,30,ESTIMATED,,,35.78936,-78.64825,183
3470,37183050300.0,Beech Bluff County Park,14.193,17.741,28551.225,17.7 mi,2129,35.483,35 mins,1.25,30,ESTIMATED,,,35.78936,-78.64825,183
3471,37183050300.0,Wakefield Missionary Baptist,18.857,23.571,37933.415,23.6 mi,2828,47.133,47 mins,1.25,30,ESTIMATED,,,35.78936,-78.64825,183
3472,37183053205.0,Fuquay-Varina Growers Market,2.988,3.735,6011.028,3.7 mi,448,7.467,7 mins,1.25,30,ESTIMATED,,,35.628144,-78.807581,183
3473,37183053205.0,Pine Acres Community Center,3.057,3.822,6150.708,3.8 mi,459,7.65,8 mins,1.25,30,ESTIMATED,,,35.628144,-78.807581,183
3474,37183053205.0,Sherrill’s University of Cosmetology,17.074,21.343,34347.788,21.3 mi,2561,42.683,43 mins,1.25,30,ESTIMATED,,,35.628144,-78.807581,183
3475,37183053205.0,Raleigh Church of Christ,11.236,14.045,22603.478,14.0 mi,1685,28.083,28 mins,1.25,30,ESTIMATED,,,35.628144,-78.807581,183
3476,37183053205.0,The Rock Church,18.028,22.535,36266.166,22.5 mi,2704,45.067,45 mins,1.25,30,ESTIMATED,,,35.628144,-78.807581,183
3477,37183053205.0,Regeneration Temple,18.566,23.207,37348.252,23.2 mi,2785,46.417,46 mins,1.25,30,ESTIMATED,,,35.628144,-78.807581,183
3478,37183053205.0,Redeeming Love Missionary Baptist Church,14.746,18.433,29664.559,18.4 mi,2212,36.867,37 mins,1.25,30,ESTIMATED,,,35.628144,-78.807581,183
3479,37183053205.0,Historic Oak View Park,16.469,20.586,33129.432,20.6 mi,2470,41.167,41 mins,1.25,30,ESTIMATED,,,35.628144,-78.807581,183
3480,37183053205.0,Poe Center for Health Ed.,16.327,20.408,32843.867,20.4 mi,2449,40.817,41 mins,1.25,30,ESTIMATED,,,35.628144,-78.807581,183
3481,37183053205.0,New Hope Baptist Church,19.784,24.731,39800.022,24.7 mi,2968,49.467,49 mins,1.25,30,ESTIMATED,,,35.628144,-78.807581,183
3482,37183053205.0,Wake County Public Health,16.242,20.302,32673.06,20.3 mi,2436,40.6,41 mins,1.25,30,ESTIMATED,,,35.628144,-78.807581,183
3483,37183053205.0,Peach Road Community Center,11.665,14.582,23466.725,14.6 mi,1750,29.167,29 mins,1.25,30,ESTIMATED,,,35.628144,-78.807581,183
3484,37183053205.0,Wake County Northern Regional Center,28.892,36.115,58121.691,36.1 mi,4334,72.233,1 hr 12 mins,1.25,30,ESTIMATED,,,35.628144,-78.807581,183
3485,37183053205.0,Wendell Parks and Recreation,26.18,32.726,52666.618,32.7 mi,3927,65.45,1 hr 5 mins,1.25,30,ESTIMATED,,,35.628144,-78.807581,183
3486,37183053205.0,Beech Bluff County Park,7.785,9.732,15661.926,9.7 mi,1168,19.467,19 mins,1.25,30,ESTIMATED,,,35.628144,-78.807581,183
3487,37183053205.0,Wakefield Missionary Baptist,31.134,38.917,62631.591,38.9 mi,4670,77.833,1 hr 18 mins,1.25,30,ESTIMATED,,,35.628144,-78.807581,183
3488,37183053509.0,Fuquay-Varina Growers Market,11.35,14.188,22833.431,14.2 mi,1703,28.383,28 mins,1.25,30,ESTIMATED,,,35.749553,-78.804818,183
3489,37183053509.0,Pine Acres Community Center,11.418,14.273,22969.842,14.3 mi,1713,28.55,29 mins,1.25,30,ESTIMATED,,,35.749553,-78.804818,183
3490,37183053509.0,Sherrill’s University of Cosmetology,12.713,15.891,25573.729,15.9 mi,1907,31.783,32 mins,1.25,30,ESTIMATED,,,35.749553,-78.804818,183
3491,37183053509.0,Raleigh Church of Christ,4.932,6.165,9921.296,6.2 mi,740,12.333,12 mins,1.25,30,ESTIMATED,,,35.749553,-78.804818,183
3492,37183053509.0,The Rock Church,13.037,16.296,26225.478,16.3 mi,1955,32.583,33 mins,1.25,30,ESTIMATED,,,35.749553,-78.804818,183
3493,37183053509.0,Regeneration Temple,12.964,16.205,26079.796,16.2 mi,1945,32.417,32 mins,1.25,30,ESTIMATED,,,35.749553,-78.804818,183
3494,37183053509.0,Redeeming Love Missionary Baptist Church,12.02,15.025,24180.592,15.0 mi,1803,30.05,30 mins,1.25,30,ESTIMATED,,,35.749553,-78.804818,183
3495,37183053509.0,Historic Oak View Park,13.136,16.42,26425.412,16.4 mi,1970,32.833,33 mins,1.25,30,ESTIMATED,,,35.749553,-78.804818,183
3496,37183053509.0,Poe Center for Health Ed.,12.558,15.698,25263.399,15.7 mi,1884,31.4,31 mins,1.25,30,ESTIMATED,,,35.749553,-78.804818,183
3497,37183053509.0,New Hope Baptist Church,14.417,18.021,29002.789,18.0 mi,2163,36.05,36 mins,1.25,30,ESTIMATED,,,35.749553,-78.804818,183
3498,37183053509.0,Wake County Public Health,12.417,15.521,24978.347,15.5 mi,1862,31.033,31 mins,1.25,30,ESTIMATED,,,35.749553,-78.804818,183
3499,37183053509.0,Peach Road Community Center,8.428,10.534,16953.457,10.5 mi,1264,21.067,21 mins,1.25,30,ESTIMATED,,,35.749553,-78.804818,183
3500,37183053509.0,Wake County Northern Regional Center,22.432,28.04,45126.416,28.0 mi,3365,56.083,56 mins,1.25,30,ESTIMATED,,,35.749553,-78.804818,183
3501,37183053509.0,Wendell Parks and Recreation,23.845,29.806,47968.639,29.8 mi,3577,59.617,1 hr,1.25,30,ESTIMATED,,,35.749553,-78.804818,183
3502,37183053509.0,Beech Bluff County Park,13.346,16.683,26848.647,16.7 mi,2002,33.367,33 mins,1.25,30,ESTIMATED,,,35.749553,-78.804818,183
3503,37183053509.0,Wakefield Missionary Baptist,28.014,35.017,56354.3,35.0 mi,4202,70.033,1 hr 10 mins,1.25,30,ESTIMATED,,,35.749553,-78.804818,183
3504,37183051900.0,Fuquay-Varina Growers Market,17.945,22.431,36099.15,22.4 mi,2692,44.867,45 mins,1.25,30,ESTIMATED,,,35.789924,-78.603205,183
3505,37183051900.0,Pine Acres Community Center,17.986,22.483,36182.115,22.5 mi,2698,44.967,45 mins,1.25,30,ESTIMATED,,,35.789924,-78.603205,183
3506,37183051900.0,Sherrill’s University of Cosmetology,1.102,1.377,2216.748,1.4 mi,165,2.75,3 mins,1.25,30,ESTIMATED,,,35.789924,-78.603205,183
3507,37183051900.0,Raleigh Church of Christ,6.781,8.476,13641.244,8.5 mi,1017,16.95,17 mins,1.25,30,ESTIMATED,,,35.789924,-78.603205,183
3508,37183051900.0,The Rock Church,2.178,2.723,4381.655,2.7 mi,327,5.45,5 mins,1.25,30,ESTIMATED,,,35.789924,-78.603205,183
3509,37183051900.0,Regeneration Temple,3.322,4.152,6681.889,4.2 mi,498,8.3,8 mins,1.25,30,ESTIMATED,,,35.789924,-78.603205,183
3510,37183051900.0,Redeeming Love Missionary Baptist Church,2.959,3.699,5952.286,3.7 mi,444,7.4,7 mins,1.25,30,ESTIMATED,,,35.789924,-78.603205,183
3511,37183051900.0,Historic Oak View Park,2.22,2.775,4466.484,2.8 mi,333,5.55,6 mins,1.25,30,ESTIMATED,,,35.789924,-78.603205,183
3512,37183051900.0,Poe Center for Health Ed.,1.315,1.644,2645.073,1.6 mi,197,3.283,3 mins,1.25,30,ESTIMATED,,,35.789924,-78.603205,183
3513,37183051900.0,New Hope Baptist Church,4.024,5.03,8094.696,5.0 mi,604,10.067,10 mins,1.25,30,ESTIMATED,,,35.789924,-78.603205,183
3514,37183051900.0,Wake County Public Health,1.162,1.453,2338.491,1.5 mi,174,2.9,3 mins,1.25,30,ESTIMATED,,,35.789924,-78.603205,183
3515,37183051900.0,Peach Road Community Center,4.365,5.456,8780.218,5.5 mi,655,10.917,11 mins,1.25,30,ESTIMATED,,,35.789924,-78.603205,183
3516,37183051900.0,Wake County Northern Regional Center,13.48,16.85,27116.991,16.8 mi,2022,33.7,34 mins,1.25,30,ESTIMATED,,,35.789924,-78.603205,183
3517,37183051900.0,Wendell Parks and Recreation,12.44,15.55,25026.062,15.6 mi,1866,31.1,31 mins,1.25,30,ESTIMATED,,,35.789924,-78.603205,183
3518,37183051900.0,Beech Bluff County Park,14.756,18.445,29683.769,18.4 mi,2213,36.883,37 mins,1.25,30,ESTIMATED,,,35.789924,-78.603205,183
3519,37183051900.0,Wakefield Missionary Baptist,16.375,20.468,32940.273,20.5 mi,2456,40.933,41 mins,1.25,30,ESTIMATED,,,35.789924,-78.603205,183
3520,37183053516.0,Fuquay-Varina Growers Market,13.124,16.404,26400.337,16.4 mi,1969,32.817,33 mins,1.25,30,ESTIMATED,,,35.770757,-78.749555,183
3521,37183053516.0,Pine Acres Community Center,13.185,16.481,26524.282,16.5 mi,1978,32.967,33 mins,1.25,30,ESTIMATED,,,35.770757,-78.749555,183
3522,37183053516.0,Sherrill’s University of Cosmetology,9.359,11.699,18826.986,11.7 mi,1404,23.4,23 mins,1.25,30,ESTIMATED,,,35.770757,-78.749555,183
3523,37183053516.0,Raleigh Church of Christ,1.531,1.914,3080.659,1.9 mi,230,3.833,4 mins,1.25,30,ESTIMATED,,,35.770757,-78.749555,183
3524,37183053516.0,The Rock Church,9.618,12.023,19349.339,12.0 mi,1443,24.05,24 mins,1.25,30,ESTIMATED,,,35.770757,-78.749555,183
3525,37183053516.0,Regeneration Temple,9.543,11.928,19196.615,11.9 mi,1431,23.85,24 mins,1.25,30,ESTIMATED,,,35.770757,-78.749555,183
3526,37183053516.0,Redeeming Love Missionary Baptist Church,9.053,11.316,18211.58,11.3 mi,1358,22.633,23 mins,1.25,30,ESTIMATED,,,35.770757,-78.749555,183
3527,37183053516.0,Historic Oak View Park,9.958,12.448,20033.218,12.4 mi,1494,24.9,25 mins,1.25,30,ESTIMATED,,,35.770757,-78.749555,183
3528,37183053516.0,Poe Center for Health Ed.,9.309,11.636,18726.532,11.6 mi,1396,23.267,23 mins,1.25,30,ESTIMATED,,,35.770757,-78.749555,183
3529,37183053516.0,New Hope Baptist Church,10.991,13.739,22111.196,13.7 mi,1649,27.483,27 mins,1.25,30,ESTIMATED,,,35.770757,-78.749555,183
3530,37183053516.0,Wake County Public Health,9.161,11.451,18428.043,11.5 mi,1374,22.9,23 mins,1.25,30,ESTIMATED,,,35.770757,-78.749555,183
3531,37183053516.0,Peach Road Community Center,5.659,7.074,11384.026,7.1 mi,849,14.15,14 mins,1.25,30,ESTIMATED,,,35.770757,-78.749555,183
3532,37183053516.0,Wake County Northern Regional Center,19.192,23.99,38608.623,24.0 mi,2879,47.983,48 mins,1.25,30,ESTIMATED,,,35.770757,-78.749555,183
3533,37183053516.0,Wendell Parks and Recreation,20.651,25.814,41543.349,25.8 mi,3098,51.633,52 mins,1.25,30,ESTIMATED,,,35.770757,-78.749555,183
3534,37183053516.0,Beech Bluff County Park,13.394,16.742,26943.785,16.7 mi,2009,33.483,33 mins,1.25,30,ESTIMATED,,,35.770757,-78.749555,183
3535,37183053516.0,Wakefield Missionary Baptist,24.676,30.845,49640.295,30.8 mi,3701,61.683,1 hr 2 mins,1.25,30,ESTIMATED,,,35.770757,-78.749555,183
3536,37183054206.0,Fuquay-Varina Growers Market,30.403,38.004,61161.497,38.0 mi,4560,76.0,1 hr 16 mins,1.25,30,ESTIMATED,,,35.966502,-78.529199,183
3537,37183054206.0,Pine Acres Community Center,30.452,38.065,61259.577,38.1 mi,4568,76.133,1 hr 16 mins,1.25,30,ESTIMATED,,,35.966502,-78.529199,183
3538,37183054206.0,Sherrill’s University of Cosmetology,12.105,15.132,24351.921,15.1 mi,1816,30.267,30 mins,1.25,30,ESTIMATED,,,35.966502,-78.529199,183
3539,37183054206.0,Raleigh Church of Christ,17.08,21.351,34360.325,21.4 mi,2562,42.7,43 mins,1.25,30,ESTIMATED,,,35.966502,-78.529199,183
3540,37183054206.0,The Rock Church,10.711,13.389,21546.84,13.4 mi,1607,26.783,27 mins,1.25,30,ESTIMATED,,,35.966502,-78.529199,183
3541,37183054206.0,Regeneration Temple,9.743,12.179,19600.413,12.2 mi,1461,24.35,24 mins,1.25,30,ESTIMATED,,,35.966502,-78.529199,183
3542,37183054206.0,Redeeming Love Missionary Baptist Church,15.457,19.322,31095.187,19.3 mi,2319,38.65,39 mins,1.25,30,ESTIMATED,,,35.966502,-78.529199,183
3543,37183054206.0,Historic Oak View Park,13.771,17.214,27703.31,17.2 mi,2066,34.433,34 mins,1.25,30,ESTIMATED,,,35.966502,-78.529199,183
3544,37183054206.0,Poe Center for Health Ed.,13.297,16.622,26749.871,16.6 mi,1995,33.25,33 mins,1.25,30,ESTIMATED,,,35.966502,-78.529199,183
3545,37183054206.0,New Hope Baptist Church,8.877,11.096,17857.819,11.1 mi,1332,22.2,22 mins,1.25,30,ESTIMATED,,,35.966502,-78.529199,183
3546,37183054206.0,Wake County Public Health,13.285,16.606,26725.527,16.6 mi,1993,33.217,33 mins,1.25,30,ESTIMATED,,,35.966502,-78.529199,183
3547,37183054206.0,Peach Road Community Center,16.993,21.242,34185.261,21.2 mi,2549,42.483,42 mins,1.25,30,ESTIMATED,,,35.966502,-78.529199,183
3548,37183054206.0,Wake County Northern Regional Center,1.057,1.321,2126.237,1.3 mi,159,2.65,3 mins,1.25,30,ESTIMATED,,,35.966502,-78.529199,183
3549,37183054206.0,Wendell Parks and Recreation,15.167,18.959,30511.026,19.0 mi,2275,37.917,38 mins,1.25,30,ESTIMATED,,,35.966502,-78.529199,183
3550,37183054206.0,Beech Bluff County Park,27.637,34.546,55596.069,34.5 mi,4145,69.083,1 hr 9 mins,1.25,30,ESTIMATED,,,35.966502,-78.529199,183
3551,37183054206.0,Wakefield Missionary Baptist,14.734,18.417,29639.405,18.4 mi,2210,36.833,37 mins,1.25,30,ESTIMATED,,,35.966502,-78.529199,183
3552,37183054304.0,Fuquay-Varina Growers Market,32.891,41.114,66166.901,41.1 mi,4934,82.233,1 hr 22 mins,1.25,30,ESTIMATED,,,35.863752,-78.324541,183
3553,37183054304.0,Pine Acres Community Center,32.915,41.144,66214.895,41.1 mi,4937,82.283,1 hr 22 mins,1.25,30,ESTIMATED,,,35.863752,-78.324541,183
3554,37183054304.0,Sherrill’s University of Cosmetology,15.339,19.173,30856.363,19.2 mi,2301,38.35,38 mins,1.25,30,ESTIMATED,,,35.863752,-78.324541,183
3555,37183054304.0,Raleigh Church of Christ,23.135,28.918,46539.288,28.9 mi,3470,57.833,58 mins,1.25,30,ESTIMATED,,,35.863752,-78.324541,183
3556,37183054304.0,The Rock Church,15.109,18.887,30394.955,18.9 mi,2266,37.767,38 mins,1.25,30,ESTIMATED,,,35.863752,-78.324541,183
3557,37183054304.0,Regeneration Temple,15.573,19.466,31326.994,19.5 mi,2336,38.933,39 mins,1.25,30,ESTIMATED,,,35.863752,-78.324541,183
3558,37183054304.0,Redeeming Love Missionary Baptist Church,16.9,21.125,33996.87,21.1 mi,2535,42.25,42 mins,1.25,30,ESTIMATED,,,35.863752,-78.324541,183
3559,37183054304.0,Historic Oak View Park,15.292,19.116,30763.47,19.1 mi,2294,38.233,38 mins,1.25,30,ESTIMATED,,,35.863752,-78.324541,183
3560,37183054304.0,Poe Center for Health Ed.,15.656,19.571,31495.694,19.6 mi,2348,39.133,39 mins,1.25,30,ESTIMATED,,,35.863752,-78.324541,183
3561,37183054304.0,New Hope Baptist Church,14.102,17.628,28369.599,17.6 mi,2115,35.25,35 mins,1.25,30,ESTIMATED,,,35.863752,-78.324541,183
3562,37183054304.0,Wake County Public Health,15.779,19.724,31742.631,19.7 mi,2367,39.45,39 mins,1.25,30,ESTIMATED,,,35.863752,-78.324541,183
3563,37183054304.0,Peach Road Community Center,20.311,25.388,40858.336,25.4 mi,3047,50.783,51 mins,1.25,30,ESTIMATED,,,35.863752,-78.324541,183
3564,37183054304.0,Wake County Northern Regional Center,12.753,15.941,25654.794,15.9 mi,1913,31.883,32 mins,1.25,30,ESTIMATED,,,35.863752,-78.324541,183
3565,37183054304.0,Wendell Parks and Recreation,6.455,8.068,12984.855,8.1 mi,968,16.133,16 mins,1.25,30,ESTIMATED,,,35.863752,-78.324541,183
3566,37183054304.0,Beech Bluff County Park,27.669,34.586,55661.552,34.6 mi,4150,69.167,1 hr 9 mins,1.25,30,ESTIMATED,,,35.863752,-78.324541,183
3567,37183054304.0,Wakefield Missionary Baptist,1.704,2.13,3428.395,2.1 mi,256,4.267,4 mins,1.25,30,ESTIMATED,,,35.863752,-78.324541,183
3568,37183053427.0,Fuquay-Varina Growers Market,12.151,15.189,24444.922,15.2 mi,1823,30.383,30 mins,1.25,30,ESTIMATED,,,35.736119,-78.911548,183
3569,37183053427.0,Pine Acres Community Center,12.219,15.274,24581.295,15.3 mi,1833,30.55,31 mins,1.25,30,ESTIMATED,,,35.736119,-78.911548,183
3570,37183053427.0,Sherrill’s University of Cosmetology,18.744,23.43,37707.468,23.4 mi,2812,46.867,47 mins,1.25,30,ESTIMATED,,,35.736119,-78.911548,183
3571,37183053427.0,Raleigh Church of Christ,10.924,13.654,21974.681,13.7 mi,1639,27.317,27 mins,1.25,30,ESTIMATED,,,35.736119,-78.911548,183
3572,37183053427.0,The Rock Church,18.988,23.736,38198.705,23.7 mi,2848,47.467,47 mins,1.25,30,ESTIMATED,,,35.736119,-78.911548,183
3573,37183053427.0,Regeneration Temple,18.786,23.482,37790.629,23.5 mi,2818,46.967,47 mins,1.25,30,ESTIMATED,,,35.736119,-78.911548,183
3574,37183053427.0,Redeeming Love Missionary Baptist Church,18.026,22.533,36262.757,22.5 mi,2704,45.067,45 mins,1.25,30,ESTIMATED,,,35.736119,-78.911548,183
3575,37183053427.0,Historic Oak View Park,19.189,23.986,38602.183,24.0 mi,2878,47.967,48 mins,1.25,30,ESTIMATED,,,35.736119,-78.911548,183
3576,37183053427.0,Poe Center for Health Ed.,18.615,23.269,37447.392,23.3 mi,2792,46.533,47 mins,1.25,30,ESTIMATED,,,35.736119,-78.911548,183
3577,37183053427.0,New Hope Baptist Church,20.263,25.329,40762.912,25.3 mi,3039,50.65,51 mins,1.25,30,ESTIMATED,,,35.736119,-78.911548,183
3578,37183053427.0,Wake County Public Health,18.473,23.091,37161.635,23.1 mi,2771,46.183,46 mins,1.25,30,ESTIMATED,,,35.736119,-78.911548,183
3579,37183053427.0,Peach Road Community Center,14.407,18.009,28982.508,18.0 mi,2161,36.017,36 mins,1.25,30,ESTIMATED,,,35.736119,-78.911548,183
3580,37183053427.0,Wake County Northern Regional Center,27.657,34.572,55637.994,34.6 mi,4149,69.15,1 hr 9 mins,1.25,30,ESTIMATED,,,35.736119,-78.911548,183
3581,37183053427.0,Wendell Parks and Recreation,29.895,37.368,60138.239,37.4 mi,4484,74.733,1 hr 15 mins,1.25,30,ESTIMATED,,,35.736119,-78.911548,183
3582,37183053427.0,Beech Bluff County Park,16.682,20.853,33558.873,20.9 mi,2502,41.7,42 mins,1.25,30,ESTIMATED,,,35.736119,-78.911548,183
3583,37183053427.0,Wakefield Missionary Baptist,34.057,42.571,68511.773,42.6 mi,5109,85.15,1 hr 25 mins,1.25,30,ESTIMATED,,,35.736119,-78.911548,183
3584,37183053512.0,Fuquay-Varina Growers Market,16.543,20.679,33279.397,20.7 mi,2481,41.35,41 mins,1.25,30,ESTIMATED,,,35.824503,-78.786753,183
3585,37183053512.0,Pine Acres Community Center,16.61,20.762,33413.031,20.8 mi,2491,41.517,42 mins,1.25,30,ESTIMATED,,,35.824503,-78.786753,183
3586,37183053512.0,Sherrill’s University of Cosmetology,11.411,14.264,22955.992,14.3 mi,1712,28.533,29 mins,1.25,30,ESTIMATED,,,35.824503,-78.786753,183
3587,37183053512.0,Raleigh Church of Christ,4.927,6.159,9912.415,6.2 mi,739,12.317,12 mins,1.25,30,ESTIMATED,,,35.824503,-78.786753,183
3588,37183053512.0,The Rock Church,11.106,13.882,22341.237,13.9 mi,1666,27.767,28 mins,1.25,30,ESTIMATED,,,35.824503,-78.786753,183
3589,37183053512.0,Regeneration Temple,10.459,13.074,21040.403,13.1 mi,1569,26.15,26 mins,1.25,30,ESTIMATED,,,35.824503,-78.786753,183
3590,37183053512.0,Redeeming Love Missionary Baptist Church,12.195,15.243,24531.737,15.2 mi,1829,30.483,30 mins,1.25,30,ESTIMATED,,,35.824503,-78.786753,183
3591,37183053512.0,Historic Oak View Park,12.61,15.763,25367.968,15.8 mi,1892,31.533,32 mins,1.25,30,ESTIMATED,,,35.824503,-78.786753,183
3592,37183053512.0,Poe Center for Health Ed.,11.795,14.743,23727.21,14.7 mi,1769,29.483,29 mins,1.25,30,ESTIMATED,,,35.824503,-78.786753,183
3593,37183053512.0,New Hope Baptist Church,11.927,14.909,23993.345,14.9 mi,1789,29.817,30 mins,1.25,30,ESTIMATED,,,35.824503,-78.786753,183
3594,37183053512.0,Wake County Public Health,11.635,14.544,23406.273,14.5 mi,1745,29.083,29 mins,1.25,30,ESTIMATED,,,35.824503,-78.786753,183
3595,37183053512.0,Peach Road Community Center,9.314,11.642,18735.804,11.6 mi,1397,23.283,23 mins,1.25,30,ESTIMATED,,,35.824503,-78.786753,183
3596,37183053512.0,Wake County Northern Regional Center,18.431,23.039,37076.914,23.0 mi,2765,46.083,46 mins,1.25,30,ESTIMATED,,,35.824503,-78.786753,183
3597,37183053512.0,Wendell Parks and Recreation,22.897,28.621,46061.567,28.6 mi,3435,57.25,57 mins,1.25,30,ESTIMATED,,,35.824503,-78.786753,183
3598,37183053512.0,Beech Bluff County Park,17.58,21.975,35364.708,22.0 mi,2637,43.95,44 mins,1.25,30,ESTIMATED,,,35.824503,-78.786753,183
3599,37183053512.0,Wakefield Missionary Baptist,26.308,32.885,52922.746,32.9 mi,3946,65.767,1 hr 6 mins,1.25,30,ESTIMATED,,,35.824503,-78.786753,183
3600,37183051400.0,Fuquay-Varina Growers Market,16.194,20.242,32576.159,20.2 mi,2429,40.483,40 mins,1.25,30,ESTIMATED,,,35.795545,-78.67259,183
3601,37183051400.0,Pine Acres Community Center,16.245,20.307,32680.625,20.3 mi,2437,40.617,41 mins,1.25,30,ESTIMATED,,,35.795545,-78.67259,183
3602,37183051400.0,Sherrill’s University of Cosmetology,4.863,6.078,9782.355,6.1 mi,729,12.15,12 mins,1.25,30,ESTIMATED,,,35.795545,-78.67259,183
3603,37183051400.0,Raleigh Church of Christ,3.14,3.925,6316.869,3.9 mi,471,7.85,8 mins,1.25,30,ESTIMATED,,,35.795545,-78.67259,183
3604,37183051400.0,The Rock Church,4.979,6.224,10016.659,6.2 mi,747,12.45,12 mins,1.25,30,ESTIMATED,,,35.795545,-78.67259,183
3605,37183051400.0,Regeneration Temple,4.977,6.222,10012.989,6.2 mi,747,12.45,12 mins,1.25,30,ESTIMATED,,,35.795545,-78.67259,183
3606,37183051400.0,Redeeming Love Missionary Baptist Church,5.641,7.051,11347.883,7.1 mi,846,14.1,14 mins,1.25,30,ESTIMATED,,,35.795545,-78.67259,183
3607,37183051400.0,Historic Oak View Park,5.908,7.385,11884.921,7.4 mi,886,14.767,15 mins,1.25,30,ESTIMATED,,,35.795545,-78.67259,183
3608,37183051400.0,Poe Center for Health Ed.,5.102,6.377,10263.271,6.4 mi,765,12.75,13 mins,1.25,30,ESTIMATED,,,35.795545,-78.67259,183
3609,37183051400.0,New Hope Baptist Church,6.388,7.985,12850.774,8.0 mi,958,15.967,16 mins,1.25,30,ESTIMATED,,,35.795545,-78.67259,183
3610,37183051400.0,Wake County Public Health,4.943,6.179,9943.362,6.2 mi,741,12.35,12 mins,1.25,30,ESTIMATED,,,35.795545,-78.67259,183
3611,37183051400.0,Peach Road Community Center,3.792,4.74,7627.868,4.7 mi,569,9.483,9 mins,1.25,30,ESTIMATED,,,35.795545,-78.67259,183
3612,37183051400.0,Wake County Northern Regional Center,15.081,18.852,30338.75,18.9 mi,2262,37.7,38 mins,1.25,30,ESTIMATED,,,35.795545,-78.67259,183
3613,37183051400.0,Wendell Parks and Recreation,16.343,20.429,32876.942,20.4 mi,2451,40.85,41 mins,1.25,30,ESTIMATED,,,35.795545,-78.67259,183
3614,37183051400.0,Beech Bluff County Park,14.518,18.147,29204.776,18.1 mi,2178,36.3,36 mins,1.25,30,ESTIMATED,,,35.795545,-78.67259,183
3615,37183051400.0,Wakefield Missionary Baptist,20.128,25.161,40491.91,25.2 mi,3019,50.317,50 mins,1.25,30,ESTIMATED,,,35.795545,-78.67259,183
3616,37183053411.0,Fuquay-Varina Growers Market,15.242,19.053,30662.998,19.1 mi,2286,38.1,38 mins,1.25,30,ESTIMATED,,,35.787231,-78.909588,183
3617,37183053411.0,Pine Acres Community Center,15.312,19.14,30802.805,19.1 mi,2297,38.283,38 mins,1.25,30,ESTIMATED,,,35.787231,-78.909588,183
3618,37183053411.0,Sherrill’s University of Cosmetology,18.157,22.697,36526.891,22.7 mi,2724,45.4,45 mins,1.25,30,ESTIMATED,,,35.787231,-78.909588,183
3619,37183053411.0,Raleigh Church of Christ,10.497,13.122,21117.235,13.1 mi,1575,26.25,26 mins,1.25,30,ESTIMATED,,,35.787231,-78.909588,183
3620,37183053411.0,The Rock Church,18.12,22.65,36452.008,22.7 mi,2718,45.3,45 mins,1.25,30,ESTIMATED,,,35.787231,-78.909588,183
3621,37183053411.0,Regeneration Temple,17.654,22.068,35514.3,22.1 mi,2648,44.133,44 mins,1.25,30,ESTIMATED,,,35.787231,-78.909588,183
3622,37183053411.0,Redeeming Love Missionary Baptist Church,18.091,22.614,36393.255,22.6 mi,2714,45.233,45 mins,1.25,30,ESTIMATED,,,35.787231,-78.909588,183
3623,37183053411.0,Historic Oak View Park,18.964,23.705,38150.155,23.7 mi,2845,47.417,47 mins,1.25,30,ESTIMATED,,,35.787231,-78.909588,183
3624,37183053411.0,Poe Center for Health Ed.,18.268,22.835,36749.432,22.8 mi,2740,45.667,46 mins,1.25,30,ESTIMATED,,,35.787231,-78.909588,183
3625,37183053411.0,New Hope Baptist Church,19.139,23.924,38501.149,23.9 mi,2871,47.85,48 mins,1.25,30,ESTIMATED,,,35.787231,-78.909588,183
3626,37183053411.0,Wake County Public Health,18.115,22.643,36440.942,22.6 mi,2717,45.283,45 mins,1.25,30,ESTIMATED,,,35.787231,-78.909588,183
3627,37183053411.0,Peach Road Community Center,14.615,18.268,29399.964,18.3 mi,2192,36.533,37 mins,1.25,30,ESTIMATED,,,35.787231,-78.909588,183
3628,37183053411.0,Wake County Northern Regional Center,25.651,32.064,51602.369,32.1 mi,3848,64.133,1 hr 4 mins,1.25,30,ESTIMATED,,,35.787231,-78.909588,183
3629,37183053411.0,Wendell Parks and Recreation,29.605,37.006,59554.851,37.0 mi,4441,74.017,1 hr 14 mins,1.25,30,ESTIMATED,,,35.787231,-78.909588,183
3630,37183053411.0,Beech Bluff County Park,19.008,23.76,38237.802,23.8 mi,2851,47.517,48 mins,1.25,30,ESTIMATED,,,35.787231,-78.909588,183
3631,37183053411.0,Wakefield Missionary Baptist,33.373,41.716,67135.967,41.7 mi,5006,83.433,1 hr 23 mins,1.25,30,ESTIMATED,,,35.787231,-78.909588,183
3632,37183980200.0,Fuquay-Varina Growers Market,18.846,23.558,37912.28,23.6 mi,2827,47.117,47 mins,1.25,30,ESTIMATED,,,35.8552,-78.75145,183
3633,37183980200.0,Pine Acres Community Center,18.91,23.637,38040.755,23.6 mi,2836,47.267,47 mins,1.25,30,ESTIMATED,,,35.8552,-78.75145,183
3634,37183980200.0,Sherrill’s University of Cosmetology,10.1,12.624,20317.044,12.6 mi,1515,25.25,25 mins,1.25,30,ESTIMATED,,,35.8552,-78.75145,183
3635,37183980200.0,Raleigh Church of Christ,5.735,7.169,11536.66,7.2 mi,860,14.333,14 mins,1.25,30,ESTIMATED,,,35.8552,-78.75145,183
3636,37183980200.0,The Rock Church,9.454,11.818,19018.593,11.8 mi,1418,23.633,24 mins,1.25,30,ESTIMATED,,,35.8552,-78.75145,183
3637,37183980200.0,Regeneration Temple,8.522,10.653,17143.96,10.7 mi,1278,21.3,21 mins,1.25,30,ESTIMATED,,,35.8552,-78.75145,183
3638,37183980200.0,Redeeming Love Missionary Baptist Church,11.656,14.57,23448.721,14.6 mi,1748,29.133,29 mins,1.25,30,ESTIMATED,,,35.8552,-78.75145,183
3639,37183980200.0,Historic Oak View Park,11.648,14.559,23431.166,14.6 mi,1747,29.117,29 mins,1.25,30,ESTIMATED,,,35.8552,-78.75145,183
3640,37183980200.0,Poe Center for Health Ed.,10.76,13.45,21645.438,13.4 mi,1614,26.9,27 mins,1.25,30,ESTIMATED,,,35.8552,-78.75145,183
3641,37183980200.0,New Hope Baptist Church,9.908,12.385,19931.422,12.4 mi,1486,24.767,25 mins,1.25,30,ESTIMATED,,,35.8552,-78.75145,183
3642,37183980200.0,Wake County Public Health,10.603,13.254,21330.492,13.3 mi,1590,26.5,26 mins,1.25,30,ESTIMATED,,,35.8552,-78.75145,183
3643,37183980200.0,Peach Road Community Center,9.48,11.85,19071.016,11.9 mi,1422,23.7,24 mins,1.25,30,ESTIMATED,,,35.8552,-78.75145,183
3644,37183980200.0,Wake County Northern Regional Center,15.631,19.539,31444.465,19.5 mi,2345,39.083,39 mins,1.25,30,ESTIMATED,,,35.8552,-78.75145,183
3645,37183980200.0,Wendell Parks and Recreation,21.33,26.662,42908.917,26.7 mi,3199,53.317,53 mins,1.25,30,ESTIMATED,,,35.8552,-78.75145,183
3646,37183980200.0,Beech Bluff County Park,19.069,23.836,38360.717,23.8 mi,2860,47.667,48 mins,1.25,30,ESTIMATED,,,35.8552,-78.75145,183
3647,37183980200.0,Wakefield Missionary Baptist,24.328,30.41,48939.693,30.4 mi,3649,60.817,1 hr 1 mins,1.25,30,ESTIMATED,,,35.8552,-78.75145,183
3648,37183054022.0,Fuquay-Varina Growers Market,24.401,30.501,49086.213,30.5 mi,3660,61.0,1 hr 1 mins,1.25,30,ESTIMATED,,,35.877601,-78.555982,183
3649,37183054022.0,Pine Acres Community Center,24.446,30.557,49176.674,30.6 mi,3667,61.117,1 hr 1 mins,1.25,30,ESTIMATED,,,35.877601,-78.555982,183
3650,37183054022.0,Sherrill’s University of Cosmetology,5.787,7.234,11641.747,7.2 mi,868,14.467,14 mins,1.25,30,ESTIMATED,,,35.877601,-78.555982,183
3651,37183054022.0,Raleigh Church of Christ,11.712,14.64,23560.92,14.6 mi,1757,29.283,29 mins,1.25,30,ESTIMATED,,,35.877601,-78.555982,183
3652,37183054022.0,The Rock Church,4.433,5.542,8918.455,5.5 mi,665,11.083,11 mins,1.25,30,ESTIMATED,,,35.877601,-78.555982,183
3653,37183054022.0,Regeneration Temple,3.714,4.643,7471.91,4.6 mi,557,9.283,9 mins,1.25,30,ESTIMATED,,,35.877601,-78.555982,183
3654,37183054022.0,Redeeming Love Missionary Baptist Church,9.136,11.42,18378.581,11.4 mi,1370,22.833,23 mins,1.25,30,ESTIMATED,,,35.877601,-78.555982,183
3655,37183054022.0,Historic Oak View Park,7.473,9.341,15033.228,9.3 mi,1121,18.683,19 mins,1.25,30,ESTIMATED,,,35.877601,-78.555982,183
3656,37183054022.0,Poe Center for Health Ed.,6.975,8.719,14031.357,8.7 mi,1046,17.433,17 mins,1.25,30,ESTIMATED,,,35.877601,-78.555982,183
3657,37183054022.0,New Hope Baptist Church,2.587,3.234,5204.017,3.2 mi,388,6.467,6 mins,1.25,30,ESTIMATED,,,35.877601,-78.555982,183
3658,37183054022.0,Wake County Public Health,6.963,8.703,14006.692,8.7 mi,1044,17.4,17 mins,1.25,30,ESTIMATED,,,35.877601,-78.555982,183
3659,37183054022.0,Peach Road Community Center,10.846,13.558,21819.65,13.6 mi,1627,27.117,27 mins,1.25,30,ESTIMATED,,,35.877601,-78.555982,183
3660,37183054022.0,Wake County Northern Regional Center,6.872,8.59,13823.6,8.6 mi,1031,17.183,17 mins,1.25,30,ESTIMATED,,,35.877601,-78.555982,183
3661,37183054022.0,Wendell Parks and Recreation,11.78,14.725,23697.141,14.7 mi,1767,29.45,29 mins,1.25,30,ESTIMATED,,,35.877601,-78.555982,183
3662,37183054022.0,Beech Bluff County Park,21.334,26.668,42918.112,26.7 mi,3200,53.333,53 mins,1.25,30,ESTIMATED,,,35.877601,-78.555982,183
3663,37183054022.0,Wakefield Missionary Baptist,13.609,17.011,27376.407,17.0 mi,2041,34.017,34 mins,1.25,30,ESTIMATED,,,35.877601,-78.555982,183
3664,37183053210.0,Fuquay-Varina Growers Market,6.465,8.081,13005.383,8.1 mi,970,16.167,16 mins,1.25,30,ESTIMATED,,,35.675373,-78.768905,183
3665,37183053210.0,Pine Acres Community Center,6.525,8.156,13125.414,8.2 mi,979,16.317,16 mins,1.25,30,ESTIMATED,,,35.675373,-78.768905,183
3666,37183053210.0,Sherrill’s University of Cosmetology,13.286,16.607,26726.553,16.6 mi,1993,33.217,33 mins,1.25,30,ESTIMATED,,,35.675373,-78.768905,183
3667,37183053210.0,Raleigh Church of Christ,7.384,9.23,14854.864,9.2 mi,1108,18.467,18 mins,1.25,30,ESTIMATED,,,35.675373,-78.768905,183
3668,37183053210.0,The Rock Church,14.173,17.716,28511.796,17.7 mi,2126,35.433,35 mins,1.25,30,ESTIMATED,,,35.675373,-78.768905,183
3669,37183053210.0,Regeneration Temple,14.665,18.331,29500.802,18.3 mi,2200,36.667,37 mins,1.25,30,ESTIMATED,,,35.675373,-78.768905,183
3670,37183053210.0,Redeeming Love Missionary Baptist Church,11.209,14.012,22549.523,14.0 mi,1681,28.017,28 mins,1.25,30,ESTIMATED,,,35.675373,-78.768905,183
3671,37183053210.0,Historic Oak View Park,12.847,16.059,25843.717,16.1 mi,1927,32.117,32 mins,1.25,30,ESTIMATED,,,35.675373,-78.768905,183
3672,37183053210.0,Poe Center for Health Ed.,12.619,15.774,25385.866,15.8 mi,1893,31.55,32 mins,1.25,30,ESTIMATED,,,35.675373,-78.768905,183
3673,37183053210.0,New Hope Baptist Church,15.907,19.884,31999.497,19.9 mi,2386,39.767,40 mins,1.25,30,ESTIMATED,,,35.675373,-78.768905,183
3674,37183053210.0,Wake County Public Health,12.523,15.653,25191.866,15.7 mi,1878,31.3,31 mins,1.25,30,ESTIMATED,,,35.675373,-78.768905,183
3675,37183053210.0,Peach Road Community Center,7.91,9.888,15913.21,9.9 mi,1187,19.783,20 mins,1.25,30,ESTIMATED,,,35.675373,-78.768905,183
3676,37183053210.0,Wake County Northern Regional Center,24.974,31.217,50239.453,31.2 mi,3746,62.433,1 hr 2 mins,1.25,30,ESTIMATED,,,35.675373,-78.768905,183
3677,37183053210.0,Wendell Parks and Recreation,22.959,28.699,46186.21,28.7 mi,3444,57.4,57 mins,1.25,30,ESTIMATED,,,35.675373,-78.768905,183
3678,37183053210.0,Beech Bluff County Park,7.993,9.991,16078.808,10.0 mi,1199,19.983,20 mins,1.25,30,ESTIMATED,,,35.675373,-78.768905,183
3679,37183053210.0,Wakefield Missionary Baptist,27.742,34.678,55808.312,34.7 mi,4161,69.35,1 hr 9 mins,1.25,30,ESTIMATED,,,35.675373,-78.768905,183
